{"type": "FeatureCollection", "name": "willamette_falls_service_route", "crs": {"type": "name", "properties": {"name": "urn:ogc:def:crs:EPSG::2913"}}, "features": [{"type": "Feature", "properties": {"name": "Willamette Falls Railway: main route, Tualatin River end to Walling", "segments": "earlier survey (Tualatin series) reversed, then West Linn arc, then Branch (Walling series, control-point adjusted)", "length_ft": 42042.3, "direction_of_digitizing": "south-west to north-east (Tualatin River end to Walling)", "note": "passenger service ran Tualatin River to Magones; Magones to Walling was freight and log cars"}, "geometry": {"type": "LineString", "coordinates": [[7642299.06, 621481.55], [7642301.26, 621477.06], [7642303.46, 621472.64], [7642305.73, 621468.25], [7642308.06, 621463.9], [7642310.45, 621459.58], [7642312.91, 621455.3], [7642315.43, 621451.06], [7642318.02, 621446.85], [7642320.66, 621442.68], [7642323.37, 621438.55], [7642326.13, 621434.46], [7642328.96, 621430.41], [7642331.84, 621426.41], [7642334.78, 621422.44], [7642337.78, 621418.52], [7642340.84, 621414.64], [7642343.95, 621410.81], [7642347.12, 621407.03], [7642350.35, 621403.29], [7642353.63, 621399.6], [7642356.96, 621395.95], [7642360.35, 621392.36], [7642363.78, 621388.82], [7642367.27, 621385.32], [7642370.81, 621381.88], [7642374.4, 621378.5], [7642378.04, 621375.16], [7642381.73, 621371.88], [7642385.47, 621368.65], [7642389.25, 621365.48], [7642393.08, 621362.36], [7642396.95, 621359.3], [7642400.87, 621356.3], [7642404.83, 621353.35], [7642407.01, 621351.76], [7642411.04, 621348.8], [7642415.08, 621345.85], [7642419.11, 621342.9], [7642423.15, 621339.94], [7642427.18, 621336.99], [7642431.21, 621334.03], [7642435.25, 621331.08], [7642439.28, 621328.13], [7642443.32, 621325.17], [7642447.35, 621322.22], [7642451.38, 621319.27], [7642455.42, 621316.31], [7642459.45, 621313.36], [7642463.48, 621310.41], [7642467.52, 621307.45], [7642471.55, 621304.5], [7642475.59, 621301.55], [7642479.62, 621298.59], [7642483.65, 621295.64], [7642487.69, 621292.69], [7642491.72, 621289.73], [7642495.75, 621286.78], [7642499.79, 621283.83], [7642503.82, 621280.87], [7642507.86, 621277.92], [7642511.89, 621274.97], [7642515.92, 621272.01], [7642519.96, 621269.06], [7642523.99, 621266.11], [7642528.03, 621263.15], [7642532.06, 621260.2], [7642536.09, 621257.24], [7642540.13, 621254.29], [7642544.16, 621251.34], [7642548.19, 621248.38], [7642552.23, 621245.43], [7642556.26, 621242.48], [7642560.3, 621239.52], [7642564.33, 621236.57], [7642568.36, 621233.62], [7642572.4, 621230.66], [7642576.43, 621227.71], [7642580.47, 621224.76], [7642584.5, 621221.8], [7642588.53, 621218.85], [7642592.57, 621215.9], [7642596.6, 621212.94], [7642600.68, 621209.94], [7642604.74, 621206.92], [7642608.79, 621203.88], [7642612.82, 621200.82], [7642616.84, 621197.74], [7642620.84, 621194.65], [7642624.83, 621191.53], [7642628.8, 621188.39], [7642632.76, 621185.24], [7642636.7, 621182.06], [7642640.63, 621178.86], [7642644.54, 621175.65], [7642648.43, 621172.42], [7642652.31, 621169.17], [7642656.18, 621165.9], [7642660.02, 621162.61], [7642663.85, 621159.3], [7642667.67, 621155.97], [7642671.47, 621152.63], [7642675.25, 621149.26], [7642679.02, 621145.88], [7642682.77, 621142.48], [7642686.5, 621139.07], [7642690.22, 621135.63], [7642693.92, 621132.17], [7642697.6, 621128.7], [7642701.27, 621125.21], [7642704.92, 621121.7], [7642708.55, 621118.18], [7642712.17, 621114.64], [7642715.76, 621111.08], [7642719.34, 621107.5], [7642722.91, 621103.9], [7642726.45, 621100.29], [7642729.4, 621097.28], [7642732.89, 621093.7], [7642736.38, 621090.12], [7642739.88, 621086.55], [7642743.37, 621082.97], [7642746.86, 621079.39], [7642750.35, 621075.82], [7642753.85, 621072.24], [7642757.34, 621068.66], [7642760.83, 621065.09], [7642764.33, 621061.51], [7642767.82, 621057.93], [7642771.31, 621054.36], [7642774.81, 621050.78], [7642778.3, 621047.2], [7642781.79, 621043.63], [7642785.29, 621040.05], [7642788.78, 621036.47], [7642792.27, 621032.9], [7642795.77, 621029.32], [7642799.26, 621025.74], [7642802.75, 621022.17], [7642806.25, 621018.59], [7642809.74, 621015.01], [7642813.23, 621011.44], [7642816.73, 621007.86], [7642820.22, 621004.28], [7642823.71, 621000.71], [7642827.2, 620997.13], [7642830.7, 620993.55], [7642834.19, 620989.98], [7642837.68, 620986.4], [7642841.18, 620982.82], [7642844.67, 620979.25], [7642848.16, 620975.67], [7642851.66, 620972.09], [7642855.15, 620968.52], [7642858.64, 620964.94], [7642862.14, 620961.36], [7642865.63, 620957.79], [7642869.12, 620954.21], [7642872.62, 620950.63], [7642876.11, 620947.06], [7642879.6, 620943.48], [7642883.1, 620939.9], [7642886.59, 620936.33], [7642890.08, 620932.75], [7642893.58, 620929.17], [7642897.07, 620925.6], [7642900.56, 620922.02], [7642904.06, 620918.44], [7642907.55, 620914.87], [7642911.04, 620911.29], [7642914.53, 620907.71], [7642918.03, 620904.14], [7642921.52, 620900.56], [7642925.01, 620896.98], [7642928.51, 620893.41], [7642932.0, 620889.83], [7642935.49, 620886.25], [7642938.99, 620882.68], [7642942.48, 620879.1], [7642945.97, 620875.52], [7642949.47, 620871.95], [7642952.96, 620868.37], [7642956.45, 620864.79], [7642959.95, 620861.22], [7642963.44, 620857.64], [7642966.93, 620854.06], [7642970.43, 620850.49], [7642973.92, 620846.91], [7642977.41, 620843.33], [7642980.91, 620839.76], [7642984.4, 620836.18], [7642987.89, 620832.6], [7642991.39, 620829.03], [7642994.88, 620825.45], [7642998.37, 620821.87], [7643001.86, 620818.3], [7643005.36, 620814.72], [7643008.85, 620811.14], [7643012.34, 620807.57], [7643015.84, 620803.99], [7643019.33, 620800.41], [7643022.82, 620796.84], [7643026.32, 620793.26], [7643029.81, 620789.68], [7643033.3, 620786.11], [7643036.8, 620782.53], [7643040.29, 620778.96], [7643043.78, 620775.38], [7643047.28, 620771.8], [7643050.77, 620768.23], [7643054.26, 620764.65], [7643057.76, 620761.07], [7643061.25, 620757.5], [7643064.74, 620753.92], [7643068.24, 620750.34], [7643071.73, 620746.77], [7643075.22, 620743.19], [7643078.72, 620739.61], [7643082.21, 620736.04], [7643085.7, 620732.46], [7643089.2, 620728.88], [7643092.69, 620725.31], [7643096.18, 620721.73], [7643099.68, 620718.15], [7643103.17, 620714.58], [7643106.66, 620711.0], [7643110.16, 620707.42], [7643113.65, 620703.85], [7643117.14, 620700.27], [7643120.63, 620696.69], [7643124.13, 620693.12], [7643127.62, 620689.54], [7643131.11, 620685.96], [7643134.61, 620682.39], [7643138.1, 620678.81], [7643141.59, 620675.23], [7643145.09, 620671.66], [7643148.58, 620668.08], [7643152.07, 620664.5], [7643155.57, 620660.93], [7643159.06, 620657.35], [7643162.55, 620653.77], [7643166.05, 620650.2], [7643169.54, 620646.62], [7643173.03, 620643.04], [7643176.53, 620639.47], [7643180.02, 620635.89], [7643183.51, 620632.31], [7643187.01, 620628.74], [7643190.5, 620625.16], [7643193.99, 620621.59], [7643197.49, 620618.01], [7643200.98, 620614.43], [7643204.47, 620610.86], [7643207.97, 620607.28], [7643211.46, 620603.7], [7643214.95, 620600.13], [7643218.45, 620596.55], [7643221.94, 620592.97], [7643225.43, 620589.4], [7643228.93, 620585.82], [7643232.42, 620582.24], [7643235.91, 620578.67], [7643239.41, 620575.09], [7643242.9, 620571.51], [7643246.39, 620567.94], [7643249.88, 620564.36], [7643253.38, 620560.78], [7643256.87, 620557.21], [7643260.36, 620553.63], [7643263.86, 620550.05], [7643267.35, 620546.48], [7643270.84, 620542.9], [7643274.34, 620539.32], [7643277.83, 620535.75], [7643281.32, 620532.17], [7643284.82, 620528.59], [7643288.31, 620525.02], [7643291.8, 620521.44], [7643295.3, 620517.86], [7643298.79, 620514.29], [7643302.28, 620510.71], [7643305.78, 620507.13], [7643309.27, 620503.56], [7643312.76, 620499.98], [7643316.26, 620496.41], [7643319.75, 620492.83], [7643323.24, 620489.25], [7643326.74, 620485.68], [7643330.23, 620482.1], [7643333.72, 620478.52], [7643337.22, 620474.95], [7643340.71, 620471.37], [7643344.2, 620467.79], [7643347.7, 620464.22], [7643351.19, 620460.64], [7643354.68, 620457.06], [7643358.18, 620453.49], [7643361.67, 620449.91], [7643365.16, 620446.33], [7643368.66, 620442.76], [7643372.15, 620439.18], [7643375.68, 620435.56], [7643379.19, 620431.93], [7643382.7, 620428.29], [7643386.2, 620424.65], [7643389.68, 620420.99], [7643393.16, 620417.32], [7643396.63, 620413.65], [7643400.09, 620409.96], [7643403.54, 620406.27], [7643406.98, 620402.57], [7643410.4, 620398.86], [7643413.82, 620395.13], [7643417.23, 620391.4], [7643420.63, 620387.67], [7643424.02, 620383.92], [7643427.4, 620380.16], [7643430.77, 620376.4], [7643434.13, 620372.62], [7643437.48, 620368.84], [7643440.82, 620365.05], [7643444.15, 620361.24], [7643447.47, 620357.43], [7643450.78, 620353.62], [7643454.08, 620349.79], [7643457.37, 620345.95], [7643460.65, 620342.11], [7643463.92, 620338.25], [7643467.17, 620334.39], [7643470.42, 620330.52], [7643473.66, 620326.64], [7643476.89, 620322.75], [7643478.78, 620320.48], [7643481.96, 620316.63], [7643485.15, 620312.77], [7643488.34, 620308.92], [7643491.53, 620305.07], [7643494.72, 620301.22], [7643497.91, 620297.37], [7643501.1, 620293.52], [7643504.28, 620289.67], [7643507.47, 620285.82], [7643510.66, 620281.97], [7643513.85, 620278.12], [7643517.04, 620274.27], [7643520.23, 620270.42], [7643523.42, 620266.57], [7643526.6, 620262.71], [7643529.79, 620258.86], [7643532.98, 620255.01], [7643536.17, 620251.16], [7643539.36, 620247.31], [7643542.55, 620243.46], [7643545.73, 620239.61], [7643548.92, 620235.76], [7643552.11, 620231.91], [7643555.3, 620228.06], [7643558.49, 620224.21], [7643561.68, 620220.36], [7643564.87, 620216.51], [7643568.05, 620212.66], [7643571.24, 620208.8], [7643574.43, 620204.95], [7643577.62, 620201.1], [7643580.81, 620197.25], [7643584.0, 620193.4], [7643587.19, 620189.55], [7643590.37, 620185.7], [7643593.56, 620181.85], [7643596.75, 620178.0], [7643599.94, 620174.15], [7643603.13, 620170.3], [7643606.32, 620166.45], [7643609.5, 620162.6], [7643612.69, 620158.75], [7643615.88, 620154.89], [7643619.07, 620151.04], [7643622.26, 620147.19], [7643625.45, 620143.34], [7643628.64, 620139.49], [7643631.82, 620135.64], [7643635.01, 620131.79], [7643638.2, 620127.94], [7643641.39, 620124.09], [7643644.6, 620120.23], [7643647.83, 620116.39], [7643651.08, 620112.57], [7643654.34, 620108.76], [7643657.63, 620104.97], [7643660.94, 620101.2], [7643664.26, 620097.44], [7643667.61, 620093.7], [7643670.97, 620089.98], [7643674.35, 620086.28], [7643677.75, 620082.59], [7643681.17, 620078.92], [7643684.61, 620075.26], [7643688.07, 620071.63], [7643691.55, 620068.01], [7643695.04, 620064.41], [7643698.55, 620060.83], [7643702.08, 620057.26], [7643705.63, 620053.72], [7643709.19, 620050.19], [7643712.78, 620046.68], [7643716.38, 620043.18], [7643720.0, 620039.71], [7643723.64, 620036.25], [7643727.29, 620032.82], [7643730.96, 620029.4], [7643734.65, 620026.0], [7643738.36, 620022.62], [7643742.08, 620019.26], [7643745.82, 620015.91], [7643749.58, 620012.59], [7643753.35, 620009.28], [7643757.15, 620006.0], [7643760.95, 620002.73], [7643764.78, 619999.48], [7643768.62, 619996.26], [7643772.48, 619993.05], [7643776.35, 619989.86], [7643780.24, 619986.69], [7643784.14, 619983.54], [7643788.07, 619980.41], [7643792.0, 619977.3], [7643795.96, 619974.21], [7643799.92, 619971.15], [7643803.91, 619968.1], [7643807.91, 619965.07], [7643811.92, 619962.06], [7643815.95, 619959.07], [7643820.0, 619956.11], [7643824.06, 619953.16], [7643828.13, 619950.23], [7643832.22, 619947.33], [7643836.33, 619944.44], [7643840.45, 619941.58], [7643844.58, 619938.74], [7643848.73, 619935.92], [7643852.89, 619933.12], [7643857.07, 619930.34], [7643861.26, 619927.58], [7643865.47, 619924.84], [7643869.68, 619922.13], [7643873.92, 619919.43], [7643878.16, 619916.76], [7643882.42, 619914.11], [7643886.69, 619911.48], [7643890.98, 619908.87], [7643895.28, 619906.29], [7643899.59, 619903.72], [7643903.92, 619901.18], [7643908.26, 619898.66], [7643912.61, 619896.16], [7643916.97, 619893.69], [7643921.35, 619891.24], [7643925.74, 619888.81], [7643930.14, 619886.4], [7643934.55, 619884.01], [7643934.55, 619884.01], [7643938.92, 619881.65], [7643943.28, 619879.26], [7643947.63, 619876.86], [7643951.97, 619874.43], [7643956.3, 619871.98], [7643960.62, 619869.52], [7643964.92, 619867.03], [7643969.21, 619864.52], [7643973.49, 619861.99], [7643977.76, 619859.44], [7643982.01, 619856.87], [7643986.25, 619854.28], [7643990.48, 619851.67], [7643994.7, 619849.04], [7643998.91, 619846.39], [7644003.1, 619843.72], [7644007.28, 619841.03], [7644011.45, 619838.32], [7644015.6, 619835.59], [7644019.74, 619832.84], [7644023.87, 619830.07], [7644027.98, 619827.28], [7644032.08, 619824.47], [7644036.17, 619821.65], [7644040.24, 619818.8], [7644044.3, 619815.93], [7644048.35, 619813.04], [7644052.38, 619810.14], [7644056.4, 619807.21], [7644060.41, 619804.27], [7644064.4, 619801.31], [7644068.37, 619798.32], [7644072.34, 619795.32], [7644076.29, 619792.3], [7644080.22, 619789.26], [7644084.14, 619786.21], [7644088.04, 619783.13], [7644091.93, 619780.03], [7644095.81, 619776.92], [7644099.67, 619773.79], [7644103.51, 619770.64], [7644107.34, 619767.47], [7644108.87, 619766.2], [7644112.72, 619763.0], [7644116.56, 619759.8], [7644120.41, 619756.61], [7644124.25, 619753.41], [7644128.09, 619750.22], [7644131.94, 619747.02], [7644135.78, 619743.82], [7644139.63, 619740.63], [7644143.47, 619737.43], [7644147.32, 619734.23], [7644151.16, 619731.04], [7644155.01, 619727.84], [7644158.85, 619724.65], [7644162.69, 619721.45], [7644166.54, 619718.25], [7644170.38, 619715.06], [7644174.23, 619711.86], [7644178.07, 619708.67], [7644181.92, 619705.47], [7644185.76, 619702.27], [7644189.61, 619699.08], [7644193.45, 619695.88], [7644197.29, 619692.69], [7644201.14, 619689.49], [7644204.98, 619686.29], [7644208.83, 619683.1], [7644212.67, 619679.9], [7644216.52, 619676.7], [7644220.36, 619673.51], [7644224.2, 619670.31], [7644228.05, 619667.12], [7644231.89, 619663.92], [7644235.74, 619660.72], [7644239.58, 619657.53], [7644243.43, 619654.33], [7644247.27, 619651.14], [7644251.12, 619647.94], [7644254.96, 619644.74], [7644258.8, 619641.55], [7644262.65, 619638.35], [7644266.49, 619635.16], [7644270.34, 619631.96], [7644274.18, 619628.76], [7644278.03, 619625.57], [7644281.87, 619622.37], [7644285.72, 619619.17], [7644289.56, 619615.98], [7644293.4, 619612.78], [7644297.25, 619609.59], [7644301.09, 619606.39], [7644304.94, 619603.19], [7644308.78, 619600.0], [7644312.63, 619596.8], [7644316.47, 619593.61], [7644320.32, 619590.41], [7644324.16, 619587.21], [7644328.0, 619584.02], [7644331.85, 619580.82], [7644335.69, 619577.63], [7644339.54, 619574.43], [7644343.38, 619571.23], [7644347.23, 619568.04], [7644351.07, 619564.84], [7644354.92, 619561.64], [7644358.76, 619558.45], [7644362.6, 619555.25], [7644366.45, 619552.06], [7644370.29, 619548.86], [7644374.14, 619545.66], [7644377.98, 619542.47], [7644381.83, 619539.27], [7644385.67, 619536.08], [7644389.52, 619532.88], [7644393.36, 619529.68], [7644397.2, 619526.49], [7644401.05, 619523.29], [7644404.89, 619520.1], [7644408.74, 619516.9], [7644412.58, 619513.7], [7644416.43, 619510.51], [7644420.27, 619507.31], [7644424.12, 619504.11], [7644427.96, 619500.92], [7644431.8, 619497.72], [7644435.65, 619494.53], [7644439.49, 619491.33], [7644443.34, 619488.13], [7644447.18, 619484.94], [7644451.03, 619481.74], [7644454.87, 619478.55], [7644458.72, 619475.35], [7644462.56, 619472.15], [7644466.4, 619468.96], [7644470.25, 619465.76], [7644474.09, 619462.57], [7644477.94, 619459.37], [7644481.78, 619456.17], [7644485.63, 619452.98], [7644489.47, 619449.78], [7644493.32, 619446.59], [7644497.16, 619443.39], [7644501.0, 619440.19], [7644504.85, 619437.0], [7644508.69, 619433.8], [7644512.54, 619430.61], [7644516.38, 619427.41], [7644520.23, 619424.21], [7644524.07, 619421.02], [7644527.92, 619417.82], [7644531.76, 619414.62], [7644535.6, 619411.43], [7644539.45, 619408.23], [7644543.29, 619405.04], [7644547.14, 619401.84], [7644550.98, 619398.64], [7644554.83, 619395.45], [7644558.67, 619392.25], [7644562.52, 619389.06], [7644566.36, 619385.86], [7644570.19, 619382.69], [7644574.03, 619379.52], [7644577.88, 619376.37], [7644581.74, 619373.24], [7644585.6, 619370.11], [7644589.48, 619366.99], [7644593.37, 619363.89], [7644597.26, 619360.8], [7644601.17, 619357.72], [7644605.08, 619354.65], [7644609.01, 619351.59], [7644612.94, 619348.55], [7644616.88, 619345.52], [7644620.84, 619342.5], [7644624.8, 619339.49], [7644628.77, 619336.49], [7644632.75, 619333.51], [7644636.73, 619330.54], [7644640.73, 619327.58], [7644644.74, 619324.63], [7644648.75, 619321.7], [7644652.78, 619318.77], [7644656.81, 619315.86], [7644660.85, 619312.96], [7644664.9, 619310.08], [7644668.96, 619307.2], [7644673.03, 619304.34], [7644677.11, 619301.49], [7644681.19, 619298.66], [7644685.28, 619295.83], [7644689.39, 619293.02], [7644693.5, 619290.22], [7644697.62, 619287.43], [7644701.75, 619284.66], [7644705.88, 619281.9], [7644710.03, 619279.15], [7644714.18, 619276.41], [7644718.34, 619273.69], [7644722.51, 619270.98], [7644726.69, 619268.28], [7644730.87, 619265.59], [7644735.07, 619262.92], [7644739.27, 619260.26], [7644743.48, 619257.61], [7644747.7, 619254.97], [7644751.93, 619252.35], [7644756.16, 619249.74], [7644760.4, 619247.15], [7644764.65, 619244.56], [7644768.91, 619241.99], [7644773.18, 619239.44], [7644777.45, 619236.89], [7644781.73, 619234.36], [7644786.02, 619231.84], [7644790.32, 619229.34], [7644794.62, 619226.84], [7644798.93, 619224.36], [7644803.25, 619221.9], [7644807.58, 619219.44], [7644811.91, 619217.0], [7644816.25, 619214.58], [7644820.6, 619212.16], [7644824.96, 619209.76], [7644829.32, 619207.38], [7644833.69, 619205.0], [7644838.07, 619202.64], [7644842.45, 619200.29], [7644846.85, 619197.96], [7644851.25, 619195.64], [7644855.65, 619193.33], [7644860.06, 619191.04], [7644864.48, 619188.76], [7644868.91, 619186.49], [7644873.35, 619184.24], [7644877.79, 619182.0], [7644882.23, 619179.77], [7644886.69, 619177.56], [7644891.15, 619175.36], [7644895.62, 619173.17], [7644900.09, 619171.0], [7644904.57, 619168.84], [7644909.06, 619166.7], [7644913.55, 619164.57], [7644915.64, 619163.58], [7644920.16, 619161.44], [7644924.69, 619159.31], [7644929.21, 619157.17], [7644933.73, 619155.04], [7644938.25, 619152.9], [7644942.77, 619150.77], [7644947.29, 619148.63], [7644951.81, 619146.49], [7644956.33, 619144.36], [7644960.85, 619142.22], [7644965.37, 619140.09], [7644969.89, 619137.95], [7644974.41, 619135.82], [7644978.93, 619133.68], [7644983.45, 619131.55], [7644987.97, 619129.41], [7644992.49, 619127.27], [7644997.01, 619125.14], [7645001.53, 619123.0], [7645006.05, 619120.87], [7645010.57, 619118.73], [7645015.09, 619116.6], [7645019.61, 619114.46], [7645024.13, 619112.33], [7645028.66, 619110.19], [7645033.18, 619108.05], [7645037.7, 619105.92], [7645042.22, 619103.78], [7645046.74, 619101.65], [7645051.26, 619099.51], [7645055.78, 619097.38], [7645060.3, 619095.24], [7645064.82, 619093.11], [7645069.34, 619090.97], [7645073.86, 619088.84], [7645078.38, 619086.7], [7645082.9, 619084.56], [7645087.42, 619082.43], [7645091.94, 619080.29], [7645096.46, 619078.16], [7645100.98, 619076.02], [7645105.5, 619073.89], [7645110.02, 619071.75], [7645114.54, 619069.62], [7645119.06, 619067.48], [7645123.58, 619065.34], [7645128.1, 619063.21], [7645132.63, 619061.07], [7645137.15, 619058.94], [7645141.67, 619056.8], [7645146.19, 619054.67], [7645150.71, 619052.53], [7645155.23, 619050.4], [7645159.75, 619048.26], [7645164.27, 619046.13], [7645168.79, 619043.99], [7645173.31, 619041.85], [7645177.83, 619039.72], [7645182.35, 619037.58], [7645186.87, 619035.45], [7645191.39, 619033.31], [7645195.91, 619031.18], [7645200.43, 619029.04], [7645204.95, 619026.91], [7645209.47, 619024.77], [7645213.99, 619022.63], [7645218.51, 619020.5], [7645223.03, 619018.36], [7645227.55, 619016.23], [7645232.07, 619014.09], [7645236.6, 619011.96], [7645241.12, 619009.82], [7645245.64, 619007.69], [7645250.16, 619005.55], [7645254.68, 619003.42], [7645259.2, 619001.28], [7645263.72, 618999.14], [7645268.24, 618997.01], [7645272.76, 618994.87], [7645277.28, 618992.74], [7645281.8, 618990.6], [7645286.32, 618988.47], [7645290.84, 618986.33], [7645295.36, 618984.2], [7645299.88, 618982.06], [7645304.4, 618979.93], [7645308.92, 618977.79], [7645313.44, 618975.65], [7645317.96, 618973.52], [7645322.48, 618971.38], [7645327.0, 618969.25], [7645331.52, 618967.11], [7645336.06, 618964.98], [7645340.59, 618962.84], [7645345.13, 618960.72], [7645349.67, 618958.6], [7645354.22, 618956.48], [7645358.76, 618954.38], [7645363.31, 618952.27], [7645367.86, 618950.18], [7645372.42, 618948.09], [7645376.98, 618946.0], [7645381.54, 618943.93], [7645386.1, 618941.85], [7645390.67, 618939.79], [7645395.23, 618937.73], [7645399.81, 618935.68], [7645404.38, 618933.63], [7645408.96, 618931.59], [7645413.54, 618929.55], [7645418.12, 618927.52], [7645422.7, 618925.5], [7645427.29, 618923.48], [7645431.88, 618921.47], [7645436.47, 618919.46], [7645441.07, 618917.46], [7645445.66, 618915.47], [7645450.27, 618913.48], [7645454.87, 618911.5], [7645459.47, 618909.52], [7645464.08, 618907.55], [7645468.69, 618905.59], [7645473.31, 618903.63], [7645477.92, 618901.68], [7645482.54, 618899.73], [7645487.16, 618897.79], [7645491.78, 618895.86], [7645496.41, 618893.93], [7645501.04, 618892.01], [7645505.67, 618890.1], [7645510.3, 618888.19], [7645514.94, 618886.29], [7645519.58, 618884.39], [7645524.22, 618882.5], [7645528.86, 618880.61], [7645533.51, 618878.73], [7645538.16, 618876.86], [7645542.81, 618875.0], [7645547.46, 618873.14], [7645552.12, 618871.28], [7645556.78, 618869.43], [7645561.44, 618867.59], [7645566.1, 618865.76], [7645570.77, 618863.93], [7645575.43, 618862.1], [7645580.1, 618860.28], [7645584.78, 618858.47], [7645589.45, 618856.67], [7645594.13, 618854.87], [7645598.81, 618853.08], [7645603.49, 618851.29], [7645608.18, 618849.51], [7645612.86, 618847.73], [7645617.55, 618845.97], [7645622.24, 618844.2], [7645626.94, 618842.45], [7645631.63, 618840.7], [7645636.33, 618838.96], [7645641.03, 618837.22], [7645645.74, 618835.49], [7645650.44, 618833.76], [7645655.15, 618832.04], [7645659.86, 618830.33], [7645664.57, 618828.62], [7645669.28, 618826.92], [7645674.0, 618825.23], [7645678.72, 618823.54], [7645683.44, 618821.86], [7645688.16, 618820.18], [7645692.89, 618818.51], [7645697.61, 618816.85], [7645702.34, 618815.19], [7645707.08, 618813.54], [7645711.81, 618811.9], [7645716.55, 618810.26], [7645721.28, 618808.63], [7645726.02, 618807.0], [7645730.77, 618805.38], [7645735.51, 618803.77], [7645740.26, 618802.16], [7645745.01, 618800.56], [7645749.76, 618798.96], [7645754.51, 618797.38], [7645759.27, 618795.79], [7645764.02, 618794.22], [7645768.78, 618792.65], [7645773.54, 618791.08], [7645778.31, 618789.53], [7645783.07, 618787.98], [7645787.84, 618786.43], [7645792.61, 618784.89], [7645797.38, 618783.36], [7645802.15, 618781.83], [7645806.93, 618780.31], [7645811.71, 618778.8], [7645816.49, 618777.29], [7645821.27, 618775.79], [7645826.05, 618774.3], [7645830.84, 618772.81], [7645835.62, 618771.33], [7645840.41, 618769.85], [7645845.2, 618768.38], [7645850.0, 618766.92], [7645854.79, 618765.46], [7645859.59, 618764.01], [7645864.39, 618762.57], [7645869.19, 618761.13], [7645873.99, 618759.7], [7645878.8, 618758.27], [7645883.6, 618756.85], [7645888.41, 618755.44], [7645893.22, 618754.03], [7645898.03, 618752.63], [7645902.85, 618751.24], [7645907.66, 618749.85], [7645912.48, 618748.47], [7645917.3, 618747.09], [7645922.12, 618745.73], [7645926.94, 618744.36], [7645931.77, 618743.01], [7645936.59, 618741.66], [7645941.42, 618740.31], [7645946.25, 618738.98], [7645951.08, 618737.65], [7645955.92, 618736.32], [7645960.75, 618735.0], [7645965.59, 618733.69], [7645970.43, 618732.39], [7645975.27, 618731.09], [7645980.11, 618729.8], [7645984.95, 618728.51], [7645987.95, 618727.72], [7645992.78, 618726.44], [7645997.61, 618725.16], [7646002.45, 618723.88], [7646007.28, 618722.6], [7646012.11, 618721.32], [7646016.94, 618720.04], [7646021.78, 618718.76], [7646026.61, 618717.48], [7646031.44, 618716.2], [7646036.28, 618714.92], [7646041.11, 618713.64], [7646045.94, 618712.36], [7646050.77, 618711.08], [7646055.61, 618709.8], [7646060.44, 618708.52], [7646065.27, 618707.24], [7646070.11, 618705.96], [7646074.94, 618704.68], [7646079.77, 618703.4], [7646084.6, 618702.12], [7646089.44, 618700.84], [7646094.27, 618699.56], [7646099.1, 618698.28], [7646103.94, 618697.0], [7646108.77, 618695.72], [7646113.6, 618694.44], [7646118.43, 618693.16], [7646123.27, 618691.88], [7646128.1, 618690.6], [7646132.93, 618689.32], [7646137.77, 618688.04], [7646142.6, 618686.76], [7646147.43, 618685.48], [7646152.26, 618684.2], [7646157.1, 618682.92], [7646161.93, 618681.64], [7646166.76, 618680.36], [7646171.6, 618679.08], [7646176.43, 618677.8], [7646181.26, 618676.52], [7646186.09, 618675.24], [7646190.93, 618673.96], [7646195.76, 618672.68], [7646200.59, 618671.4], [7646205.43, 618670.12], [7646210.26, 618668.84], [7646215.09, 618667.56], [7646219.92, 618666.28], [7646224.76, 618665.0], [7646229.59, 618663.72], [7646234.42, 618662.44], [7646239.26, 618661.16], [7646244.09, 618659.88], [7646248.92, 618658.6], [7646253.75, 618657.32], [7646258.59, 618656.04], [7646263.42, 618654.76], [7646268.25, 618653.48], [7646273.09, 618652.2], [7646277.92, 618650.92], [7646282.75, 618649.64], [7646287.58, 618648.36], [7646292.42, 618647.08], [7646297.25, 618645.8], [7646302.08, 618644.52], [7646306.92, 618643.24], [7646311.75, 618641.96], [7646316.58, 618640.68], [7646321.41, 618639.4], [7646326.25, 618638.12], [7646331.08, 618636.84], [7646335.91, 618635.56], [7646340.75, 618634.28], [7646345.58, 618633.0], [7646350.41, 618631.72], [7646355.24, 618630.44], [7646360.08, 618629.16], [7646364.91, 618627.88], [7646369.74, 618626.6], [7646374.58, 618625.32], [7646379.41, 618624.04], [7646384.24, 618622.76], [7646389.08, 618621.48], [7646393.91, 618620.2], [7646398.74, 618618.92], [7646403.57, 618617.64], [7646408.41, 618616.36], [7646413.24, 618615.08], [7646418.07, 618613.8], [7646422.91, 618612.52], [7646427.74, 618611.24], [7646432.57, 618609.96], [7646437.4, 618608.68], [7646442.24, 618607.4], [7646447.07, 618606.12], [7646451.9, 618604.84], [7646456.74, 618603.56], [7646461.57, 618602.28], [7646466.4, 618601.0], [7646471.23, 618599.72], [7646476.07, 618598.44], [7646480.9, 618597.16], [7646485.73, 618595.88], [7646490.57, 618594.6], [7646495.4, 618593.32], [7646500.23, 618592.04], [7646505.06, 618590.77], [7646509.9, 618589.49], [7646514.73, 618588.21], [7646519.56, 618586.93], [7646524.4, 618585.65], [7646529.23, 618584.37], [7646534.06, 618583.09], [7646538.89, 618581.81], [7646543.73, 618580.53], [7646548.56, 618579.25], [7646553.39, 618577.97], [7646558.23, 618576.69], [7646563.06, 618575.41], [7646567.89, 618574.13], [7646572.72, 618572.85], [7646577.56, 618571.57], [7646582.39, 618570.29], [7646587.22, 618569.01], [7646592.06, 618567.73], [7646596.89, 618566.45], [7646601.72, 618565.17], [7646606.55, 618563.89], [7646611.39, 618562.61], [7646616.22, 618561.33], [7646621.05, 618560.05], [7646625.89, 618558.77], [7646630.72, 618557.49], [7646635.55, 618556.21], [7646640.38, 618554.93], [7646645.22, 618553.65], [7646650.05, 618552.37], [7646654.88, 618551.09], [7646659.72, 618549.81], [7646664.55, 618548.53], [7646669.38, 618547.25], [7646674.21, 618545.97], [7646679.05, 618544.69], [7646683.88, 618543.41], [7646688.71, 618542.13], [7646693.55, 618540.85], [7646698.38, 618539.57], [7646703.21, 618538.29], [7646708.06, 618537.04], [7646712.91, 618535.84], [7646717.78, 618534.69], [7646722.66, 618533.59], [7646727.56, 618532.55], [7646732.46, 618531.56], [7646737.38, 618530.63], [7646742.3, 618529.75], [7646747.23, 618528.92], [7646752.18, 618528.15], [7646757.13, 618527.43], [7646762.09, 618526.76], [7646767.05, 618526.15], [7646772.02, 618525.6], [7646777.0, 618525.09], [7646781.99, 618524.65], [7646786.97, 618524.25], [7646791.96, 618523.91], [7646796.96, 618523.63], [7646801.96, 618523.4], [7646806.96, 618523.22], [7646811.96, 618523.1], [7646816.96, 618523.04], [7646821.96, 618523.02], [7646826.97, 618523.07], [7646831.97, 618523.16], [7646836.97, 618523.32], [7646841.97, 618523.52], [7646846.96, 618523.78], [7646851.96, 618524.1], [7646856.95, 618524.47], [7646861.93, 618524.89], [7646866.91, 618525.37], [7646871.89, 618525.91], [7646876.85, 618526.49], [7646881.82, 618527.14], [7646886.77, 618527.83], [7646891.72, 618528.58], [7646896.65, 618529.39], [7646901.58, 618530.24], [7646906.5, 618531.16], [7646911.41, 618532.12], [7646916.31, 618533.14], [7646921.2, 618534.21], [7646926.07, 618535.34], [7646930.93, 618536.52], [7646935.78, 618537.75], [7646940.62, 618539.03], [7646945.44, 618540.37], [7646950.24, 618541.76], [7646955.04, 618543.2], [7646959.81, 618544.7], [7646964.57, 618546.24], [7646969.31, 618547.84], [7646974.03, 618549.49], [7646978.74, 618551.19], [7646983.42, 618552.94], [7646987.2, 618554.38], [7646991.87, 618556.16], [7646996.55, 618557.93], [7647001.22, 618559.71], [7647005.89, 618561.49], [7647010.56, 618563.26], [7647015.24, 618565.04], [7647019.91, 618566.82], [7647024.58, 618568.6], [7647029.26, 618570.37], [7647033.93, 618572.15], [7647038.6, 618573.93], [7647043.28, 618575.7], [7647047.95, 618577.48], [7647052.62, 618579.26], [7647057.3, 618581.03], [7647061.97, 618582.81], [7647066.64, 618584.59], [7647071.31, 618586.36], [7647075.99, 618588.14], [7647080.66, 618589.92], [7647085.33, 618591.69], [7647090.01, 618593.47], [7647094.68, 618595.25], [7647099.35, 618597.03], [7647104.03, 618598.8], [7647108.7, 618600.58], [7647113.37, 618602.36], [7647118.04, 618604.13], [7647122.72, 618605.91], [7647127.39, 618607.69], [7647132.06, 618609.46], [7647136.74, 618611.24], [7647141.41, 618613.02], [7647146.08, 618614.79], [7647150.76, 618616.57], [7647155.43, 618618.35], [7647160.1, 618620.13], [7647164.78, 618621.9], [7647169.45, 618623.68], [7647174.12, 618625.46], [7647178.79, 618627.23], [7647183.47, 618629.01], [7647188.14, 618630.79], [7647192.81, 618632.56], [7647197.49, 618634.34], [7647202.16, 618636.12], [7647206.83, 618637.89], [7647211.51, 618639.67], [7647216.18, 618641.45], [7647220.85, 618643.23], [7647225.52, 618645.0], [7647230.2, 618646.78], [7647234.87, 618648.56], [7647239.54, 618650.33], [7647244.22, 618652.11], [7647248.89, 618653.89], [7647253.56, 618655.66], [7647258.24, 618657.44], [7647262.91, 618659.22], [7647267.58, 618660.99], [7647272.26, 618662.77], [7647276.93, 618664.55], [7647281.6, 618666.33], [7647286.27, 618668.1], [7647290.95, 618669.88], [7647295.62, 618671.66], [7647300.29, 618673.43], [7647304.97, 618675.21], [7647309.64, 618676.99], [7647314.31, 618678.76], [7647318.99, 618680.54], [7647323.66, 618682.32], [7647328.33, 618684.09], [7647333.0, 618685.87], [7647337.68, 618687.65], [7647342.35, 618689.43], [7647347.02, 618691.2], [7647351.7, 618692.98], [7647356.37, 618694.76], [7647361.04, 618696.53], [7647365.72, 618698.31], [7647370.39, 618700.09], [7647375.06, 618701.86], [7647379.73, 618703.64], [7647384.41, 618705.42], [7647389.08, 618707.2], [7647393.75, 618708.97], [7647398.43, 618710.75], [7647403.1, 618712.53], [7647407.77, 618714.3], [7647412.45, 618716.08], [7647417.12, 618717.86], [7647421.79, 618719.63], [7647426.47, 618721.41], [7647431.14, 618723.19], [7647435.81, 618724.96], [7647440.48, 618726.74], [7647445.16, 618728.52], [7647449.83, 618730.3], [7647454.5, 618732.07], [7647459.18, 618733.85], [7647463.85, 618735.63], [7647468.52, 618737.4], [7647473.2, 618739.18], [7647477.87, 618740.96], [7647482.54, 618742.73], [7647487.21, 618744.51], [7647491.89, 618746.29], [7647496.56, 618748.07], [7647501.23, 618749.84], [7647505.91, 618751.62], [7647510.58, 618753.4], [7647515.25, 618755.17], [7647519.93, 618756.95], [7647524.6, 618758.73], [7647529.27, 618760.5], [7647533.94, 618762.28], [7647538.62, 618764.06], [7647543.29, 618765.84], [7647547.96, 618767.61], [7647552.64, 618769.39], [7647557.31, 618771.17], [7647561.98, 618772.94], [7647566.66, 618774.72], [7647571.33, 618776.5], [7647576.0, 618778.27], [7647580.67, 618780.05], [7647585.35, 618781.83], [7647590.02, 618783.61], [7647594.69, 618785.38], [7647599.37, 618787.16], [7647604.04, 618788.94], [7647608.71, 618790.71], [7647613.39, 618792.49], [7647618.06, 618794.27], [7647622.73, 618796.04], [7647627.4, 618797.82], [7647632.08, 618799.6], [7647636.75, 618801.38], [7647641.42, 618803.15], [7647646.1, 618804.93], [7647650.77, 618806.71], [7647655.44, 618808.48], [7647660.12, 618810.26], [7647664.79, 618812.04], [7647669.46, 618813.81], [7647674.13, 618815.59], [7647678.81, 618817.37], [7647683.48, 618819.15], [7647688.15, 618820.92], [7647692.83, 618822.7], [7647697.5, 618824.48], [7647702.17, 618826.25], [7647706.85, 618828.03], [7647711.52, 618829.81], [7647716.19, 618831.58], [7647720.86, 618833.36], [7647725.54, 618835.14], [7647730.21, 618836.92], [7647734.88, 618838.69], [7647739.56, 618840.47], [7647744.23, 618842.25], [7647748.9, 618844.02], [7647753.58, 618845.8], [7647758.25, 618847.58], [7647762.92, 618849.36], [7647767.59, 618851.13], [7647772.27, 618852.91], [7647776.94, 618854.69], [7647781.61, 618856.46], [7647786.29, 618858.24], [7647790.96, 618860.02], [7647795.63, 618861.79], [7647800.31, 618863.57], [7647804.98, 618865.35], [7647809.65, 618867.13], [7647814.32, 618868.9], [7647819.0, 618870.68], [7647823.67, 618872.46], [7647828.34, 618874.23], [7647833.02, 618876.01], [7647837.69, 618877.79], [7647842.36, 618879.56], [7647847.04, 618881.34], [7647851.71, 618883.12], [7647856.38, 618884.9], [7647861.05, 618886.67], [7647865.73, 618888.45], [7647870.4, 618890.23], [7647875.07, 618892.0], [7647879.75, 618893.78], [7647884.42, 618895.56], [7647889.09, 618897.34], [7647893.76, 618899.11], [7647898.44, 618900.89], [7647903.11, 618902.67], [7647907.78, 618904.44], [7647912.46, 618906.22], [7647917.13, 618908.0], [7647921.8, 618909.78], [7647926.48, 618911.55], [7647931.15, 618913.33], [7647935.82, 618915.11], [7647940.49, 618916.88], [7647945.17, 618918.66], [7647949.84, 618920.44], [7647954.51, 618922.21], [7647959.19, 618923.99], [7647963.86, 618925.77], [7647968.53, 618927.55], [7647973.21, 618929.32], [7647977.88, 618931.1], [7647982.55, 618932.88], [7647987.22, 618934.65], [7647991.9, 618936.43], [7647996.57, 618938.21], [7648001.24, 618939.99], [7648005.92, 618941.76], [7648010.59, 618943.54], [7648015.26, 618945.32], [7648019.94, 618947.09], [7648024.61, 618948.87], [7648029.28, 618950.65], [7648033.95, 618952.43], [7648038.63, 618954.2], [7648043.3, 618955.98], [7648047.97, 618957.76], [7648052.65, 618959.53], [7648057.32, 618961.31], [7648061.99, 618963.09], [7648066.66, 618964.86], [7648071.34, 618966.64], [7648076.01, 618968.42], [7648080.68, 618970.2], [7648085.36, 618971.97], [7648090.03, 618973.75], [7648094.7, 618975.53], [7648099.38, 618977.3], [7648104.05, 618979.08], [7648108.72, 618980.86], [7648113.39, 618982.64], [7648118.07, 618984.41], [7648122.74, 618986.19], [7648127.41, 618987.97], [7648132.09, 618989.74], [7648136.76, 618991.52], [7648141.43, 618993.3], [7648146.11, 618995.08], [7648150.78, 618996.85], [7648155.45, 618998.63], [7648160.12, 619000.41], [7648164.8, 619002.18], [7648169.47, 619003.96], [7648174.14, 619005.74], [7648178.82, 619007.52], [7648183.49, 619009.29], [7648188.16, 619011.07], [7648192.83, 619012.85], [7648197.51, 619014.62], [7648202.18, 619016.4], [7648206.85, 619018.18], [7648211.53, 619019.96], [7648216.2, 619021.73], [7648220.87, 619023.51], [7648225.55, 619025.29], [7648230.22, 619027.06], [7648234.89, 619028.84], [7648239.56, 619030.62], [7648244.24, 619032.4], [7648248.91, 619034.17], [7648253.58, 619035.95], [7648258.26, 619037.73], [7648262.93, 619039.5], [7648267.6, 619041.28], [7648272.28, 619043.06], [7648276.95, 619044.84], [7648281.62, 619046.61], [7648286.29, 619048.39], [7648290.97, 619050.17], [7648295.64, 619051.94], [7648300.31, 619053.72], [7648304.99, 619055.5], [7648309.66, 619057.28], [7648314.33, 619059.05], [7648319.0, 619060.83], [7648323.68, 619062.61], [7648328.35, 619064.38], [7648333.02, 619066.16], [7648337.7, 619067.94], [7648342.37, 619069.72], [7648347.04, 619071.49], [7648351.72, 619073.27], [7648356.39, 619075.05], [7648361.06, 619076.82], [7648365.73, 619078.6], [7648370.41, 619080.38], [7648375.08, 619082.16], [7648379.75, 619083.93], [7648384.43, 619085.71], [7648389.1, 619087.49], [7648393.77, 619089.27], [7648398.44, 619091.04], [7648403.12, 619092.82], [7648407.79, 619094.6], [7648412.46, 619096.37], [7648417.14, 619098.15], [7648421.81, 619099.93], [7648426.48, 619101.71], [7648431.16, 619103.48], [7648435.83, 619105.26], [7648440.5, 619107.04], [7648445.17, 619108.81], [7648449.85, 619110.59], [7648454.52, 619112.37], [7648459.19, 619114.15], [7648463.87, 619115.92], [7648468.54, 619117.7], [7648473.21, 619119.48], [7648477.88, 619121.25], [7648482.56, 619123.03], [7648487.23, 619124.81], [7648491.9, 619126.59], [7648496.58, 619128.36], [7648501.25, 619130.14], [7648505.92, 619131.92], [7648510.59, 619133.7], [7648515.27, 619135.47], [7648519.94, 619137.25], [7648524.61, 619139.03], [7648529.29, 619140.8], [7648533.96, 619142.58], [7648538.63, 619144.36], [7648543.31, 619146.14], [7648547.98, 619147.91], [7648552.65, 619149.69], [7648557.32, 619151.47], [7648562.0, 619153.24], [7648566.67, 619155.02], [7648571.34, 619156.8], [7648576.02, 619158.58], [7648580.69, 619160.35], [7648585.36, 619162.13], [7648590.03, 619163.91], [7648594.71, 619165.69], [7648599.38, 619167.46], [7648604.05, 619169.24], [7648608.73, 619171.02], [7648613.4, 619172.79], [7648618.07, 619174.57], [7648622.75, 619176.35], [7648627.42, 619178.13], [7648632.09, 619179.9], [7648636.76, 619181.68], [7648641.44, 619183.46], [7648646.11, 619185.23], [7648650.78, 619187.01], [7648655.46, 619188.79], [7648660.13, 619190.57], [7648664.8, 619192.34], [7648669.47, 619194.12], [7648674.15, 619195.9], [7648678.82, 619197.68], [7648683.49, 619199.45], [7648688.17, 619201.23], [7648692.84, 619203.01], [7648697.51, 619204.78], [7648702.18, 619206.56], [7648706.86, 619208.34], [7648711.53, 619210.12], [7648716.2, 619211.89], [7648720.88, 619213.67], [7648725.55, 619215.45], [7648730.22, 619217.23], [7648734.9, 619219.0], [7648739.57, 619220.78], [7648744.24, 619222.56], [7648748.91, 619224.33], [7648753.59, 619226.11], [7648758.26, 619227.89], [7648762.93, 619229.67], [7648767.61, 619231.44], [7648772.28, 619233.22], [7648776.95, 619235.0], [7648781.62, 619236.77], [7648786.3, 619238.55], [7648790.97, 619240.33], [7648795.64, 619242.11], [7648800.32, 619243.88], [7648804.99, 619245.66], [7648809.66, 619247.44], [7648814.33, 619249.22], [7648819.01, 619250.99], [7648823.68, 619252.77], [7648828.35, 619254.55], [7648833.03, 619256.32], [7648837.7, 619258.1], [7648842.37, 619259.88], [7648847.04, 619261.66], [7648851.72, 619263.43], [7648856.39, 619265.21], [7648861.06, 619266.99], [7648865.74, 619268.77], [7648870.41, 619270.54], [7648875.08, 619272.32], [7648879.75, 619274.1], [7648884.43, 619275.88], [7648889.1, 619277.65], [7648893.77, 619279.43], [7648898.45, 619281.21], [7648903.12, 619282.98], [7648907.79, 619284.76], [7648912.47, 619286.54], [7648917.14, 619288.32], [7648921.81, 619290.09], [7648926.48, 619291.87], [7648931.16, 619293.65], [7648935.83, 619295.43], [7648940.5, 619297.2], [7648945.18, 619298.98], [7648949.85, 619300.76], [7648954.52, 619302.53], [7648959.19, 619304.31], [7648963.87, 619306.09], [7648968.54, 619307.87], [7648973.21, 619309.64], [7648977.89, 619311.42], [7648982.56, 619313.2], [7648987.23, 619314.98], [7648991.9, 619316.75], [7648996.58, 619318.53], [7649001.25, 619320.31], [7649005.92, 619322.09], [7649010.6, 619323.86], [7649015.27, 619325.64], [7649019.94, 619327.42], [7649024.61, 619329.19], [7649029.29, 619330.97], [7649033.96, 619332.75], [7649038.63, 619334.53], [7649043.31, 619336.3], [7649047.98, 619338.08], [7649052.65, 619339.86], [7649057.32, 619341.64], [7649062.0, 619343.41], [7649066.67, 619345.19], [7649071.34, 619346.97], [7649076.02, 619348.74], [7649080.69, 619350.52], [7649085.36, 619352.3], [7649090.03, 619354.08], [7649094.71, 619355.85], [7649099.38, 619357.63], [7649104.05, 619359.41], [7649108.73, 619361.19], [7649113.4, 619362.96], [7649118.07, 619364.74], [7649122.75, 619366.52], [7649127.42, 619368.3], [7649132.09, 619370.07], [7649136.76, 619371.85], [7649141.44, 619373.63], [7649146.11, 619375.41], [7649150.78, 619377.18], [7649155.46, 619378.96], [7649160.13, 619380.74], [7649164.8, 619382.51], [7649169.47, 619384.29], [7649174.15, 619386.07], [7649178.82, 619387.85], [7649183.49, 619389.62], [7649188.17, 619391.4], [7649192.84, 619393.18], [7649197.51, 619394.96], [7649202.18, 619396.73], [7649206.86, 619398.51], [7649211.53, 619400.29], [7649216.2, 619402.07], [7649220.88, 619403.84], [7649225.55, 619405.62], [7649230.22, 619407.4], [7649234.89, 619409.17], [7649239.57, 619410.95], [7649244.24, 619412.73], [7649248.91, 619414.51], [7649253.59, 619416.28], [7649258.26, 619418.06], [7649262.93, 619419.84], [7649267.6, 619421.62], [7649272.28, 619423.39], [7649276.95, 619425.17], [7649281.62, 619426.95], [7649286.3, 619428.73], [7649290.97, 619430.5], [7649295.64, 619432.28], [7649300.31, 619434.06], [7649304.99, 619435.84], [7649309.66, 619437.61], [7649314.33, 619439.39], [7649319.01, 619441.17], [7649323.68, 619442.95], [7649328.35, 619444.72], [7649333.02, 619446.5], [7649337.7, 619448.28], [7649342.37, 619450.05], [7649347.04, 619451.83], [7649351.72, 619453.61], [7649356.39, 619455.39], [7649361.06, 619457.16], [7649365.73, 619458.94], [7649370.41, 619460.72], [7649375.08, 619462.5], [7649379.75, 619464.27], [7649384.43, 619466.05], [7649389.1, 619467.83], [7649393.77, 619469.61], [7649398.44, 619471.38], [7649403.12, 619473.16], [7649407.79, 619474.94], [7649412.46, 619476.72], [7649417.14, 619478.49], [7649421.81, 619480.27], [7649426.48, 619482.05], [7649431.15, 619483.83], [7649435.83, 619485.6], [7649440.5, 619487.38], [7649445.17, 619489.16], [7649449.85, 619490.94], [7649454.52, 619492.71], [7649459.19, 619494.49], [7649463.86, 619496.27], [7649468.54, 619498.04], [7649473.21, 619499.82], [7649477.88, 619501.6], [7649482.56, 619503.38], [7649487.23, 619505.15], [7649491.9, 619506.93], [7649496.57, 619508.71], [7649501.25, 619510.49], [7649505.92, 619512.26], [7649510.59, 619514.04], [7649515.27, 619515.82], [7649519.94, 619517.6], [7649524.61, 619519.37], [7649529.28, 619521.15], [7649533.96, 619522.93], [7649538.63, 619524.71], [7649543.3, 619526.48], [7649547.98, 619528.26], [7649552.65, 619530.04], [7649557.32, 619531.82], [7649561.99, 619533.59], [7649566.67, 619535.37], [7649571.34, 619537.15], [7649576.01, 619538.93], [7649580.69, 619540.7], [7649585.36, 619542.48], [7649590.03, 619544.26], [7649594.7, 619546.04], [7649599.38, 619547.81], [7649604.05, 619549.59], [7649608.72, 619551.37], [7649613.39, 619553.15], [7649618.07, 619554.92], [7649622.74, 619556.7], [7649627.41, 619558.48], [7649632.09, 619560.26], [7649636.76, 619562.03], [7649641.43, 619563.81], [7649646.1, 619565.59], [7649650.78, 619567.36], [7649655.45, 619569.14], [7649660.12, 619570.92], [7649664.8, 619572.7], [7649669.47, 619574.47], [7649674.14, 619576.25], [7649678.81, 619578.03], [7649683.49, 619579.81], [7649688.16, 619581.58], [7649692.83, 619583.36], [7649697.51, 619585.14], [7649702.18, 619586.92], [7649706.85, 619588.69], [7649711.52, 619590.47], [7649716.2, 619592.25], [7649720.87, 619594.03], [7649725.54, 619595.8], [7649730.22, 619597.58], [7649734.89, 619599.36], [7649739.56, 619601.14], [7649744.23, 619602.91], [7649748.91, 619604.69], [7649753.58, 619606.47], [7649758.25, 619608.25], [7649762.93, 619610.02], [7649767.6, 619611.8], [7649772.27, 619613.58], [7649776.94, 619615.36], [7649781.62, 619617.13], [7649786.29, 619618.91], [7649790.96, 619620.69], [7649795.64, 619622.47], [7649800.31, 619624.24], [7649804.98, 619626.02], [7649809.65, 619627.8], [7649814.33, 619629.58], [7649819.0, 619631.35], [7649823.67, 619633.13], [7649828.34, 619634.91], [7649833.02, 619636.69], [7649837.69, 619638.46], [7649842.36, 619640.24], [7649847.04, 619642.02], [7649851.71, 619643.8], [7649856.38, 619645.57], [7649861.05, 619647.35], [7649865.73, 619649.13], [7649870.4, 619650.91], [7649875.07, 619652.68], [7649879.75, 619654.46], [7649884.42, 619656.24], [7649889.09, 619658.02], [7649893.76, 619659.79], [7649898.44, 619661.57], [7649903.11, 619663.35], [7649907.78, 619665.13], [7649912.46, 619666.9], [7649917.13, 619668.68], [7649921.8, 619670.46], [7649926.47, 619672.24], [7649931.15, 619674.01], [7649935.82, 619675.79], [7649940.49, 619677.57], [7649945.17, 619679.35], [7649949.84, 619681.12], [7649954.51, 619682.9], [7649959.18, 619684.68], [7649963.86, 619686.46], [7649968.53, 619688.23], [7649973.2, 619690.01], [7649977.87, 619691.79], [7649982.55, 619693.57], [7649987.22, 619695.34], [7649991.89, 619697.12], [7649996.57, 619698.9], [7650001.24, 619700.68], [7650005.91, 619702.46], [7650010.58, 619704.23], [7650015.26, 619706.01], [7650019.93, 619707.79], [7650024.6, 619709.57], [7650029.28, 619711.34], [7650033.95, 619713.12], [7650038.62, 619714.9], [7650043.29, 619716.68], [7650047.97, 619718.45], [7650052.64, 619720.23], [7650057.31, 619722.01], [7650061.99, 619723.79], [7650066.66, 619725.56], [7650071.33, 619727.34], [7650076.0, 619729.12], [7650080.68, 619730.9], [7650085.35, 619732.67], [7650090.02, 619734.45], [7650094.69, 619736.23], [7650099.37, 619738.01], [7650104.04, 619739.78], [7650108.71, 619741.56], [7650113.39, 619743.34], [7650118.06, 619745.12], [7650122.73, 619746.89], [7650127.4, 619748.67], [7650132.08, 619750.45], [7650136.75, 619752.23], [7650141.42, 619754.0], [7650146.1, 619755.78], [7650150.77, 619757.56], [7650155.44, 619759.34], [7650160.11, 619761.11], [7650164.79, 619762.89], [7650169.46, 619764.67], [7650174.13, 619766.45], [7650178.81, 619768.22], [7650183.48, 619770.0], [7650188.15, 619771.78], [7650192.82, 619773.56], [7650197.5, 619775.34], [7650202.17, 619777.11], [7650206.84, 619778.89], [7650211.51, 619780.67], [7650216.19, 619782.45], [7650220.86, 619784.22], [7650225.53, 619786.0], [7650230.21, 619787.78], [7650234.88, 619789.56], [7650239.55, 619791.33], [7650244.22, 619793.11], [7650248.9, 619794.89], [7650253.57, 619796.67], [7650258.24, 619798.44], [7650262.92, 619800.22], [7650267.59, 619802.0], [7650272.26, 619803.78], [7650276.93, 619805.55], [7650281.61, 619807.33], [7650286.28, 619809.11], [7650290.95, 619810.89], [7650295.62, 619812.66], [7650300.3, 619814.44], [7650304.97, 619816.22], [7650309.64, 619818.0], [7650314.32, 619819.78], [7650318.99, 619821.55], [7650323.66, 619823.33], [7650328.33, 619825.11], [7650333.01, 619826.89], [7650337.68, 619828.66], [7650342.35, 619830.44], [7650347.03, 619832.22], [7650351.7, 619834.0], [7650356.37, 619835.77], [7650361.04, 619837.55], [7650365.72, 619839.33], [7650370.39, 619841.11], [7650375.06, 619842.88], [7650379.73, 619844.66], [7650384.41, 619846.44], [7650389.08, 619848.22], [7650393.75, 619849.99], [7650398.43, 619851.77], [7650403.1, 619853.55], [7650407.77, 619855.33], [7650412.44, 619857.11], [7650417.12, 619858.88], [7650421.79, 619860.66], [7650426.46, 619862.44], [7650431.13, 619864.22], [7650435.81, 619865.99], [7650440.48, 619867.77], [7650445.15, 619869.55], [7650449.83, 619871.33], [7650454.5, 619873.1], [7650459.17, 619874.88], [7650463.84, 619876.66], [7650468.52, 619878.44], [7650473.19, 619880.21], [7650477.86, 619881.99], [7650482.54, 619883.77], [7650487.21, 619885.55], [7650491.88, 619887.33], [7650496.55, 619889.1], [7650501.23, 619890.88], [7650505.9, 619892.66], [7650510.57, 619894.44], [7650515.24, 619896.21], [7650519.92, 619897.99], [7650524.59, 619899.77], [7650529.26, 619901.55], [7650533.94, 619903.32], [7650538.61, 619905.1], [7650543.28, 619906.88], [7650547.95, 619908.66], [7650552.63, 619910.43], [7650557.3, 619912.21], [7650561.97, 619913.99], [7650566.65, 619915.77], [7650571.32, 619917.55], [7650575.99, 619919.32], [7650580.66, 619921.1], [7650585.34, 619922.88], [7650590.01, 619924.66], [7650594.68, 619926.43], [7650599.35, 619928.21], [7650604.03, 619929.99], [7650608.7, 619931.77], [7650613.37, 619933.54], [7650618.05, 619935.32], [7650622.72, 619937.1], [7650627.39, 619938.88], [7650632.06, 619940.65], [7650636.74, 619942.43], [7650641.41, 619944.21], [7650646.08, 619945.99], [7650650.75, 619947.77], [7650655.43, 619949.54], [7650660.1, 619951.32], [7650664.77, 619953.1], [7650669.45, 619954.88], [7650674.12, 619956.65], [7650678.79, 619958.43], [7650683.46, 619960.21], [7650688.14, 619961.99], [7650692.81, 619963.76], [7650697.48, 619965.54], [7650702.15, 619967.32], [7650706.83, 619969.1], [7650711.5, 619970.88], [7650716.17, 619972.65], [7650720.85, 619974.43], [7650725.52, 619976.21], [7650730.19, 619977.99], [7650734.86, 619979.76], [7650739.54, 619981.54], [7650744.21, 619983.32], [7650748.88, 619985.1], [7650753.55, 619986.88], [7650758.23, 619988.65], [7650762.9, 619990.43], [7650767.57, 619992.21], [7650772.25, 619993.99], [7650776.92, 619995.76], [7650781.59, 619997.54], [7650786.26, 619999.32], [7650790.94, 620001.1], [7650795.61, 620002.87], [7650800.28, 620004.65], [7650804.95, 620006.43], [7650809.63, 620008.21], [7650814.3, 620009.99], [7650818.97, 620011.76], [7650823.65, 620013.54], [7650828.32, 620015.32], [7650832.99, 620017.1], [7650837.66, 620018.87], [7650842.34, 620020.65], [7650847.01, 620022.43], [7650851.68, 620024.21], [7650856.36, 620025.98], [7650861.03, 620027.76], [7650865.7, 620029.54], [7650870.37, 620031.32], [7650875.05, 620033.1], [7650879.72, 620034.87], [7650884.39, 620036.65], [7650889.06, 620038.43], [7650893.74, 620040.21], [7650898.41, 620041.98], [7650903.08, 620043.76], [7650907.76, 620045.54], [7650912.43, 620047.32], [7650917.1, 620049.1], [7650921.77, 620050.87], [7650926.45, 620052.65], [7650931.12, 620054.43], [7650935.79, 620056.21], [7650940.46, 620057.98], [7650945.14, 620059.76], [7650949.81, 620061.54], [7650954.48, 620063.32], [7650959.16, 620065.1], [7650963.83, 620066.87], [7650968.5, 620068.65], [7650973.17, 620070.43], [7650977.85, 620072.21], [7650982.52, 620073.98], [7650987.19, 620075.76], [7650991.86, 620077.54], [7650996.54, 620079.32], [7651001.21, 620081.1], [7651005.88, 620082.87], [7651010.55, 620084.65], [7651015.23, 620086.43], [7651019.9, 620088.21], [7651024.57, 620089.98], [7651029.25, 620091.76], [7651033.92, 620093.54], [7651038.59, 620095.32], [7651043.26, 620097.09], [7651047.94, 620098.87], [7651052.61, 620100.65], [7651057.28, 620102.43], [7651061.95, 620104.21], [7651066.63, 620105.98], [7651071.3, 620107.76], [7651075.97, 620109.54], [7651080.65, 620111.32], [7651085.32, 620113.09], [7651089.99, 620114.87], [7651094.66, 620116.65], [7651099.34, 620118.43], [7651104.01, 620120.21], [7651108.68, 620121.98], [7651113.35, 620123.76], [7651118.03, 620125.54], [7651122.7, 620127.32], [7651127.37, 620129.1], [7651132.05, 620130.87], [7651136.72, 620132.65], [7651141.39, 620134.43], [7651146.06, 620136.21], [7651150.74, 620137.98], [7651155.41, 620139.76], [7651160.08, 620141.54], [7651164.75, 620143.32], [7651169.43, 620145.1], [7651174.1, 620146.87], [7651178.77, 620148.65], [7651183.45, 620150.43], [7651188.12, 620152.21], [7651192.79, 620153.98], [7651197.46, 620155.76], [7651202.14, 620157.54], [7651206.81, 620159.32], [7651211.48, 620161.1], [7651216.15, 620162.87], [7651220.83, 620164.65], [7651225.5, 620166.43], [7651230.17, 620168.21], [7651234.84, 620169.98], [7651239.52, 620171.76], [7651244.19, 620173.54], [7651248.86, 620175.32], [7651253.54, 620177.1], [7651258.21, 620178.87], [7651262.88, 620180.65], [7651267.55, 620182.43], [7651272.23, 620184.21], [7651276.9, 620185.98], [7651281.57, 620187.76], [7651286.24, 620189.54], [7651290.92, 620191.32], [7651295.59, 620193.1], [7651300.26, 620194.87], [7651304.94, 620196.65], [7651309.61, 620198.43], [7651314.28, 620200.21], [7651318.95, 620201.99], [7651323.63, 620203.76], [7651328.3, 620205.54], [7651332.97, 620207.32], [7651337.64, 620209.1], [7651342.32, 620210.87], [7651346.99, 620212.65], [7651351.66, 620214.43], [7651356.33, 620216.21], [7651361.01, 620217.99], [7651365.68, 620219.76], [7651370.35, 620221.54], [7651375.03, 620223.32], [7651379.7, 620225.1], [7651384.37, 620226.88], [7651389.04, 620228.65], [7651393.72, 620230.43], [7651398.39, 620232.21], [7651403.06, 620233.99], [7651407.73, 620235.76], [7651412.41, 620237.54], [7651417.08, 620239.32], [7651421.75, 620241.1], [7651426.43, 620242.88], [7651431.1, 620244.65], [7651435.77, 620246.43], [7651440.44, 620248.21], [7651445.12, 620249.99], [7651449.79, 620251.77], [7651454.46, 620253.54], [7651459.13, 620255.32], [7651463.81, 620257.1], [7651468.48, 620258.88], [7651473.15, 620260.65], [7651477.82, 620262.43], [7651482.5, 620264.21], [7651487.17, 620265.99], [7651491.84, 620267.77], [7651496.52, 620269.54], [7651501.19, 620271.32], [7651505.86, 620273.1], [7651510.53, 620274.88], [7651515.21, 620276.66], [7651519.88, 620278.43], [7651524.55, 620280.21], [7651529.22, 620281.99], [7651533.91, 620283.77], [7651538.6, 620285.53], [7651543.3, 620287.28], [7651548.0, 620289.02], [7651552.7, 620290.75], [7651557.41, 620292.46], [7651562.13, 620294.16], [7651566.84, 620295.85], [7651571.57, 620297.53], [7651576.29, 620299.19], [7651581.03, 620300.85], [7651585.76, 620302.49], [7651590.5, 620304.12], [7651595.25, 620305.73], [7651599.99, 620307.33], [7651604.75, 620308.92], [7651609.5, 620310.5], [7651614.27, 620312.07], [7651619.03, 620313.62], [7651623.8, 620315.16], [7651628.57, 620316.69], [7651633.35, 620318.2], [7651638.13, 620319.71], [7651642.92, 620321.2], [7651647.71, 620322.67], [7651652.5, 620324.14], [7651657.29, 620325.59], [7651662.1, 620327.03], [7651666.9, 620328.46], [7651671.71, 620329.87], [7651676.52, 620331.27], [7651681.33, 620332.66], [7651686.15, 620334.04], [7651690.98, 620335.4], [7651695.8, 620336.76], [7651700.63, 620338.1], [7651705.46, 620339.42], [7651710.3, 620340.73], [7651715.14, 620342.04], [7651719.98, 620343.32], [7651724.83, 620344.6], [7651729.68, 620345.86], [7651734.54, 620347.11], [7651739.39, 620348.35], [7651744.25, 620349.57], [7651749.11, 620350.78], [7651753.98, 620351.98], [7651758.85, 620353.17], [7651763.72, 620354.34], [7651768.6, 620355.5], [7651773.48, 620356.65], [7651778.36, 620357.79], [7651783.24, 620358.91], [7651788.13, 620360.02], [7651793.02, 620361.11], [7651797.91, 620362.2], [7651802.81, 620363.27], [7651807.71, 620364.33], [7651812.61, 620365.37], [7651817.52, 620366.4], [7651822.42, 620367.42], [7651827.33, 620368.43], [7651832.24, 620369.42], [7651837.16, 620370.4], [7651842.08, 620371.37], [7651847.0, 620372.32], [7651851.92, 620373.27], [7651856.84, 620374.2], [7651861.77, 620375.11], [7651866.7, 620376.01], [7651871.63, 620376.91], [7651876.57, 620377.78], [7651881.5, 620378.65], [7651886.44, 620379.5], [7651891.38, 620380.34], [7651896.33, 620381.16], [7651901.27, 620381.97], [7651906.22, 620382.77], [7651911.17, 620383.56], [7651916.12, 620384.33], [7651921.08, 620385.09], [7651926.03, 620385.84], [7651930.99, 620386.58], [7651935.95, 620387.3], [7651940.91, 620388.01], [7651945.87, 620388.7], [7651950.84, 620389.38], [7651955.81, 620390.05], [7651960.77, 620390.71], [7651965.74, 620391.35], [7651970.72, 620391.98], [7651975.69, 620392.6], [7651980.66, 620393.2], [7651985.64, 620393.79], [7651990.62, 620394.37], [7651995.6, 620394.94], [7652000.58, 620395.49], [7652005.56, 620396.03], [7652010.55, 620396.55], [7652015.53, 620397.07], [7652020.52, 620397.57], [7652025.51, 620398.05], [7652030.5, 620398.53], [7652035.49, 620398.99], [7652040.48, 620399.43], [7652045.47, 620399.87], [7652050.47, 620400.29], [7652055.46, 620400.7], [7652060.46, 620401.09], [7652065.46, 620401.47], [7652070.45, 620401.84], [7652075.45, 620402.2], [7652080.45, 620402.54], [7652080.86, 620402.57], [7652085.84, 620402.9], [7652090.83, 620403.24], [7652095.82, 620403.57], [7652100.81, 620403.91], [7652105.8, 620404.24], [7652110.78, 620404.58], [7652115.77, 620404.91], [7652120.76, 620405.25], [7652125.75, 620405.58], [7652130.74, 620405.91], [7652135.73, 620406.25], [7652140.71, 620406.58], [7652145.7, 620406.92], [7652150.69, 620407.25], [7652155.68, 620407.59], [7652160.67, 620407.92], [7652165.66, 620408.26], [7652170.64, 620408.59], [7652175.63, 620408.93], [7652180.62, 620409.26], [7652185.61, 620409.6], [7652190.6, 620409.93], [7652195.59, 620410.27], [7652200.57, 620410.6], [7652205.56, 620410.94], [7652210.55, 620411.27], [7652215.54, 620411.61], [7652220.53, 620411.94], [7652225.51, 620412.28], [7652230.5, 620412.61], [7652235.49, 620412.95], [7652240.48, 620413.28], [7652245.47, 620413.62], [7652250.46, 620413.95], [7652255.44, 620414.29], [7652260.43, 620414.62], [7652265.42, 620414.96], [7652270.41, 620415.29], [7652275.4, 620415.63], [7652280.39, 620415.96], [7652285.37, 620416.3], [7652290.36, 620416.63], [7652295.35, 620416.97], [7652300.34, 620417.3], [7652305.33, 620417.64], [7652310.31, 620417.97], [7652315.3, 620418.31], [7652320.29, 620418.64], [7652325.28, 620418.98], [7652330.27, 620419.31], [7652335.26, 620419.65], [7652340.24, 620419.98], [7652345.23, 620420.32], [7652350.22, 620420.65], [7652355.21, 620420.99], [7652360.2, 620421.32], [7652365.19, 620421.66], [7652370.17, 620421.99], [7652375.16, 620422.33], [7652380.15, 620422.66], [7652385.14, 620423.0], [7652390.13, 620423.33], [7652395.11, 620423.67], [7652400.1, 620424.0], [7652405.09, 620424.34], [7652410.08, 620424.67], [7652415.07, 620425.01], [7652420.06, 620425.34], [7652425.04, 620425.68], [7652430.03, 620426.01], [7652435.02, 620426.35], [7652440.01, 620426.68], [7652445.0, 620427.02], [7652449.99, 620427.35], [7652454.97, 620427.69], [7652459.96, 620428.02], [7652464.95, 620428.36], [7652469.94, 620428.69], [7652474.93, 620429.03], [7652479.91, 620429.36], [7652484.9, 620429.7], [7652489.89, 620430.03], [7652494.88, 620430.37], [7652499.87, 620430.7], [7652504.86, 620431.04], [7652509.84, 620431.37], [7652514.83, 620431.71], [7652519.82, 620432.04], [7652524.81, 620432.38], [7652529.8, 620432.71], [7652534.79, 620433.05], [7652539.77, 620433.38], [7652544.76, 620433.72], [7652549.75, 620434.05], [7652554.74, 620434.39], [7652559.73, 620434.72], [7652564.71, 620435.06], [7652569.7, 620435.39], [7652574.69, 620435.73], [7652579.68, 620436.06], [7652584.67, 620436.4], [7652589.66, 620436.73], [7652594.64, 620437.07], [7652599.63, 620437.4], [7652604.62, 620437.74], [7652609.61, 620438.07], [7652614.6, 620438.41], [7652619.59, 620438.74], [7652624.57, 620439.08], [7652629.56, 620439.41], [7652634.55, 620439.75], [7652639.54, 620440.08], [7652644.53, 620440.42], [7652649.51, 620440.75], [7652654.5, 620441.09], [7652659.49, 620441.42], [7652664.48, 620441.76], [7652669.47, 620442.09], [7652674.46, 620442.43], [7652679.44, 620442.76], [7652684.43, 620443.1], [7652689.42, 620443.43], [7652694.41, 620443.77], [7652699.4, 620444.1], [7652704.39, 620444.44], [7652709.37, 620444.77], [7652714.36, 620445.11], [7652719.35, 620445.44], [7652724.34, 620445.78], [7652729.33, 620446.11], [7652734.31, 620446.45], [7652739.3, 620446.78], [7652744.29, 620447.12], [7652749.28, 620447.45], [7652754.27, 620447.79], [7652759.26, 620448.12], [7652764.24, 620448.46], [7652769.23, 620448.79], [7652774.22, 620449.13], [7652779.21, 620449.46], [7652784.2, 620449.8], [7652789.19, 620450.13], [7652794.17, 620450.47], [7652799.16, 620450.8], [7652804.15, 620451.14], [7652809.14, 620451.47], [7652814.13, 620451.81], [7652819.11, 620452.14], [7652824.1, 620452.48], [7652829.09, 620452.81], [7652834.08, 620453.15], [7652839.07, 620453.48], [7652844.06, 620453.82], [7652849.04, 620454.15], [7652854.03, 620454.49], [7652859.02, 620454.82], [7652864.01, 620455.16], [7652869.0, 620455.49], [7652873.99, 620455.83], [7652878.97, 620456.16], [7652883.96, 620456.5], [7652888.95, 620456.83], [7652893.94, 620457.17], [7652898.93, 620457.5], [7652903.91, 620457.84], [7652908.9, 620458.17], [7652913.89, 620458.51], [7652918.88, 620458.85], [7652923.87, 620459.18], [7652928.86, 620459.52], [7652933.84, 620459.85], [7652938.83, 620460.19], [7652943.82, 620460.52], [7652948.81, 620460.86], [7652953.8, 620461.19], [7652958.79, 620461.53], [7652963.77, 620461.86], [7652968.76, 620462.2], [7652973.75, 620462.53], [7652978.74, 620462.87], [7652983.73, 620463.2], [7652988.71, 620463.54], [7652993.7, 620463.87], [7652998.69, 620464.21], [7653003.68, 620464.54], [7653008.67, 620464.88], [7653013.66, 620465.21], [7653018.64, 620465.55], [7653023.63, 620465.88], [7653028.62, 620466.22], [7653033.61, 620466.55], [7653038.6, 620466.89], [7653043.59, 620467.22], [7653048.57, 620467.56], [7653053.56, 620467.89], [7653058.55, 620468.23], [7653063.54, 620468.56], [7653068.53, 620468.9], [7653073.51, 620469.23], [7653078.5, 620469.57], [7653083.49, 620469.9], [7653088.48, 620470.24], [7653093.47, 620470.57], [7653098.46, 620470.91], [7653103.44, 620471.24], [7653108.43, 620471.58], [7653113.42, 620471.91], [7653118.41, 620472.25], [7653123.4, 620472.59], [7653128.38, 620472.92], [7653133.37, 620473.26], [7653138.36, 620473.59], [7653143.35, 620473.93], [7653148.34, 620474.26], [7653153.33, 620474.6], [7653158.31, 620474.93], [7653163.3, 620475.27], [7653168.29, 620475.6], [7653173.28, 620475.94], [7653178.27, 620476.27], [7653183.26, 620476.61], [7653188.24, 620476.94], [7653193.23, 620477.28], [7653198.22, 620477.61], [7653203.21, 620477.95], [7653208.2, 620478.28], [7653213.18, 620478.62], [7653218.17, 620478.95], [7653223.16, 620479.29], [7653228.15, 620479.62], [7653233.14, 620479.96], [7653238.13, 620480.29], [7653243.11, 620480.63], [7653248.1, 620480.96], [7653253.09, 620481.3], [7653258.08, 620481.63], [7653263.07, 620481.97], [7653268.06, 620482.3], [7653273.04, 620482.64], [7653278.03, 620482.98], [7653283.02, 620483.31], [7653288.01, 620483.65], [7653293.0, 620483.98], [7653297.98, 620484.32], [7653302.97, 620484.65], [7653307.96, 620484.99], [7653312.95, 620485.32], [7653317.94, 620485.66], [7653322.93, 620485.99], [7653327.91, 620486.33], [7653332.9, 620486.66], [7653337.89, 620487.0], [7653342.88, 620487.33], [7653347.87, 620487.67], [7653352.86, 620488.0], [7653357.84, 620488.34], [7653362.83, 620488.67], [7653367.82, 620489.01], [7653372.81, 620489.34], [7653377.8, 620489.68], [7653382.78, 620490.01], [7653387.77, 620490.35], [7653392.76, 620490.68], [7653397.75, 620491.02], [7653402.74, 620491.36], [7653407.73, 620491.69], [7653412.71, 620492.03], [7653417.7, 620492.36], [7653422.69, 620492.7], [7653427.68, 620493.03], [7653432.67, 620493.37], [7653437.65, 620493.7], [7653442.64, 620494.04], [7653447.63, 620494.37], [7653452.62, 620494.71], [7653457.61, 620495.04], [7653462.6, 620495.38], [7653467.58, 620495.71], [7653472.57, 620496.05], [7653477.56, 620496.38], [7653482.55, 620496.72], [7653487.54, 620497.05], [7653492.53, 620497.39], [7653497.51, 620497.72], [7653502.5, 620498.06], [7653507.49, 620498.39], [7653512.48, 620498.73], [7653517.47, 620499.07], [7653522.45, 620499.4], [7653527.44, 620499.74], [7653532.43, 620500.07], [7653537.42, 620500.41], [7653542.41, 620500.74], [7653547.4, 620501.08], [7653552.38, 620501.41], [7653557.37, 620501.75], [7653562.36, 620502.08], [7653567.35, 620502.42], [7653572.34, 620502.75], [7653577.33, 620503.09], [7653582.31, 620503.42], [7653587.3, 620503.76], [7653592.29, 620504.09], [7653597.28, 620504.43], [7653602.27, 620504.76], [7653607.25, 620505.1], [7653612.24, 620505.44], [7653617.23, 620505.77], [7653622.22, 620506.11], [7653627.21, 620506.44], [7653632.2, 620506.78], [7653637.18, 620507.11], [7653642.17, 620507.45], [7653647.16, 620507.78], [7653652.15, 620508.12], [7653657.14, 620508.45], [7653662.12, 620508.79], [7653667.11, 620509.12], [7653672.1, 620509.46], [7653677.09, 620509.79], [7653682.08, 620510.13], [7653687.07, 620510.46], [7653692.06, 620510.8], [7653697.06, 620511.15], [7653702.05, 620511.51], [7653707.05, 620511.88], [7653712.04, 620512.25], [7653717.04, 620512.64], [7653722.03, 620513.03], [7653727.02, 620513.43], [7653732.01, 620513.84], [7653737.0, 620514.26], [7653741.99, 620514.69], [7653746.98, 620515.12], [7653751.97, 620515.57], [7653756.96, 620516.02], [7653761.94, 620516.48], [7653766.93, 620516.96], [7653771.91, 620517.44], [7653776.9, 620517.92], [7653781.88, 620518.42], [7653786.86, 620518.93], [7653791.84, 620519.44], [7653796.83, 620519.97], [7653801.8, 620520.5], [7653806.78, 620521.04], [7653811.76, 620521.59], [7653816.74, 620522.15], [7653821.71, 620522.71], [7653826.69, 620523.29], [7653831.66, 620523.87], [7653836.64, 620524.47], [7653841.61, 620525.07], [7653846.58, 620525.68], [7653851.55, 620526.3], [7653856.52, 620526.93], [7653861.48, 620527.56], [7653866.45, 620528.21], [7653871.41, 620528.86], [7653876.38, 620529.52], [7653881.34, 620530.19], [7653886.3, 620530.87], [7653891.26, 620531.56], [7653896.22, 620532.26], [7653901.18, 620532.97], [7653906.14, 620533.68], [7653911.09, 620534.4], [7653916.05, 620535.14], [7653921.0, 620535.88], [7653925.95, 620536.63], [7653930.9, 620537.38], [7653935.85, 620538.15], [7653940.8, 620538.93], [7653945.75, 620539.71], [7653950.69, 620540.5], [7653955.63, 620541.3], [7653960.58, 620542.11], [7653965.52, 620542.93], [7653970.46, 620543.76], [7653975.39, 620544.59], [7653980.33, 620545.44], [7653985.26, 620546.29], [7653990.2, 620547.15], [7653995.13, 620548.02], [7654000.06, 620548.9], [7654004.99, 620549.79], [7654009.92, 620550.68], [7654014.84, 620551.59], [7654019.77, 620552.5], [7654024.69, 620553.42], [7654029.61, 620554.36], [7654034.53, 620555.29], [7654039.45, 620556.24], [7654044.36, 620557.2], [7654049.28, 620558.16], [7654054.19, 620559.14], [7654059.1, 620560.12], [7654064.01, 620561.11], [7654068.92, 620562.11], [7654073.82, 620563.12], [7654078.73, 620564.13], [7654083.63, 620565.16], [7654088.53, 620566.19], [7654093.43, 620567.23], [7654098.32, 620568.28], [7654103.22, 620569.34], [7654108.11, 620570.41], [7654113.0, 620571.49], [7654117.89, 620572.57], [7654122.78, 620573.67], [7654127.66, 620574.77], [7654132.55, 620575.88], [7654137.43, 620577.0], [7654142.31, 620578.13], [7654147.18, 620579.26], [7654152.06, 620580.41], [7654156.93, 620581.56], [7654161.8, 620582.72], [7654166.67, 620583.89], [7654171.54, 620585.07], [7654176.41, 620586.26], [7654181.27, 620587.45], [7654186.13, 620588.66], [7654190.99, 620589.87], [7654195.85, 620591.09], [7654200.7, 620592.32], [7654205.55, 620593.56], [7654210.4, 620594.81], [7654215.25, 620596.06], [7654220.1, 620597.32], [7654224.94, 620598.6], [7654229.78, 620599.88], [7654234.62, 620601.17], [7654239.46, 620602.46], [7654244.29, 620603.77], [7654249.13, 620605.08], [7654253.96, 620606.41], [7654258.78, 620607.74], [7654263.61, 620609.08], [7654268.43, 620610.43], [7654273.25, 620611.78], [7654278.07, 620613.15], [7654282.89, 620614.52], [7654287.7, 620615.9], [7654292.51, 620617.29], [7654297.32, 620618.69], [7654302.13, 620620.1], [7654306.93, 620621.51], [7654311.73, 620622.94], [7654316.53, 620624.37], [7654321.33, 620625.81], [7654326.12, 620627.26], [7654330.91, 620628.72], [7654335.7, 620630.18], [7654340.49, 620631.66], [7654345.27, 620633.14], [7654350.05, 620634.63], [7654354.83, 620636.13], [7654359.61, 620637.64], [7654364.38, 620639.15], [7654369.15, 620640.68], [7654373.92, 620642.21], [7654378.68, 620643.75], [7654383.45, 620645.3], [7654388.21, 620646.86], [7654392.96, 620648.43], [7654397.72, 620650.0], [7654402.47, 620651.58], [7654407.22, 620653.17], [7654411.96, 620654.77], [7654416.7, 620656.38], [7654421.45, 620658.0], [7654426.18, 620659.62], [7654430.92, 620661.25], [7654435.65, 620662.89], [7654440.38, 620664.54], [7654445.1, 620666.2], [7654449.83, 620667.87], [7654454.55, 620669.54], [7654459.26, 620671.22], [7654463.98, 620672.91], [7654468.69, 620674.61], [7654473.4, 620676.32], [7654478.1, 620678.03], [7654482.8, 620679.75], [7654487.5, 620681.49], [7654492.2, 620683.22], [7654496.89, 620684.97], [7654501.58, 620686.73], [7654506.27, 620688.49], [7654510.95, 620690.27], [7654515.63, 620692.05], [7654520.31, 620693.83], [7654524.99, 620695.63], [7654529.66, 620697.44], [7654534.33, 620699.25], [7654538.99, 620701.07], [7654543.65, 620702.9], [7654548.31, 620704.74], [7654552.97, 620706.58], [7654557.62, 620708.44], [7654562.27, 620710.3], [7654566.91, 620712.17], [7654571.56, 620714.05], [7654576.2, 620715.94], [7654580.83, 620717.83], [7654585.46, 620719.73], [7654590.09, 620721.64], [7654594.72, 620723.56], [7654599.34, 620725.49], [7654603.96, 620727.42], [7654608.58, 620729.37], [7654613.19, 620731.32], [7654617.8, 620733.28], [7654622.4, 620735.25], [7654627.01, 620737.22], [7654631.6, 620739.2], [7654633.33, 620739.95], [7654637.92, 620741.94], [7654642.51, 620743.92], [7654647.1, 620745.9], [7654651.69, 620747.89], [7654656.28, 620749.87], [7654660.87, 620751.86], [7654665.45, 620753.84], [7654670.04, 620755.82], [7654674.63, 620757.81], [7654679.22, 620759.79], [7654683.81, 620761.78], [7654688.4, 620763.76], [7654692.99, 620765.74], [7654697.58, 620767.73], [7654702.17, 620769.71], [7654706.76, 620771.7], [7654711.34, 620773.68], [7654715.93, 620775.66], [7654720.52, 620777.65], [7654725.11, 620779.63], [7654729.7, 620781.62], [7654734.29, 620783.6], [7654738.88, 620785.58], [7654743.47, 620787.57], [7654748.06, 620789.55], [7654752.64, 620791.54], [7654757.23, 620793.52], [7654761.82, 620795.5], [7654766.41, 620797.49], [7654771.0, 620799.47], [7654775.59, 620801.46], [7654780.18, 620803.44], [7654784.77, 620805.42], [7654789.36, 620807.41], [7654793.94, 620809.39], [7654798.53, 620811.38], [7654803.12, 620813.36], [7654807.71, 620815.35], [7654812.3, 620817.33], [7654816.89, 620819.31], [7654821.48, 620821.3], [7654826.07, 620823.28], [7654830.66, 620825.27], [7654835.25, 620827.25], [7654839.83, 620829.23], [7654844.42, 620831.22], [7654849.01, 620833.2], [7654853.6, 620835.19], [7654858.19, 620837.17], [7654862.78, 620839.15], [7654867.37, 620841.14], [7654871.96, 620843.12], [7654876.55, 620845.11], [7654881.13, 620847.09], [7654885.72, 620849.07], [7654890.31, 620851.06], [7654894.9, 620853.04], [7654899.49, 620855.03], [7654904.08, 620857.01], [7654908.67, 620858.99], [7654913.26, 620860.98], [7654917.85, 620862.96], [7654922.43, 620864.95], [7654927.02, 620866.93], [7654931.62, 620868.92], [7654936.22, 620870.93], [7654940.81, 620872.93], [7654945.4, 620874.95], [7654949.98, 620876.98], [7654954.56, 620879.01], [7654959.14, 620881.05], [7654963.71, 620883.1], [7654968.29, 620885.16], [7654972.85, 620887.22], [7654977.42, 620889.3], [7654981.97, 620891.38], [7654986.53, 620893.47], [7654991.08, 620895.56], [7654995.63, 620897.67], [7655000.18, 620899.78], [7655004.72, 620901.9], [7655009.25, 620904.03], [7655013.79, 620906.17], [7655018.32, 620908.32], [7655022.84, 620910.47], [7655027.37, 620912.63], [7655031.89, 620914.8], [7655036.4, 620916.97], [7655040.91, 620919.16], [7655045.42, 620921.35], [7655049.92, 620923.55], [7655054.42, 620925.76], [7655058.92, 620927.98], [7655063.41, 620930.2], [7655067.9, 620932.43], [7655072.38, 620934.67], [7655076.86, 620936.92], [7655081.34, 620939.17], [7655085.81, 620941.44], [7655090.28, 620943.71], [7655094.74, 620945.99], [7655099.2, 620948.27], [7655103.66, 620950.57], [7655108.11, 620952.87], [7655112.56, 620955.18], [7655117.0, 620957.5], [7655121.44, 620959.82], [7655125.88, 620962.15], [7655130.31, 620964.5], [7655134.74, 620966.84], [7655139.16, 620969.2], [7655143.58, 620971.56], [7655148.0, 620973.94], [7655152.41, 620976.32], [7655156.81, 620978.7], [7655161.22, 620981.1], [7655165.62, 620983.5], [7655170.01, 620985.91], [7655174.4, 620988.33], [7655178.79, 620990.76], [7655183.17, 620993.19], [7655187.54, 620995.63], [7655191.92, 620998.08], [7655196.29, 621000.54], [7655200.65, 621003.0], [7655205.01, 621005.47], [7655209.37, 621007.95], [7655213.72, 621010.44], [7655218.07, 621012.93], [7655222.41, 621015.44], [7655226.75, 621017.95], [7655231.08, 621020.46], [7655235.41, 621022.99], [7655239.74, 621025.52], [7655244.06, 621028.06], [7655248.37, 621030.61], [7655252.69, 621033.16], [7655256.99, 621035.73], [7655261.3, 621038.3], [7655265.59, 621040.87], [7655269.89, 621043.46], [7655274.18, 621046.05], [7655278.46, 621048.65], [7655282.74, 621051.26], [7655287.02, 621053.88], [7655291.29, 621056.5], [7655295.56, 621059.13], [7655299.82, 621061.77], [7655304.07, 621064.41], [7655308.33, 621067.06], [7655312.57, 621069.72], [7655316.82, 621072.39], [7655321.06, 621075.07], [7655325.29, 621077.75], [7655329.52, 621080.44], [7655333.74, 621083.14], [7655337.96, 621085.84], [7655342.18, 621088.55], [7655346.39, 621091.27], [7655350.6, 621094.0], [7655354.8, 621096.73], [7655358.99, 621099.47], [7655363.18, 621102.22], [7655367.37, 621104.98], [7655371.55, 621107.74], [7655375.73, 621110.51], [7655379.9, 621113.29], [7655384.07, 621116.08], [7655388.23, 621118.87], [7655392.39, 621121.67], [7655396.54, 621124.48], [7655400.69, 621127.29], [7655404.83, 621130.11], [7655408.97, 621132.94], [7655413.1, 621135.78], [7655417.23, 621138.62], [7655421.35, 621141.47], [7655425.47, 621144.33], [7655429.58, 621147.19], [7655433.69, 621150.06], [7655437.79, 621152.94], [7655441.89, 621155.83], [7655445.98, 621158.72], [7655450.07, 621161.63], [7655454.15, 621164.53], [7655458.22, 621167.45], [7655462.3, 621170.37], [7655466.36, 621173.3], [7655470.43, 621176.24], [7655474.48, 621179.18], [7655478.53, 621182.13], [7655482.58, 621185.09], [7655486.62, 621188.05], [7655490.66, 621191.03], [7655494.69, 621194.0], [7655498.71, 621196.99], [7655499.46, 621197.54], [7655503.47, 621200.53], [7655507.49, 621203.51], [7655511.5, 621206.49], [7655515.51, 621209.47], [7655519.52, 621212.45], [7655523.54, 621215.44], [7655527.55, 621218.42], [7655531.56, 621221.4], [7655535.57, 621224.38], [7655539.59, 621227.36], [7655543.6, 621230.35], [7655547.61, 621233.33], [7655551.63, 621236.31], [7655555.64, 621239.29], [7655559.65, 621242.27], [7655563.66, 621245.26], [7655567.68, 621248.24], [7655571.69, 621251.22], [7655575.7, 621254.2], [7655579.72, 621257.18], [7655583.73, 621260.17], [7655587.74, 621263.15], [7655591.75, 621266.13], [7655595.77, 621269.11], [7655599.78, 621272.09], [7655603.79, 621275.08], [7655607.8, 621278.06], [7655611.82, 621281.04], [7655615.83, 621284.02], [7655619.84, 621287.0], [7655623.86, 621289.99], [7655627.87, 621292.97], [7655631.88, 621295.95], [7655635.89, 621298.93], [7655639.91, 621301.92], [7655643.92, 621304.9], [7655647.93, 621307.88], [7655651.95, 621310.86], [7655655.96, 621313.84], [7655659.97, 621316.83], [7655663.98, 621319.81], [7655668.0, 621322.79], [7655672.01, 621325.77], [7655676.02, 621328.75], [7655680.03, 621331.74], [7655684.05, 621334.72], [7655688.06, 621337.7], [7655692.07, 621340.68], [7655696.09, 621343.66], [7655700.1, 621346.65], [7655704.11, 621349.63], [7655708.12, 621352.61], [7655712.14, 621355.59], [7655716.15, 621358.57], [7655720.16, 621361.56], [7655724.17, 621364.54], [7655728.19, 621367.52], [7655732.2, 621370.5], [7655736.21, 621373.48], [7655740.23, 621376.47], [7655744.24, 621379.45], [7655748.25, 621382.43], [7655752.26, 621385.41], [7655756.28, 621388.39], [7655760.29, 621391.38], [7655764.3, 621394.36], [7655768.31, 621397.34], [7655772.33, 621400.32], [7655776.34, 621403.3], [7655780.35, 621406.29], [7655784.37, 621409.27], [7655788.38, 621412.25], [7655792.39, 621415.23], [7655796.4, 621418.21], [7655800.42, 621421.2], [7655804.43, 621424.18], [7655808.44, 621427.16], [7655812.46, 621430.14], [7655816.47, 621433.12], [7655820.48, 621436.11], [7655824.49, 621439.09], [7655828.51, 621442.07], [7655832.52, 621445.05], [7655836.53, 621448.04], [7655840.54, 621451.02], [7655844.56, 621454.0], [7655848.57, 621456.98], [7655852.58, 621459.96], [7655856.6, 621462.95], [7655860.61, 621465.93], [7655864.62, 621468.91], [7655868.63, 621471.89], [7655872.65, 621474.87], [7655876.66, 621477.86], [7655880.67, 621480.84], [7655884.68, 621483.82], [7655888.7, 621486.8], [7655892.71, 621489.78], [7655896.72, 621492.77], [7655900.74, 621495.75], [7655904.75, 621498.73], [7655908.76, 621501.71], [7655912.77, 621504.69], [7655916.79, 621507.68], [7655920.8, 621510.66], [7655924.81, 621513.64], [7655928.82, 621516.62], [7655932.84, 621519.6], [7655936.85, 621522.59], [7655940.86, 621525.57], [7655944.88, 621528.55], [7655948.89, 621531.53], [7655952.9, 621534.52], [7655956.91, 621537.5], [7655960.93, 621540.48], [7655964.94, 621543.46], [7655968.95, 621546.44], [7655972.96, 621549.43], [7655976.98, 621552.41], [7655980.99, 621555.39], [7655985.0, 621558.37], [7655989.02, 621561.35], [7655993.03, 621564.34], [7655997.04, 621567.32], [7656001.05, 621570.3], [7656005.07, 621573.28], [7656009.08, 621576.26], [7656013.09, 621579.25], [7656017.1, 621582.23], [7656021.12, 621585.21], [7656025.13, 621588.19], [7656029.14, 621591.17], [7656033.15, 621594.16], [7656037.17, 621597.14], [7656041.18, 621600.12], [7656045.19, 621603.1], [7656049.21, 621606.09], [7656053.22, 621609.07], [7656057.23, 621612.05], [7656061.24, 621615.03], [7656065.26, 621618.01], [7656069.27, 621621.0], [7656073.28, 621623.98], [7656077.29, 621626.96], [7656081.31, 621629.94], [7656085.32, 621632.92], [7656089.33, 621635.91], [7656093.35, 621638.89], [7656097.36, 621641.87], [7656101.37, 621644.85], [7656105.38, 621647.83], [7656109.4, 621650.82], [7656113.41, 621653.8], [7656117.42, 621656.78], [7656121.43, 621659.76], [7656125.45, 621662.75], [7656129.46, 621665.73], [7656133.47, 621668.71], [7656137.49, 621671.69], [7656141.5, 621674.67], [7656145.51, 621677.66], [7656149.52, 621680.64], [7656153.54, 621683.62], [7656157.55, 621686.6], [7656161.56, 621689.58], [7656165.57, 621692.57], [7656169.59, 621695.55], [7656173.6, 621698.53], [7656177.61, 621701.51], [7656181.62, 621704.5], [7656185.64, 621707.48], [7656189.65, 621710.46], [7656193.66, 621713.44], [7656197.68, 621716.42], [7656201.69, 621719.41], [7656205.7, 621722.39], [7656209.71, 621725.37], [7656213.73, 621728.35], [7656217.74, 621731.33], [7656221.75, 621734.32], [7656225.76, 621737.3], [7656229.78, 621740.28], [7656233.79, 621743.26], [7656237.8, 621746.25], [7656241.82, 621749.23], [7656245.83, 621752.21], [7656249.84, 621755.19], [7656253.85, 621758.17], [7656257.87, 621761.16], [7656261.88, 621764.14], [7656265.89, 621767.12], [7656269.9, 621770.1], [7656273.92, 621773.08], [7656277.93, 621776.07], [7656281.94, 621779.05], [7656285.95, 621782.03], [7656289.97, 621785.01], [7656293.98, 621788.0], [7656297.99, 621790.98], [7656302.01, 621793.96], [7656306.02, 621796.94], [7656310.03, 621799.92], [7656314.04, 621802.91], [7656318.06, 621805.89], [7656322.07, 621808.87], [7656326.08, 621811.85], [7656330.09, 621814.83], [7656334.11, 621817.82], [7656338.12, 621820.8], [7656342.13, 621823.78], [7656346.14, 621826.76], [7656350.16, 621829.75], [7656354.17, 621832.73], [7656358.18, 621835.71], [7656362.2, 621838.69], [7656366.21, 621841.67], [7656370.22, 621844.66], [7656374.23, 621847.64], [7656378.25, 621850.62], [7656382.26, 621853.6], [7656386.27, 621856.58], [7656390.28, 621859.57], [7656394.3, 621862.55], [7656398.31, 621865.53], [7656402.32, 621868.51], [7656406.33, 621871.5], [7656410.35, 621874.48], [7656414.36, 621877.46], [7656418.37, 621880.44], [7656422.39, 621883.42], [7656426.4, 621886.41], [7656430.41, 621889.39], [7656434.42, 621892.37], [7656438.44, 621895.35], [7656442.45, 621898.34], [7656446.46, 621901.32], [7656450.47, 621904.3], [7656454.49, 621907.28], [7656458.5, 621910.26], [7656462.51, 621913.25], [7656466.52, 621916.23], [7656470.54, 621919.21], [7656474.54, 621922.2], [7656478.55, 621925.19], [7656482.55, 621928.18], [7656486.55, 621931.18], [7656490.55, 621934.18], [7656494.55, 621937.19], [7656498.54, 621940.2], [7656502.53, 621943.21], [7656506.52, 621946.22], [7656510.51, 621949.24], [7656514.49, 621952.27], [7656518.47, 621955.29], [7656522.44, 621958.32], [7656526.42, 621961.35], [7656530.39, 621964.39], [7656534.36, 621967.43], [7656538.33, 621970.47], [7656542.29, 621973.52], [7656546.25, 621976.57], [7656550.21, 621979.62], [7656554.17, 621982.68], [7656558.12, 621985.74], [7656562.07, 621988.8], [7656566.02, 621991.87], [7656569.96, 621994.94], [7656573.91, 621998.02], [7656577.85, 622001.09], [7656581.78, 622004.17], [7656585.72, 622007.26], [7656589.65, 622010.35], [7656593.58, 622013.44], [7656597.51, 622016.53], [7656601.43, 622019.63], [7656605.35, 622022.73], [7656609.27, 622025.84], [7656613.18, 622028.95], [7656617.1, 622032.06], [7656621.01, 622035.17], [7656624.92, 622038.29], [7656628.82, 622041.41], [7656632.72, 622044.54], [7656636.62, 622047.67], [7656640.52, 622050.8], [7656644.41, 622053.94], [7656648.3, 622057.08], [7656652.19, 622060.22], [7656656.08, 622063.37], [7656659.96, 622066.51], [7656663.84, 622069.67], [7656667.72, 622072.82], [7656671.59, 622075.98], [7656675.46, 622079.15], [7656679.33, 622082.31], [7656683.2, 622085.48], [7656687.06, 622088.65], [7656690.92, 622091.83], [7656694.78, 622095.01], [7656698.64, 622098.19], [7656702.49, 622101.38], [7656706.34, 622104.57], [7656710.19, 622107.76], [7656714.03, 622110.96], [7656717.87, 622114.16], [7656721.71, 622117.36], [7656725.54, 622120.57], [7656729.38, 622123.78], [7656733.21, 622126.99], [7656737.04, 622130.21], [7656740.86, 622133.43], [7656744.68, 622136.65], [7656746.85, 622138.48], [7656750.67, 622141.71], [7656754.49, 622144.93], [7656758.31, 622148.16], [7656762.13, 622151.38], [7656765.95, 622154.61], [7656769.77, 622157.83], [7656773.59, 622161.06], [7656777.41, 622164.28], [7656781.23, 622167.51], [7656785.05, 622170.73], [7656788.87, 622173.96], [7656792.69, 622177.18], [7656796.51, 622180.41], [7656800.33, 622183.63], [7656804.15, 622186.86], [7656807.97, 622190.08], [7656811.79, 622193.31], [7656815.61, 622196.53], [7656819.43, 622199.76], [7656823.25, 622202.98], [7656827.07, 622206.21], [7656830.89, 622209.43], [7656834.71, 622212.66], [7656838.53, 622215.88], [7656842.35, 622219.11], [7656846.17, 622222.33], [7656850.0, 622225.56], [7656853.82, 622228.78], [7656857.64, 622232.01], [7656861.46, 622235.23], [7656865.28, 622238.46], [7656869.1, 622241.68], [7656872.92, 622244.91], [7656876.74, 622248.13], [7656880.56, 622251.36], [7656884.38, 622254.58], [7656888.2, 622257.81], [7656892.02, 622261.03], [7656895.84, 622264.26], [7656899.66, 622267.48], [7656903.48, 622270.71], [7656907.3, 622273.93], [7656911.12, 622277.16], [7656914.94, 622280.38], [7656918.76, 622283.61], [7656922.58, 622286.83], [7656926.4, 622290.06], [7656930.22, 622293.28], [7656934.04, 622296.51], [7656937.86, 622299.73], [7656941.68, 622302.96], [7656945.5, 622306.18], [7656949.32, 622309.41], [7656953.14, 622312.63], [7656956.96, 622315.86], [7656960.78, 622319.08], [7656964.6, 622322.31], [7656968.42, 622325.53], [7656972.24, 622328.76], [7656976.06, 622331.98], [7656979.88, 622335.21], [7656983.7, 622338.43], [7656987.52, 622341.66], [7656991.34, 622344.88], [7656995.16, 622348.11], [7656998.98, 622351.33], [7657002.8, 622354.56], [7657006.62, 622357.78], [7657010.44, 622361.01], [7657014.26, 622364.23], [7657018.08, 622367.46], [7657021.91, 622370.68], [7657025.73, 622373.91], [7657029.55, 622377.13], [7657033.37, 622380.36], [7657037.19, 622383.58], [7657041.01, 622386.81], [7657044.83, 622390.03], [7657048.65, 622393.26], [7657052.47, 622396.48], [7657056.29, 622399.71], [7657060.11, 622402.93], [7657063.93, 622406.16], [7657067.75, 622409.38], [7657071.57, 622412.61], [7657075.39, 622415.83], [7657079.21, 622419.06], [7657083.03, 622422.28], [7657086.85, 622425.51], [7657090.67, 622428.73], [7657094.49, 622431.96], [7657098.31, 622435.18], [7657102.13, 622438.41], [7657105.95, 622441.63], [7657109.77, 622444.86], [7657113.59, 622448.08], [7657117.41, 622451.31], [7657121.23, 622454.53], [7657125.05, 622457.76], [7657128.87, 622460.98], [7657132.69, 622464.21], [7657136.51, 622467.43], [7657140.33, 622470.66], [7657144.15, 622473.88], [7657147.97, 622477.11], [7657151.79, 622480.33], [7657155.61, 622483.56], [7657159.43, 622486.78], [7657163.25, 622490.01], [7657167.07, 622493.23], [7657170.89, 622496.46], [7657174.71, 622499.68], [7657178.53, 622502.91], [7657182.35, 622506.13], [7657186.17, 622509.36], [7657189.99, 622512.58], [7657193.81, 622515.81], [7657197.63, 622519.03], [7657201.45, 622522.26], [7657205.27, 622525.48], [7657209.09, 622528.71], [7657212.91, 622531.93], [7657216.74, 622535.16], [7657220.56, 622538.38], [7657224.38, 622541.61], [7657228.2, 622544.83], [7657232.02, 622548.06], [7657235.84, 622551.28], [7657239.66, 622554.51], [7657243.48, 622557.73], [7657247.3, 622560.96], [7657251.12, 622564.18], [7657254.94, 622567.41], [7657258.76, 622570.63], [7657262.58, 622573.86], [7657266.4, 622577.08], [7657270.22, 622580.31], [7657274.04, 622583.53], [7657277.86, 622586.76], [7657281.68, 622589.98], [7657285.5, 622593.21], [7657289.32, 622596.43], [7657293.14, 622599.66], [7657296.96, 622602.89], [7657300.78, 622606.11], [7657304.6, 622609.34], [7657308.42, 622612.56], [7657312.24, 622615.79], [7657316.06, 622619.01], [7657319.88, 622622.24], [7657323.7, 622625.46], [7657327.52, 622628.69], [7657331.34, 622631.91], [7657335.16, 622635.14], [7657338.98, 622638.36], [7657342.8, 622641.59], [7657346.62, 622644.81], [7657350.44, 622648.04], [7657354.26, 622651.26], [7657358.08, 622654.49], [7657361.9, 622657.71], [7657365.72, 622660.94], [7657369.54, 622664.16], [7657373.36, 622667.39], [7657377.18, 622670.61], [7657381.0, 622673.84], [7657384.82, 622677.06], [7657388.64, 622680.29], [7657392.46, 622683.51], [7657396.28, 622686.74], [7657400.1, 622689.96], [7657403.92, 622693.19], [7657407.74, 622696.41], [7657411.56, 622699.64], [7657415.38, 622702.86], [7657419.2, 622706.09], [7657423.02, 622709.31], [7657426.84, 622712.54], [7657430.66, 622715.76], [7657434.48, 622718.99], [7657438.3, 622722.21], [7657442.12, 622725.44], [7657445.94, 622728.66], [7657449.76, 622731.89], [7657453.59, 622735.11], [7657457.41, 622738.34], [7657461.23, 622741.56], [7657465.05, 622744.79], [7657468.87, 622748.01], [7657472.69, 622751.24], [7657476.51, 622754.46], [7657480.33, 622757.69], [7657484.15, 622760.91], [7657487.97, 622764.14], [7657491.79, 622767.36], [7657495.61, 622770.59], [7657499.43, 622773.81], [7657503.25, 622777.04], [7657507.07, 622780.26], [7657510.89, 622783.49], [7657514.71, 622786.72], [7657518.53, 622789.94], [7657522.35, 622793.17], [7657526.17, 622796.39], [7657529.99, 622799.62], [7657533.81, 622802.84], [7657537.63, 622806.07], [7657541.45, 622809.29], [7657545.27, 622812.52], [7657549.09, 622815.74], [7657552.91, 622818.97], [7657556.73, 622822.19], [7657560.55, 622825.42], [7657564.37, 622828.64], [7657568.19, 622831.87], [7657572.01, 622835.09], [7657575.83, 622838.32], [7657579.65, 622841.54], [7657583.47, 622844.77], [7657587.29, 622847.99], [7657591.11, 622851.22], [7657594.93, 622854.44], [7657598.75, 622857.67], [7657602.57, 622860.89], [7657606.39, 622864.12], [7657610.21, 622867.34], [7657614.03, 622870.57], [7657617.85, 622873.79], [7657621.67, 622877.02], [7657625.49, 622880.24], [7657629.31, 622883.47], [7657633.13, 622886.69], [7657636.95, 622889.92], [7657640.77, 622893.14], [7657644.59, 622896.37], [7657648.41, 622899.59], [7657652.23, 622902.82], [7657656.05, 622906.04], [7657659.87, 622909.27], [7657663.69, 622912.49], [7657667.51, 622915.72], [7657671.33, 622918.95], [7657675.15, 622922.17], [7657678.97, 622925.4], [7657682.79, 622928.62], [7657686.61, 622931.85], [7657690.43, 622935.07], [7657694.25, 622938.3], [7657698.07, 622941.52], [7657701.89, 622944.75], [7657705.71, 622947.97], [7657709.53, 622951.2], [7657713.35, 622954.42], [7657717.17, 622957.65], [7657720.99, 622960.87], [7657724.81, 622964.1], [7657728.63, 622967.32], [7657732.45, 622970.55], [7657736.27, 622973.77], [7657740.09, 622977.0], [7657743.91, 622980.22], [7657747.73, 622983.45], [7657751.55, 622986.67], [7657755.37, 622989.9], [7657759.19, 622993.12], [7657763.01, 622996.35], [7657766.83, 622999.57], [7657770.66, 623002.8], [7657774.48, 623006.02], [7657778.3, 623009.25], [7657782.12, 623012.47], [7657785.94, 623015.7], [7657789.76, 623018.92], [7657793.58, 623022.15], [7657797.4, 623025.38], [7657801.22, 623028.6], [7657805.04, 623031.83], [7657808.86, 623035.05], [7657812.68, 623038.28], [7657816.5, 623041.5], [7657820.32, 623044.73], [7657824.14, 623047.95], [7657827.96, 623051.18], [7657831.78, 623054.4], [7657835.6, 623057.63], [7657839.42, 623060.85], [7657843.24, 623064.08], [7657847.06, 623067.3], [7657850.88, 623070.53], [7657854.7, 623073.75], [7657858.52, 623076.98], [7657862.34, 623080.2], [7657866.16, 623083.43], [7657869.98, 623086.65], [7657873.8, 623089.88], [7657877.62, 623093.1], [7657881.44, 623096.33], [7657885.26, 623099.55], [7657889.08, 623102.78], [7657892.9, 623106.0], [7657896.72, 623109.23], [7657900.54, 623112.45], [7657904.36, 623115.68], [7657908.18, 623118.9], [7657911.98, 623122.13], [7657915.78, 623125.35], [7657919.57, 623128.59], [7657923.36, 623131.84], [7657927.14, 623135.09], [7657930.91, 623138.35], [7657934.67, 623141.62], [7657938.43, 623144.9], [7657942.18, 623148.18], [7657945.92, 623151.48], [7657949.65, 623154.78], [7657953.38, 623158.09], [7657957.1, 623161.41], [7657960.82, 623164.74], [7657964.52, 623168.07], [7657968.22, 623171.41], [7657971.91, 623174.77], [7657975.6, 623178.12], [7657979.27, 623181.49], [7657982.94, 623184.87], [7657986.61, 623188.25], [7657990.26, 623191.64], [7657993.91, 623195.04], [7657997.55, 623198.45], [7658001.18, 623201.86], [7658004.81, 623205.28], [7658008.42, 623208.71], [7658012.03, 623212.15], [7658015.64, 623215.6], [7658019.23, 623219.05], [7658022.82, 623222.51], [7658026.4, 623225.98], [7658029.97, 623229.46], [7658033.54, 623232.95], [7658037.1, 623236.44], [7658040.65, 623239.94], [7658044.19, 623243.45], [7658047.72, 623246.96], [7658051.25, 623250.49], [7658054.77, 623254.02], [7658058.28, 623257.56], [7658061.79, 623261.1], [7658065.28, 623264.66], [7658068.77, 623268.22], [7658072.25, 623271.79], [7658075.72, 623275.37], [7658079.19, 623278.95], [7658082.65, 623282.54], [7658083.5, 623283.43], [7658086.96, 623287.03], [7658090.42, 623290.64], [7658093.88, 623294.24], [7658097.35, 623297.85], [7658100.81, 623301.46], [7658104.27, 623305.06], [7658107.74, 623308.67], [7658111.2, 623312.27], [7658114.66, 623315.88], [7658118.13, 623319.49], [7658121.59, 623323.09], [7658125.05, 623326.7], [7658128.52, 623330.3], [7658131.98, 623333.91], [7658135.44, 623337.52], [7658138.9, 623341.12], [7658142.37, 623344.73], [7658145.83, 623348.33], [7658149.29, 623351.94], [7658152.76, 623355.54], [7658156.22, 623359.15], [7658159.68, 623362.76], [7658163.15, 623366.36], [7658166.61, 623369.97], [7658170.07, 623373.57], [7658173.53, 623377.18], [7658177.0, 623380.79], [7658180.46, 623384.39], [7658183.92, 623388.0], [7658187.39, 623391.6], [7658190.85, 623395.21], [7658194.31, 623398.81], [7658197.78, 623402.42], [7658201.24, 623406.03], [7658204.7, 623409.63], [7658208.16, 623413.24], [7658211.63, 623416.84], [7658215.09, 623420.45], [7658218.55, 623424.06], [7658222.02, 623427.66], [7658225.48, 623431.27], [7658228.94, 623434.87], [7658232.41, 623438.48], [7658235.87, 623442.08], [7658239.33, 623445.69], [7658242.8, 623449.3], [7658246.26, 623452.9], [7658249.72, 623456.51], [7658253.18, 623460.11], [7658256.65, 623463.72], [7658260.11, 623467.33], [7658263.57, 623470.93], [7658267.04, 623474.54], [7658270.5, 623478.14], [7658273.96, 623481.75], [7658277.43, 623485.36], [7658280.89, 623488.96], [7658284.35, 623492.57], [7658287.81, 623496.17], [7658291.28, 623499.78], [7658294.74, 623503.38], [7658298.2, 623506.99], [7658301.67, 623510.6], [7658305.13, 623514.2], [7658308.59, 623517.81], [7658312.06, 623521.41], [7658315.52, 623525.02], [7658318.98, 623528.63], [7658322.44, 623532.23], [7658325.91, 623535.84], [7658329.37, 623539.44], [7658332.83, 623543.05], [7658336.3, 623546.66], [7658339.76, 623550.26], [7658343.22, 623553.87], [7658346.69, 623557.47], [7658350.15, 623561.08], [7658353.61, 623564.68], [7658357.07, 623568.29], [7658360.54, 623571.9], [7658364.0, 623575.5], [7658367.46, 623579.11], [7658370.93, 623582.71], [7658374.39, 623586.32], [7658377.85, 623589.93], [7658381.32, 623593.53], [7658384.78, 623597.14], [7658388.24, 623600.74], [7658391.7, 623604.35], [7658395.17, 623607.96], [7658398.63, 623611.56], [7658402.09, 623615.17], [7658405.56, 623618.77], [7658409.02, 623622.38], [7658412.48, 623625.98], [7658415.95, 623629.59], [7658419.41, 623633.2], [7658422.87, 623636.8], [7658426.33, 623640.41], [7658429.8, 623644.01], [7658433.26, 623647.62], [7658436.72, 623651.23], [7658440.19, 623654.83], [7658443.65, 623658.44], [7658447.11, 623662.04], [7658450.58, 623665.65], [7658454.04, 623669.26], [7658457.53, 623672.87], [7658461.03, 623676.48], [7658464.54, 623680.07], [7658468.06, 623683.66], [7658471.6, 623687.23], [7658475.15, 623690.78], [7658478.71, 623694.33], [7658482.29, 623697.86], [7658485.88, 623701.38], [7658489.48, 623704.88], [7658493.09, 623708.38], [7658496.71, 623711.86], [7658500.35, 623715.33], [7658504.0, 623718.78], [7658507.66, 623722.23], [7658511.33, 623725.66], [7658515.02, 623729.07], [7658518.71, 623732.48], [7658522.42, 623735.87], [7658526.14, 623739.25], [7658529.88, 623742.61], [7658533.62, 623745.97], [7658537.38, 623749.3], [7658541.14, 623752.63], [7658544.92, 623755.94], [7658548.71, 623759.24], [7658552.52, 623762.53], [7658556.33, 623765.8], [7658560.16, 623769.06], [7658563.99, 623772.3], [7658567.84, 623775.54], [7658571.7, 623778.75], [7658575.57, 623781.96], [7658579.45, 623785.15], [7658583.35, 623788.33], [7658587.25, 623791.49], [7658591.17, 623794.64], [7658595.09, 623797.78], [7658599.03, 623800.9], [7658602.98, 623804.01], [7658606.94, 623807.11], [7658610.91, 623810.19], [7658614.89, 623813.26], [7658618.88, 623816.31], [7658622.88, 623819.35], [7658626.9, 623822.37], [7658630.92, 623825.38], [7658634.95, 623828.38], [7658639.0, 623831.36], [7658643.05, 623834.33], [7658647.12, 623837.29], [7658651.2, 623840.23], [7658655.28, 623843.15], [7658659.38, 623846.06], [7658663.48, 623848.96], [7658667.6, 623851.84], [7658671.73, 623854.71], [7658675.86, 623857.57], [7658680.01, 623860.41], [7658684.17, 623863.23], [7658688.33, 623866.04], [7658692.51, 623868.84], [7658696.7, 623871.62], [7658700.89, 623874.38], [7658705.1, 623877.13], [7658709.31, 623879.87], [7658713.54, 623882.59], [7658717.77, 623885.3], [7658722.02, 623887.99], [7658726.27, 623890.67], [7658730.53, 623893.33], [7658734.8, 623895.98], [7658739.08, 623898.61], [7658743.38, 623901.22], [7658747.67, 623903.83], [7658751.98, 623906.41], [7658756.3, 623908.99], [7658760.63, 623911.54], [7658764.96, 623914.08], [7658769.31, 623916.61], [7658771.55, 623917.91], [7658775.87, 623920.41], [7658780.2, 623922.92], [7658784.52, 623925.42], [7658788.85, 623927.93], [7658793.18, 623930.43], [7658797.5, 623932.94], [7658801.83, 623935.44], [7658806.16, 623937.95], [7658810.48, 623940.45], [7658814.81, 623942.96], [7658819.14, 623945.47], [7658823.46, 623947.97], [7658827.79, 623950.48], [7658832.11, 623952.98], [7658836.44, 623955.49], [7658840.77, 623957.99], [7658845.09, 623960.5], [7658849.42, 623963.0], [7658853.75, 623965.51], [7658858.07, 623968.01], [7658862.4, 623970.52], [7658866.73, 623973.03], [7658871.05, 623975.53], [7658875.38, 623978.04], [7658879.7, 623980.54], [7658884.03, 623983.05], [7658888.36, 623985.55], [7658892.68, 623988.06], [7658897.01, 623990.56], [7658901.34, 623993.07], [7658905.66, 623995.58], [7658909.99, 623998.08], [7658914.32, 624000.59], [7658918.64, 624003.09], [7658922.97, 624005.6], [7658927.29, 624008.1], [7658931.62, 624010.61], [7658935.95, 624013.11], [7658940.28, 624015.63], [7658944.6, 624018.17], [7658948.92, 624020.72], [7658953.22, 624023.28], [7658957.52, 624025.86], [7658961.81, 624028.45], [7658966.08, 624031.06], [7658970.35, 624033.69], [7658974.61, 624036.33], [7658978.86, 624038.98], [7658983.1, 624041.65], [7658987.34, 624044.33], [7658991.56, 624047.03], [7658995.77, 624049.74], [7658999.97, 624052.47], [7659004.17, 624055.22], [7659008.35, 624057.97], [7659012.53, 624060.74], [7659016.69, 624063.53], [7659020.85, 624066.33], [7659024.99, 624069.15], [7659029.13, 624071.98], [7659033.25, 624074.82], [7659037.37, 624077.68], [7659041.47, 624080.55], [7659045.57, 624083.44], [7659049.65, 624086.34], [7659053.73, 624089.26], [7659057.79, 624092.19], [7659061.85, 624095.14], [7659065.89, 624098.09], [7659069.93, 624101.07], [7659073.95, 624104.05], [7659077.96, 624107.06], [7659081.97, 624110.07], [7659085.96, 624113.1], [7659089.94, 624116.14], [7659093.91, 624119.2], [7659097.87, 624122.27], [7659101.82, 624125.36], [7659105.76, 624128.45], [7659109.68, 624131.57], [7659113.6, 624134.69], [7659117.51, 624137.83], [7659121.4, 624140.99], [7659125.28, 624144.15], [7659129.16, 624147.33], [7659133.02, 624150.53], [7659136.87, 624153.74], [7659140.71, 624156.96], [7659144.53, 624160.19], [7659148.35, 624163.44], [7659152.15, 624166.7], [7659155.95, 624169.97], [7659159.73, 624173.26], [7659163.5, 624176.56], [7659167.26, 624179.88], [7659171.0, 624183.2], [7659174.74, 624186.54], [7659178.46, 624189.9], [7659182.18, 624193.26], [7659185.88, 624196.64], [7659189.56, 624200.04], [7659193.24, 624203.44], [7659196.9, 624206.86], [7659200.56, 624210.29], [7659204.2, 624213.73], [7659207.83, 624217.19], [7659211.44, 624220.66], [7659215.05, 624224.14], [7659218.64, 624227.63], [7659222.22, 624231.14], [7659225.37, 624234.24], [7659228.93, 624237.74], [7659232.5, 624241.25], [7659236.07, 624244.75], [7659239.63, 624248.26], [7659243.2, 624251.76], [7659246.76, 624255.27], [7659250.33, 624258.77], [7659253.89, 624262.28], [7659257.46, 624265.78], [7659261.02, 624269.29], [7659264.59, 624272.79], [7659268.15, 624276.3], [7659271.72, 624279.8], [7659275.28, 624283.31], [7659278.85, 624286.81], [7659282.41, 624290.32], [7659285.98, 624293.82], [7659289.54, 624297.33], [7659293.11, 624300.83], [7659296.67, 624304.34], [7659300.24, 624307.84], [7659303.81, 624311.34], [7659307.37, 624314.85], [7659310.94, 624318.35], [7659314.5, 624321.86], [7659318.07, 624325.36], [7659321.63, 624328.87], [7659325.2, 624332.37], [7659328.76, 624335.88], [7659332.33, 624339.38], [7659335.89, 624342.89], [7659339.46, 624346.39], [7659343.02, 624349.9], [7659346.59, 624353.4], [7659350.15, 624356.91], [7659353.72, 624360.41], [7659357.28, 624363.92], [7659360.85, 624367.42], [7659364.41, 624370.93], [7659367.98, 624374.43], [7659371.54, 624377.94], [7659375.11, 624381.44], [7659378.67, 624384.95], [7659382.24, 624388.45], [7659385.81, 624391.96], [7659389.37, 624395.46], [7659392.94, 624398.97], [7659396.5, 624402.47], [7659400.07, 624405.98], [7659403.63, 624409.48], [7659407.2, 624412.99], [7659410.76, 624416.49], [7659414.33, 624420.0], [7659417.89, 624423.5], [7659421.46, 624427.0], [7659425.02, 624430.51], [7659428.59, 624434.01], [7659432.15, 624437.52], [7659435.72, 624441.02], [7659439.28, 624444.53], [7659442.85, 624448.03], [7659446.41, 624451.54], [7659449.98, 624455.04], [7659453.54, 624458.55], [7659457.11, 624462.05], [7659460.67, 624465.56], [7659464.24, 624469.06], [7659467.81, 624472.57], [7659471.37, 624476.07], [7659474.94, 624479.58], [7659478.5, 624483.08], [7659482.07, 624486.59], [7659485.63, 624490.09], [7659489.2, 624493.6], [7659492.76, 624497.1], [7659496.33, 624500.61], [7659499.89, 624504.11], [7659503.46, 624507.62], [7659507.02, 624511.12], [7659510.59, 624514.63], [7659514.15, 624518.13], [7659517.72, 624521.64], [7659521.28, 624525.14], [7659524.85, 624528.65], [7659528.41, 624532.15], [7659531.98, 624535.66], [7659535.54, 624539.16], [7659539.11, 624542.67], [7659542.67, 624546.17], [7659546.24, 624549.68], [7659549.8, 624553.18], [7659553.37, 624556.68], [7659556.94, 624560.19], [7659560.5, 624563.69], [7659564.07, 624567.2], [7659567.63, 624570.7], [7659571.2, 624574.21], [7659574.76, 624577.71], [7659578.33, 624581.22], [7659581.89, 624584.72], [7659585.46, 624588.23], [7659589.02, 624591.73], [7659592.59, 624595.24], [7659596.15, 624598.74], [7659597.58, 624600.15], [7659599.0, 624601.55], [7659600.43, 624602.95], [7659601.86, 624604.35], [7659603.28, 624605.75], [7659604.71, 624607.16], [7659606.13, 624608.56], [7659607.56, 624609.96], [7659608.99, 624611.36], [7659610.41, 624612.76], [7659611.84, 624614.16], [7659613.27, 624615.57], [7659614.69, 624616.97], [7659616.12, 624618.37], [7659617.54, 624619.77], [7659618.97, 624621.17], [7659620.4, 624622.58], [7659621.82, 624623.98], [7659623.25, 624625.38], [7659624.67, 624626.78], [7659626.1, 624628.18], [7659627.53, 624629.59], [7659628.95, 624630.99], [7659630.38, 624632.39], [7659631.8, 624633.79], [7659633.23, 624635.19], [7659634.66, 624636.6], [7659636.08, 624638.0], [7659637.51, 624639.4], [7659638.93, 624640.8], [7659640.36, 624642.2], [7659641.79, 624643.61], [7659643.21, 624645.01], [7659644.64, 624646.41], [7659646.06, 624647.81], [7659647.49, 624649.21], [7659648.92, 624650.62], [7659650.34, 624652.02], [7659651.77, 624653.42], [7659653.2, 624654.82], [7659654.62, 624656.22], [7659656.05, 624657.63], [7659657.47, 624659.03], [7659658.9, 624660.43], [7659660.33, 624661.83], [7659661.75, 624663.23], [7659663.18, 624664.64], [7659664.6, 624666.04], [7659666.03, 624667.44], [7659667.46, 624668.84], [7659668.88, 624670.24], [7659670.31, 624671.65], [7659671.73, 624673.05], [7659673.16, 624674.45], [7659674.59, 624675.85], [7659676.01, 624677.25], [7659677.44, 624678.65], [7659678.86, 624680.06], [7659680.29, 624681.46], [7659681.72, 624682.86], [7659683.14, 624684.26], [7659684.57, 624685.66], [7659685.99, 624687.07], [7659687.42, 624688.47], [7659688.85, 624689.87], [7659690.27, 624691.27], [7659691.7, 624692.67], [7659693.13, 624694.08], [7659694.55, 624695.48], [7659695.98, 624696.88], [7659697.4, 624698.28], [7659698.83, 624699.68], [7659700.26, 624701.09], [7659701.68, 624702.49], [7659703.11, 624703.89], [7659704.53, 624705.29], [7659705.96, 624706.69], [7659707.38, 624708.1], [7659708.81, 624709.5], [7659710.23, 624710.9], [7659711.66, 624712.31], [7659713.08, 624713.71], [7659714.51, 624715.12], [7659715.93, 624716.52], [7659717.35, 624717.93], [7659718.77, 624719.33], [7659720.2, 624720.74], [7659721.62, 624722.15], [7659723.04, 624723.56], [7659724.45, 624724.96], [7659725.87, 624726.37], [7659727.29, 624727.79], [7659728.7, 624729.2], [7659730.12, 624730.61], [7659731.53, 624732.03], [7659732.95, 624733.44], [7659734.36, 624734.86], [7659735.77, 624736.28], [7659737.18, 624737.7], [7659738.58, 624739.12], [7659739.99, 624740.54], [7659741.39, 624741.96], [7659742.8, 624743.39], [7659744.2, 624744.81], [7659745.6, 624746.24], [7659747.0, 624747.67], [7659748.39, 624749.1], [7659749.79, 624750.54], [7659751.18, 624751.97], [7659752.57, 624753.41], [7659753.96, 624754.85], [7659755.34, 624756.29], [7659756.73, 624757.73], [7659758.11, 624759.18], [7659759.49, 624760.63], [7659760.87, 624762.08], [7659762.24, 624763.53], [7659763.62, 624764.98], [7659764.99, 624766.44], [7659766.35, 624767.9], [7659767.72, 624769.36], [7659769.08, 624770.82], [7659770.44, 624772.29], [7659771.8, 624773.76], [7659773.15, 624775.23], [7659774.51, 624776.7], [7659775.85, 624778.18], [7659777.2, 624779.66], [7659778.54, 624781.14], [7659779.88, 624782.62], [7659781.22, 624784.11], [7659782.55, 624785.6], [7659783.88, 624787.1], [7659785.21, 624788.59], [7659786.53, 624790.09], [7659787.85, 624791.6], [7659789.17, 624793.1], [7659790.48, 624794.61], [7659791.79, 624796.12], [7659793.09, 624797.64], [7659794.4, 624799.16], [7659795.69, 624800.68], [7659796.99, 624802.2], [7659798.28, 624803.73], [7659799.56, 624805.26], [7659800.84, 624806.8], [7659802.12, 624808.34], [7659803.39, 624809.88], [7659804.66, 624811.42], [7659805.93, 624812.97], [7659807.19, 624814.53], [7659808.44, 624816.08], [7659809.69, 624817.64], [7659810.94, 624819.21], [7659812.18, 624820.78], [7659813.42, 624822.35], [7659814.65, 624823.92], [7659815.87, 624825.5], [7659817.1, 624827.09], [7659818.31, 624828.67], [7659819.53, 624830.26], [7659820.73, 624831.86], [7659821.94, 624833.45], [7659823.14, 624835.05], [7659824.33, 624836.66], [7659825.52, 624838.27], [7659826.7, 624839.88], [7659827.88, 624841.49], [7659829.05, 624843.11], [7659830.22, 624844.74], [7659831.39, 624846.36], [7659832.55, 624847.99], [7659833.7, 624849.62], [7659834.85, 624851.26], [7659835.99, 624852.9], [7659837.13, 624854.54], [7659838.27, 624856.19], [7659839.4, 624857.84], [7659840.52, 624859.5], [7659841.64, 624861.15], [7659842.76, 624862.81], [7659843.87, 624864.48], [7659844.97, 624866.14], [7659846.07, 624867.81], [7659847.16, 624869.49], [7659848.25, 624871.16], [7659849.34, 624872.85], [7659850.42, 624874.53], [7659851.49, 624876.22], [7659852.56, 624877.91], [7659853.62, 624879.6], [7659854.68, 624881.3], [7659855.74, 624883.0], [7659856.79, 624884.7], [7659857.83, 624886.4], [7659858.87, 624888.11], [7659859.9, 624889.83], [7659860.93, 624891.54], [7659861.95, 624893.26], [7659862.97, 624894.98], [7659863.98, 624896.71], [7659864.99, 624898.43], [7659865.99, 624900.16], [7659866.99, 624901.9], [7659867.98, 624903.63], [7659868.97, 624905.37], [7659869.95, 624907.12], [7659870.92, 624908.86], [7659871.89, 624910.61], [7659872.86, 624912.36], [7659873.82, 624914.12], [7659874.77, 624915.87], [7659875.72, 624917.63], [7659876.67, 624919.4], [7659877.6, 624921.16], [7659878.54, 624922.93], [7659879.47, 624924.7], [7659880.39, 624926.48], [7659881.31, 624928.25], [7659882.22, 624930.03], [7659883.12, 624931.82], [7659884.03, 624933.6], [7659884.92, 624935.39], [7659885.81, 624937.18], [7659886.7, 624938.97], [7659887.58, 624940.77], [7659888.45, 624942.57], [7659889.32, 624944.37], [7659890.18, 624946.17], [7659891.04, 624947.98], [7659891.89, 624949.79], [7659892.74, 624951.6], [7659893.58, 624953.41], [7659894.42, 624955.23], [7659895.25, 624957.05], [7659896.07, 624958.87], [7659896.89, 624960.7], [7659897.71, 624962.52], [7659898.51, 624964.35], [7659899.32, 624966.18], [7659900.11, 624968.02], [7659900.91, 624969.85], [7659901.69, 624971.69], [7659902.47, 624973.53], [7659903.25, 624975.38], [7659904.02, 624977.22], [7659904.78, 624979.07], [7659905.54, 624980.92], [7659906.29, 624982.77], [7659907.04, 624984.63], [7659907.78, 624986.49], [7659908.52, 624988.34], [7659909.25, 624990.21], [7659909.97, 624992.07], [7659910.69, 624993.94], [7659911.41, 624995.8], [7659912.12, 624997.67], [7659912.82, 624999.55], [7659913.51, 625001.42], [7659914.21, 625003.3], [7659914.89, 625005.18], [7659915.57, 625007.06], [7659916.24, 625008.94], [7659916.91, 625010.82], [7659917.58, 625012.71], [7659918.23, 625014.6], [7659918.88, 625016.49], [7659919.53, 625018.38], [7659920.17, 625020.28], [7659920.8, 625022.18], [7659921.43, 625024.07], [7659922.05, 625025.97], [7659922.67, 625027.88], [7659923.28, 625029.78], [7659923.89, 625031.69], [7659924.49, 625033.59], [7659925.08, 625035.5], [7659925.67, 625037.41], [7659926.25, 625039.33], [7659926.83, 625041.24], [7659927.4, 625043.16], [7659927.96, 625045.08], [7659928.52, 625047.0], [7659929.08, 625048.92], [7659929.62, 625050.84], [7659930.17, 625052.77], [7659930.7, 625054.69], [7659931.23, 625056.62], [7659931.76, 625058.55], [7659932.28, 625060.48], [7659932.79, 625062.42], [7659933.3, 625064.35], [7659933.8, 625066.29], [7659934.29, 625068.22], [7659934.78, 625070.16], [7659935.26, 625072.1], [7659935.74, 625074.05], [7659936.21, 625075.99], [7659936.68, 625077.93], [7659937.14, 625079.88], [7659937.59, 625081.83], [7659938.04, 625083.78], [7659938.49, 625085.73], [7659938.92, 625087.68], [7659939.35, 625089.63], [7659939.78, 625091.59], [7659940.2, 625093.54], [7659940.61, 625095.5], [7659941.02, 625097.46], [7659941.42, 625099.41], [7659941.81, 625101.37], [7659942.2, 625103.34], [7659942.59, 625105.3], [7659942.96, 625107.26], [7659943.33, 625109.23], [7659943.7, 625111.19], [7659944.06, 625113.16], [7659944.41, 625115.13], [7659944.76, 625117.1], [7659945.1, 625119.07], [7659945.44, 625121.04], [7659945.77, 625123.01], [7659946.09, 625124.99], [7659946.41, 625126.96], [7659946.72, 625128.94], [7659947.03, 625130.91], [7659947.33, 625132.89], [7659947.62, 625134.87], [7659947.91, 625136.85], [7659948.19, 625138.83], [7659948.47, 625140.81], [7659948.74, 625142.79], [7659949.01, 625144.77], [7659949.26, 625146.75], [7659949.52, 625148.74], [7659949.76, 625150.72], [7659950.0, 625152.71], [7659950.24, 625154.69], [7659950.47, 625156.68], [7659950.69, 625158.67], [7659950.91, 625160.65], [7659951.12, 625162.64], [7659951.32, 625164.63], [7659951.52, 625166.62], [7659951.71, 625168.61], [7659951.9, 625170.6], [7659952.08, 625172.6], [7659952.25, 625174.59], [7659952.42, 625176.58], [7659952.58, 625178.57], [7659952.74, 625180.57], [7659952.89, 625182.56], [7659953.03, 625184.56], [7659953.17, 625186.55], [7659953.31, 625188.55], [7659953.43, 625190.54], [7659953.55, 625192.54], [7659953.67, 625194.54], [7659953.77, 625196.53], [7659953.88, 625198.53], [7659953.97, 625200.53], [7659954.06, 625202.52], [7659954.15, 625204.52], [7659954.22, 625206.52], [7659954.3, 625208.52], [7659954.36, 625210.52], [7659954.42, 625212.52], [7659954.48, 625214.52], [7659954.52, 625216.52], [7659954.57, 625218.51], [7659954.6, 625220.51], [7659954.63, 625222.51], [7659954.66, 625224.51], [7659954.67, 625226.51], [7659954.69, 625228.51], [7659954.69, 625230.51], [7659954.69, 625232.51], [7659954.69, 625234.51], [7659954.67, 625236.51], [7659954.65, 625238.51], [7659954.63, 625240.51], [7659954.6, 625242.51], [7659954.56, 625244.51], [7659954.52, 625246.51], [7659954.47, 625248.51], [7659954.42, 625250.51], [7659954.36, 625252.51], [7659954.29, 625254.51], [7659954.22, 625256.5], [7659954.14, 625258.5], [7659954.05, 625260.5], [7659953.96, 625262.5], [7659953.87, 625264.5], [7659953.76, 625266.49], [7659953.65, 625268.49], [7659953.54, 625270.49], [7659953.42, 625272.48], [7659953.29, 625274.48], [7659953.16, 625276.47], [7659953.02, 625278.47], [7659952.87, 625280.46], [7659952.72, 625282.46], [7659952.57, 625284.45], [7659952.4, 625286.44], [7659952.23, 625288.44], [7659952.06, 625290.43], [7659951.88, 625292.42], [7659951.69, 625294.41], [7659951.5, 625296.4], [7659951.3, 625298.39], [7659951.09, 625300.38], [7659950.88, 625302.37], [7659950.67, 625304.36], [7659950.44, 625306.34], [7659950.21, 625308.33], [7659949.98, 625310.32], [7659949.74, 625312.3], [7659949.49, 625314.29], [7659949.24, 625316.27], [7659948.98, 625318.25], [7659948.71, 625320.24], [7659948.44, 625322.22], [7659948.17, 625324.2], [7659947.88, 625326.18], [7659947.59, 625328.16], [7659947.3, 625330.13], [7659947.0, 625332.11], [7659946.69, 625334.09], [7659946.38, 625336.06], [7659946.06, 625338.04], [7659945.73, 625340.01], [7659945.4, 625341.98], [7659945.07, 625343.95], [7659944.73, 625345.92], [7659944.38, 625347.89], [7659944.02, 625349.86], [7659943.66, 625351.83], [7659943.3, 625353.79], [7659942.92, 625355.76], [7659942.55, 625357.72], [7659942.16, 625359.68], [7659941.77, 625361.65], [7659941.38, 625363.61], [7659940.97, 625365.57], [7659940.57, 625367.52], [7659940.15, 625369.48], [7659939.73, 625371.43], [7659939.31, 625373.39], [7659938.88, 625375.34], [7659938.44, 625377.29], [7659938.0, 625379.24], [7659937.55, 625381.19], [7659937.09, 625383.14], [7659936.63, 625385.09], [7659936.16, 625387.03], [7659935.69, 625388.97], [7659935.21, 625390.91], [7659934.73, 625392.85], [7659934.24, 625394.79], [7659933.74, 625396.73], [7659933.24, 625398.67], [7659932.73, 625400.6], [7659932.22, 625402.53], [7659931.7, 625404.47], [7659931.18, 625406.39], [7659930.65, 625408.32], [7659930.11, 625410.25], [7659929.57, 625412.17], [7659929.02, 625414.1], [7659928.47, 625416.02], [7659927.91, 625417.94], [7659927.34, 625419.86], [7659926.77, 625421.77], [7659926.19, 625423.69], [7659925.61, 625425.6], [7659925.02, 625427.51], [7659924.42, 625429.42], [7659923.82, 625431.33], [7659923.22, 625433.23], [7659922.61, 625435.14], [7659921.99, 625437.04], [7659921.37, 625438.94], [7659920.74, 625440.84], [7659920.1, 625442.74], [7659919.46, 625444.63], [7659918.82, 625446.52], [7659918.16, 625448.41], [7659917.51, 625450.3], [7659916.84, 625452.19], [7659916.17, 625454.07], [7659915.5, 625455.96], [7659914.82, 625457.84], [7659914.13, 625459.71], [7659913.44, 625461.59], [7659912.74, 625463.47], [7659912.04, 625465.34], [7659911.33, 625467.21], [7659910.62, 625469.08], [7659909.9, 625470.94], [7659909.17, 625472.8], [7659908.44, 625474.67], [7659907.71, 625476.53], [7659906.96, 625478.38], [7659906.22, 625480.24], [7659905.46, 625482.09], [7659904.7, 625483.94], [7659903.94, 625485.79], [7659903.17, 625487.63], [7659902.39, 625489.48], [7659901.61, 625491.32], [7659900.83, 625493.16], [7659900.04, 625494.99], [7659899.24, 625496.83], [7659898.44, 625498.66], [7659897.63, 625500.49], [7659896.82, 625502.32], [7659896.01, 625504.14], [7659895.19, 625505.97], [7659894.36, 625507.79], [7659893.53, 625509.61], [7659892.7, 625511.43], [7659891.86, 625513.24], [7659891.02, 625515.06], [7659890.17, 625516.87], [7659889.32, 625518.68], [7659888.47, 625520.49], [7659887.61, 625522.29], [7659886.75, 625524.1], [7659885.88, 625525.9], [7659885.01, 625527.7], [7659884.13, 625529.5], [7659883.26, 625531.29], [7659882.37, 625533.09], [7659881.49, 625534.88], [7659880.6, 625536.67], [7659879.71, 625538.46], [7659878.81, 625540.25], [7659877.92, 625542.04], [7659877.01, 625543.82], [7659876.11, 625545.61], [7659875.2, 625547.39], [7659874.29, 625549.17], [7659873.38, 625550.95], [7659872.46, 625552.73], [7659871.54, 625554.5], [7659870.62, 625556.28], [7659869.7, 625558.05], [7659868.77, 625559.82], [7659867.84, 625561.59], [7659866.91, 625563.36], [7659865.97, 625565.13], [7659865.04, 625566.9], [7659864.1, 625568.66], [7659863.16, 625570.43], [7659862.21, 625572.19], [7659861.27, 625573.95], [7659860.32, 625575.72], [7659859.37, 625577.48], [7659858.42, 625579.23], [7659857.47, 625580.99], [7659856.52, 625582.75], [7659855.56, 625584.51], [7659854.6, 625586.26], [7659853.64, 625588.02], [7659852.68, 625589.77], [7659851.72, 625591.53], [7659850.76, 625593.28], [7659849.79, 625595.03], [7659848.83, 625596.78], [7659847.86, 625598.53], [7659846.9, 625600.28], [7659845.93, 625602.03], [7659844.96, 625603.78], [7659843.99, 625605.53], [7659843.02, 625607.28], [7659842.05, 625609.03], [7659841.07, 625610.77], [7659840.1, 625612.52], [7659839.13, 625614.27], [7659838.15, 625616.02], [7659837.18, 625617.76], [7659836.21, 625619.51], [7659835.23, 625621.25], [7659834.26, 625623.0], [7659833.28, 625624.75], [7659832.31, 625626.49], [7659831.33, 625628.24], [7659830.36, 625629.98], [7659829.38, 625631.73], [7659828.41, 625633.48], [7659827.43, 625635.22], [7659826.46, 625636.97], [7659825.48, 625638.71], [7659824.51, 625640.46], [7659823.53, 625642.21], [7659822.56, 625643.95], [7659821.58, 625645.7], [7659820.61, 625647.44], [7659819.63, 625649.19], [7659818.66, 625650.94], [7659817.68, 625652.68], [7659816.71, 625654.43], [7659815.73, 625656.17], [7659814.76, 625657.92], [7659813.78, 625659.67], [7659812.81, 625661.41], [7659811.83, 625663.16], [7659810.86, 625664.9], [7659809.88, 625666.65], [7659808.91, 625668.4], [7659807.93, 625670.14], [7659806.96, 625671.89], [7659805.98, 625673.64], [7659805.01, 625675.38], [7659804.03, 625677.13], [7659803.06, 625678.87], [7659802.08, 625680.62], [7659801.11, 625682.37], [7659800.13, 625684.11], [7659799.16, 625685.86], [7659798.18, 625687.6], [7659797.21, 625689.35], [7659796.23, 625691.1], [7659795.26, 625692.84], [7659794.28, 625694.59], [7659793.31, 625696.33], [7659792.33, 625698.08], [7659791.36, 625699.83], [7659790.38, 625701.57], [7659789.41, 625703.32], [7659788.43, 625705.06], [7659787.46, 625706.81], [7659786.48, 625708.56], [7659785.51, 625710.3], [7659784.53, 625712.05], [7659783.56, 625713.79], [7659782.58, 625715.54], [7659781.61, 625717.29], [7659780.63, 625719.03], [7659779.66, 625720.78], [7659778.68, 625722.52], [7659777.71, 625724.27], [7659776.73, 625726.02], [7659775.76, 625727.76], [7659774.78, 625729.51], [7659773.81, 625731.25], [7659772.83, 625733.0], [7659771.86, 625734.75], [7659770.88, 625736.49], [7659769.91, 625738.24], [7659768.93, 625739.98], [7659767.96, 625741.73], [7659766.98, 625743.48], [7659766.01, 625745.22], [7659765.03, 625746.97], [7659764.06, 625748.71], [7659763.08, 625750.46], [7659762.11, 625752.21], [7659761.13, 625753.95], [7659760.16, 625755.7], [7659759.18, 625757.44], [7659758.21, 625759.19], [7659757.23, 625760.94], [7659756.26, 625762.68], [7659755.28, 625764.43], [7659754.31, 625766.17], [7659753.33, 625767.92], [7659752.36, 625769.67], [7659751.38, 625771.41], [7659750.41, 625773.16], [7659749.43, 625774.9], [7659748.46, 625776.65], [7659747.48, 625778.4], [7659746.51, 625780.14], [7659745.53, 625781.89], [7659744.56, 625783.63], [7659743.58, 625785.38], [7659742.61, 625787.13], [7659741.63, 625788.87], [7659740.66, 625790.62], [7659739.68, 625792.36], [7659738.71, 625794.11], [7659737.73, 625795.86], [7659736.76, 625797.6], [7659735.78, 625799.35], [7659734.81, 625801.09], [7659733.83, 625802.84], [7659732.86, 625804.59], [7659731.88, 625806.33], [7659730.91, 625808.08], [7659729.93, 625809.82], [7659728.96, 625811.57], [7659727.98, 625813.32], [7659727.01, 625815.06], [7659726.03, 625816.81], [7659725.06, 625818.56], [7659724.08, 625820.3], [7659723.11, 625822.05], [7659722.13, 625823.79], [7659721.16, 625825.54], [7659720.18, 625827.29], [7659719.21, 625829.03], [7659718.23, 625830.78], [7659717.26, 625832.52], [7659716.28, 625834.27], [7659715.31, 625836.02], [7659714.33, 625837.76], [7659713.36, 625839.51], [7659712.38, 625841.25], [7659711.41, 625843.0], [7659710.43, 625844.75], [7659709.46, 625846.49], [7659708.48, 625848.24], [7659707.51, 625849.98], [7659706.53, 625851.73], [7659705.56, 625853.48], [7659704.58, 625855.22], [7659703.61, 625856.97], [7659702.63, 625858.71], [7659701.66, 625860.46], [7659700.68, 625862.21], [7659699.71, 625863.95], [7659698.74, 625865.7], [7659697.76, 625867.44], [7659696.79, 625869.19], [7659695.81, 625870.94], [7659694.84, 625872.68], [7659693.86, 625874.43], [7659692.89, 625876.17], [7659691.91, 625877.92], [7659690.94, 625879.67], [7659689.96, 625881.41], [7659688.99, 625883.16], [7659688.01, 625884.9], [7659687.04, 625886.65], [7659686.06, 625888.4], [7659685.09, 625890.14], [7659684.11, 625891.89], [7659683.14, 625893.63], [7659682.16, 625895.38], [7659681.19, 625897.13], [7659680.21, 625898.87], [7659679.24, 625900.62], [7659678.26, 625902.36], [7659677.29, 625904.11], [7659676.31, 625905.86], [7659675.34, 625907.6], [7659674.36, 625909.35], [7659673.39, 625911.09], [7659672.41, 625912.84], [7659671.44, 625914.59], [7659670.46, 625916.33], [7659669.49, 625918.08], [7659668.51, 625919.82], [7659667.54, 625921.57], [7659666.56, 625923.32], [7659665.59, 625925.06], [7659664.61, 625926.81], [7659663.64, 625928.55], [7659662.66, 625930.3], [7659661.69, 625932.05], [7659660.71, 625933.79], [7659659.74, 625935.54], [7659658.76, 625937.29], [7659657.79, 625939.03], [7659656.81, 625940.78], [7659655.84, 625942.52], [7659654.86, 625944.27], [7659653.89, 625946.02], [7659652.91, 625947.76], [7659651.94, 625949.51], [7659650.96, 625951.25], [7659649.99, 625953.0], [7659649.01, 625954.75], [7659648.04, 625956.49], [7659647.06, 625958.24], [7659646.09, 625959.98], [7659645.11, 625961.73], [7659644.14, 625963.48], [7659643.16, 625965.22], [7659642.19, 625966.97], [7659641.21, 625968.71], [7659640.24, 625970.46], [7659639.26, 625972.21], [7659638.29, 625973.95], [7659637.31, 625975.7], [7659636.34, 625977.44], [7659635.36, 625979.19], [7659634.39, 625980.94], [7659633.41, 625982.68], [7659632.44, 625984.43], [7659631.46, 625986.17], [7659630.49, 625987.92], [7659629.51, 625989.67], [7659628.54, 625991.41], [7659627.56, 625993.16], [7659626.59, 625994.9], [7659625.61, 625996.65], [7659624.64, 625998.4], [7659623.66, 626000.14], [7659622.69, 626001.89], [7659621.71, 626003.63], [7659620.74, 626005.38], [7659619.76, 626007.13], [7659618.79, 626008.87], [7659617.81, 626010.62], [7659616.84, 626012.36], [7659615.86, 626014.11], [7659614.89, 626015.86], [7659613.91, 626017.6], [7659612.94, 626019.35], [7659611.96, 626021.09], [7659610.99, 626022.84], [7659610.01, 626024.59], [7659609.04, 626026.33], [7659608.06, 626028.08], [7659607.09, 626029.82], [7659606.11, 626031.57], [7659605.14, 626033.32], [7659604.16, 626035.06], [7659603.19, 626036.81], [7659602.21, 626038.55], [7659601.24, 626040.3], [7659600.26, 626042.05], [7659599.29, 626043.79], [7659598.31, 626045.54], [7659597.34, 626047.28], [7659596.36, 626049.03], [7659595.39, 626050.78], [7659594.41, 626052.52], [7659593.44, 626054.27], [7659592.46, 626056.02], [7659591.49, 626057.76], [7659590.51, 626059.51], [7659589.54, 626061.25], [7659588.56, 626063.0], [7659587.59, 626064.75], [7659586.61, 626066.49], [7659585.64, 626068.24], [7659584.66, 626069.98], [7659583.69, 626071.73], [7659582.72, 626073.48], [7659581.74, 626075.22], [7659580.77, 626076.97], [7659579.79, 626078.71], [7659578.82, 626080.46], [7659577.84, 626082.21], [7659576.87, 626083.95], [7659575.89, 626085.7], [7659574.92, 626087.44], [7659573.94, 626089.19], [7659572.97, 626090.94], [7659571.99, 626092.68], [7659571.02, 626094.43], [7659570.04, 626096.17], [7659569.07, 626097.92], [7659568.09, 626099.67], [7659567.12, 626101.41], [7659566.14, 626103.16], [7659565.17, 626104.9], [7659564.19, 626106.65], [7659563.22, 626108.4], [7659562.24, 626110.14], [7659561.27, 626111.89], [7659560.29, 626113.63], [7659559.32, 626115.38], [7659558.34, 626117.13], [7659557.37, 626118.87], [7659556.39, 626120.62], [7659555.42, 626122.36], [7659554.44, 626124.11], [7659553.47, 626125.86], [7659552.49, 626127.6], [7659551.52, 626129.35], [7659550.54, 626131.09], [7659549.57, 626132.84], [7659548.59, 626134.59], [7659547.62, 626136.33], [7659546.64, 626138.08], [7659545.67, 626139.82], [7659544.69, 626141.57], [7659543.72, 626143.32], [7659542.74, 626145.06], [7659541.77, 626146.81], [7659540.79, 626148.55], [7659539.82, 626150.3], [7659538.84, 626152.05], [7659537.87, 626153.79], [7659536.89, 626155.54], [7659535.92, 626157.29], [7659534.94, 626159.03], [7659533.97, 626160.78], [7659532.99, 626162.52], [7659532.02, 626164.27], [7659531.04, 626166.02], [7659530.07, 626167.76], [7659529.09, 626169.51], [7659528.12, 626171.25], [7659527.14, 626173.0], [7659526.17, 626174.75], [7659525.19, 626176.49], [7659524.22, 626178.24], [7659523.24, 626179.98], [7659522.27, 626181.73], [7659521.29, 626183.48], [7659520.32, 626185.22], [7659519.34, 626186.97], [7659518.37, 626188.71], [7659517.39, 626190.46], [7659516.42, 626192.21], [7659515.44, 626193.95], [7659514.47, 626195.7], [7659513.49, 626197.44], [7659512.52, 626199.19], [7659511.54, 626200.94], [7659510.57, 626202.68], [7659509.59, 626204.43], [7659508.62, 626206.17], [7659507.64, 626207.92], [7659506.67, 626209.67], [7659505.69, 626211.41], [7659504.72, 626213.16], [7659503.74, 626214.9], [7659502.77, 626216.65], [7659501.79, 626218.4], [7659500.82, 626220.14], [7659499.84, 626221.89], [7659498.87, 626223.63], [7659497.89, 626225.38], [7659496.92, 626227.13], [7659495.94, 626228.87], [7659494.97, 626230.62], [7659493.99, 626232.36], [7659493.02, 626234.11], [7659492.04, 626235.86], [7659491.07, 626237.6], [7659490.09, 626239.35], [7659489.12, 626241.09], [7659488.15, 626242.84], [7659487.17, 626244.59], [7659486.2, 626246.33], [7659485.22, 626248.08], [7659484.25, 626249.83], [7659483.27, 626251.57], [7659482.3, 626253.32], [7659481.32, 626255.06], [7659480.35, 626256.81], [7659478.79, 626259.6], [7659476.35, 626263.95], [7659473.9, 626268.3], [7659471.45, 626272.64], [7659468.98, 626276.98], [7659466.51, 626281.31], [7659464.03, 626285.63], [7659461.53, 626289.95], [7659459.03, 626294.27], [7659456.52, 626298.58], [7659454.0, 626302.88], [7659451.47, 626307.18], [7659448.93, 626311.47], [7659446.38, 626315.76], [7659443.82, 626320.04], [7659441.25, 626324.32], [7659438.68, 626328.59], [7659436.09, 626332.85], [7659433.49, 626337.11], [7659430.89, 626341.36], [7659428.28, 626345.61], [7659425.65, 626349.85], [7659423.02, 626354.09], [7659420.38, 626358.32], [7659417.73, 626362.54], [7659415.07, 626366.76], [7659412.4, 626370.98], [7659409.72, 626375.18], [7659407.03, 626379.38], [7659404.33, 626383.58], [7659401.63, 626387.77], [7659398.91, 626391.95], [7659396.19, 626396.13], [7659393.46, 626400.3], [7659390.71, 626404.47], [7659387.96, 626408.63], [7659385.2, 626412.78], [7659382.43, 626416.93], [7659379.65, 626421.07], [7659376.87, 626425.21], [7659374.07, 626429.34], [7659371.27, 626433.46], [7659368.45, 626437.58], [7659365.63, 626441.69], [7659362.8, 626445.8], [7659359.95, 626449.9], [7659357.1, 626453.99], [7659354.25, 626458.07], [7659351.38, 626462.16], [7659348.5, 626466.23], [7659345.61, 626470.3], [7659342.72, 626474.36], [7659339.82, 626478.41], [7659336.9, 626482.46], [7659333.98, 626486.51], [7659331.05, 626490.54], [7659328.12, 626494.57], [7659325.17, 626498.6], [7659322.21, 626502.61], [7659319.25, 626506.62], [7659316.27, 626510.63], [7659313.29, 626514.63], [7659310.3, 626518.62], [7659307.3, 626522.6], [7659304.29, 626526.58], [7659301.28, 626530.55], [7659298.25, 626534.52], [7659295.22, 626538.47], [7659292.17, 626542.43], [7659289.12, 626546.37], [7659286.06, 626550.31], [7659282.99, 626554.24], [7659279.92, 626558.17], [7659276.83, 626562.09], [7659273.74, 626566.0], [7659270.64, 626569.9], [7659267.52, 626573.8], [7659264.4, 626577.69], [7659261.28, 626581.58], [7659258.14, 626585.45], [7659255.0, 626589.33], [7659251.84, 626593.19], [7659248.68, 626597.05], [7659245.51, 626600.9], [7659242.33, 626604.74], [7659239.15, 626608.58], [7659235.95, 626612.41], [7659232.75, 626616.23], [7659229.53, 626620.05], [7659226.31, 626623.85], [7659223.09, 626627.66], [7659219.85, 626631.45], [7659216.6, 626635.24], [7659213.35, 626639.02], [7659210.09, 626642.79], [7659206.82, 626646.56], [7659203.54, 626650.32], [7659200.26, 626654.07], [7659196.96, 626657.81], [7659193.66, 626661.55], [7659190.35, 626665.28], [7659187.03, 626669.01], [7659183.71, 626672.72], [7659180.37, 626676.43], [7659177.03, 626680.13], [7659173.68, 626683.83], [7659170.32, 626687.51], [7659166.95, 626691.19], [7659163.58, 626694.87], [7659160.19, 626698.53], [7659156.8, 626702.19], [7659153.4, 626705.84], [7659150.0, 626709.48], [7659146.58, 626713.12], [7659143.16, 626716.75], [7659139.73, 626720.37], [7659136.29, 626723.98], [7659132.85, 626727.58], [7659129.39, 626731.18], [7659125.93, 626734.77], [7659122.46, 626738.36], [7659118.98, 626741.93], [7659115.5, 626745.5], [7659112.01, 626749.06], [7659108.51, 626752.61], [7659105.0, 626756.16], [7659101.48, 626759.69], [7659097.96, 626763.22], [7659094.43, 626766.75], [7659090.89, 626770.26], [7659087.34, 626773.77], [7659083.79, 626777.27], [7659080.22, 626780.76], [7659076.65, 626784.24], [7659073.08, 626787.72], [7659069.49, 626791.18], [7659065.9, 626794.64], [7659062.3, 626798.1], [7659058.69, 626801.54], [7659055.08, 626804.98], [7659051.46, 626808.41], [7659047.83, 626811.83], [7659044.19, 626815.24], [7659040.55, 626818.64], [7659036.89, 626822.04], [7659033.24, 626825.43], [7659029.57, 626828.81], [7659025.89, 626832.18], [7659022.21, 626835.55], [7659018.52, 626838.91], [7659014.83, 626842.25], [7659011.13, 626845.6], [7659007.42, 626848.93], [7659003.7, 626852.25], [7658999.97, 626855.57], [7658996.24, 626858.88], [7658992.5, 626862.18], [7658988.75, 626865.47], [7658985.0, 626868.75], [7658981.24, 626872.03], [7658977.47, 626875.3], [7658973.7, 626878.56], [7658969.92, 626881.81], [7658966.13, 626885.05], [7658962.33, 626888.29], [7658958.53, 626891.51], [7658954.72, 626894.73], [7658950.9, 626897.94], [7658947.08, 626901.14], [7658943.24, 626904.34], [7658939.41, 626907.52], [7658935.56, 626910.7], [7658931.71, 626913.87], [7658927.85, 626917.03], [7658923.98, 626920.18], [7658920.11, 626923.32], [7658916.23, 626926.46], [7658912.35, 626929.58], [7658908.45, 626932.7], [7658904.55, 626935.81], [7658900.65, 626938.91], [7658896.73, 626942.0], [7658892.81, 626945.09], [7658888.89, 626948.16], [7658884.95, 626951.23], [7658881.01, 626954.29], [7658877.07, 626957.33], [7658873.11, 626960.38], [7658869.15, 626963.41], [7658865.19, 626966.43], [7658861.21, 626969.45], [7658857.23, 626972.45], [7658847.97, 626979.42], [7658843.98, 626982.42], [7658839.98, 626985.41], [7658835.98, 626988.41], [7658831.99, 626991.41], [7658827.99, 626994.41], [7658824.0, 626997.41], [7658820.0, 627000.41], [7658816.0, 627003.41], [7658812.01, 627006.4], [7658808.01, 627009.4], [7658804.01, 627012.4], [7658800.02, 627015.4], [7658796.02, 627018.4], [7658792.02, 627021.4], [7658788.03, 627024.4], [7658784.03, 627027.4], [7658780.03, 627030.39], [7658776.04, 627033.39], [7658772.04, 627036.39], [7658768.04, 627039.39], [7658764.05, 627042.39], [7658760.05, 627045.39], [7658756.05, 627048.39], [7658752.06, 627051.38], [7658748.06, 627054.38], [7658744.06, 627057.38], [7658740.07, 627060.38], [7658736.07, 627063.38], [7658732.07, 627066.38], [7658728.08, 627069.38], [7658724.08, 627072.38], [7658720.09, 627075.37], [7658716.09, 627078.37], [7658712.09, 627081.37], [7658708.1, 627084.37], [7658704.1, 627087.37], [7658700.1, 627090.37], [7658696.11, 627093.37], [7658692.11, 627096.36], [7658688.11, 627099.36], [7658684.12, 627102.36], [7658680.12, 627105.36], [7658676.12, 627108.36], [7658672.13, 627111.36], [7658668.13, 627114.36], [7658664.13, 627117.36], [7658660.14, 627120.35], [7658656.14, 627123.35], [7658652.14, 627126.35], [7658648.15, 627129.35], [7658644.15, 627132.35], [7658640.15, 627135.35], [7658636.16, 627138.35], [7658632.16, 627141.35], [7658628.17, 627144.34], [7658624.17, 627147.34], [7658620.17, 627150.34], [7658616.18, 627153.34], [7658612.18, 627156.34], [7658608.18, 627159.34], [7658604.19, 627162.34], [7658600.19, 627165.34], [7658596.19, 627168.33], [7658592.2, 627171.33], [7658588.2, 627174.33], [7658584.2, 627177.33], [7658580.21, 627180.33], [7658576.21, 627183.33], [7658572.21, 627186.33], [7658568.22, 627189.32], [7658564.22, 627192.32], [7658560.22, 627195.32], [7658556.23, 627198.32], [7658552.23, 627201.32], [7658548.24, 627204.32], [7658544.24, 627207.32], [7658540.24, 627210.32], [7658536.25, 627213.31], [7658532.25, 627216.31], [7658528.25, 627219.31], [7658524.26, 627222.31], [7658520.26, 627225.31], [7658516.26, 627228.31], [7658512.27, 627231.31], [7658508.27, 627234.31], [7658504.27, 627237.3], [7658500.28, 627240.3], [7658496.28, 627243.3], [7658492.28, 627246.3], [7658488.29, 627249.3], [7658484.29, 627252.3], [7658480.29, 627255.3], [7658476.3, 627258.3], [7658472.3, 627261.29], [7658468.31, 627264.29], [7658464.31, 627267.29], [7658460.31, 627270.29], [7658456.32, 627273.29], [7658452.32, 627276.29], [7658448.32, 627279.29], [7658444.33, 627282.29], [7658440.33, 627285.28], [7658436.33, 627288.28], [7658432.34, 627291.28], [7658428.34, 627294.28], [7658424.34, 627297.28], [7658420.35, 627300.28], [7658416.35, 627303.28], [7658412.35, 627306.28], [7658408.36, 627309.27], [7658404.36, 627312.27], [7658400.37, 627315.27], [7658396.37, 627318.27], [7658392.37, 627321.27], [7658388.38, 627324.27], [7658384.38, 627327.27], [7658380.38, 627330.27], [7658376.39, 627333.26], [7658372.39, 627336.26], [7658368.39, 627339.26], [7658364.4, 627342.26], [7658360.4, 627345.26], [7658356.4, 627348.26], [7658352.41, 627351.26], [7658348.41, 627354.26], [7658344.41, 627357.25], [7658340.42, 627360.25], [7658336.42, 627363.25], [7658332.43, 627366.25], [7658328.43, 627369.25], [7658324.43, 627372.25], [7658320.44, 627375.25], [7658316.44, 627378.25], [7658312.44, 627381.24], [7658308.45, 627384.24], [7658304.45, 627387.24], [7658300.45, 627390.24], [7658296.46, 627393.24], [7658292.46, 627396.24], [7658288.46, 627399.24], [7658284.47, 627402.24], [7658280.47, 627405.23], [7658276.47, 627408.23], [7658272.48, 627411.23], [7658268.48, 627414.23], [7658264.49, 627417.23], [7658260.49, 627420.23], [7658256.49, 627423.23], [7658252.5, 627426.23], [7658248.5, 627429.22], [7658244.5, 627432.22], [7658240.51, 627435.22], [7658236.51, 627438.22], [7658232.51, 627441.22], [7658228.52, 627444.22], [7658224.52, 627447.22], [7658220.52, 627450.22], [7658216.53, 627453.21], [7658212.53, 627456.21], [7658208.54, 627459.21], [7658204.54, 627462.21], [7658200.54, 627465.21], [7658196.55, 627468.21], [7658192.55, 627471.21], [7658188.55, 627474.21], [7658184.56, 627477.21], [7658180.56, 627480.2], [7658176.56, 627483.2], [7658172.57, 627486.2], [7658168.57, 627489.2], [7658164.57, 627492.2], [7658160.58, 627495.2], [7658156.58, 627498.2], [7658152.58, 627501.2], [7658148.59, 627504.19], [7658144.59, 627507.19], [7658140.6, 627510.19], [7658136.6, 627513.19], [7658132.6, 627516.19], [7658128.61, 627519.19], [7658124.61, 627522.19], [7658120.61, 627525.19], [7658116.62, 627528.18], [7658112.62, 627531.18], [7658108.62, 627534.18], [7658104.63, 627537.18], [7658100.63, 627540.18], [7658096.63, 627543.18], [7658092.64, 627546.18], [7658088.64, 627549.18], [7658084.65, 627552.18], [7658080.65, 627555.17], [7658076.65, 627558.17], [7658072.66, 627561.17], [7658068.66, 627564.17], [7658064.66, 627567.17], [7658060.67, 627570.17], [7658056.67, 627573.17], [7658052.67, 627576.17], [7658048.68, 627579.16], [7658044.68, 627582.16], [7658040.68, 627585.16], [7658036.69, 627588.16], [7658032.69, 627591.16], [7658028.7, 627594.16], [7658024.7, 627597.16], [7658020.7, 627600.16], [7658016.71, 627603.16], [7658012.71, 627606.15], [7658008.71, 627609.15], [7658004.72, 627612.15], [7658000.72, 627615.15], [7657996.72, 627618.15], [7657992.73, 627621.15], [7657988.73, 627624.15], [7657984.73, 627627.15], [7657980.74, 627630.14], [7657976.74, 627633.14], [7657972.75, 627636.14], [7657968.75, 627639.14], [7657964.75, 627642.14], [7657960.76, 627645.14], [7657956.76, 627648.14], [7657952.76, 627651.14], [7657948.77, 627654.14], [7657944.77, 627657.13], [7657940.77, 627660.13], [7657936.78, 627663.13], [7657932.78, 627666.13], [7657928.79, 627669.13], [7657924.79, 627672.13], [7657920.79, 627675.13], [7657916.8, 627678.13], [7657912.8, 627681.12], [7657908.8, 627684.12], [7657904.81, 627687.12], [7657900.81, 627690.12], [7657896.81, 627693.12], [7657892.82, 627696.12], [7657888.82, 627699.12], [7657884.82, 627702.12], [7657880.83, 627705.12], [7657876.83, 627708.11], [7657872.84, 627711.11], [7657868.84, 627714.11], [7657864.84, 627717.11], [7657860.85, 627720.11], [7657856.85, 627723.11], [7657852.85, 627726.11], [7657848.86, 627729.11], [7657844.86, 627732.11], [7657840.86, 627735.1], [7657836.87, 627738.1], [7657832.87, 627741.1], [7657828.88, 627744.1], [7657824.88, 627747.1], [7657820.88, 627750.1], [7657816.89, 627753.1], [7657812.89, 627756.1], [7657808.89, 627759.1], [7657804.9, 627762.09], [7657800.9, 627765.09], [7657796.9, 627768.09], [7657792.91, 627771.09], [7657788.91, 627774.09], [7657784.91, 627777.09], [7657780.92, 627780.09], [7657776.92, 627783.09], [7657772.93, 627786.08], [7657768.93, 627789.08], [7657764.93, 627792.08], [7657760.94, 627795.08], [7657756.94, 627798.08], [7657752.94, 627801.08], [7657748.95, 627804.08], [7657744.95, 627807.08], [7657740.95, 627810.08], [7657736.96, 627813.07], [7657732.96, 627816.07], [7657728.97, 627819.07], [7657724.97, 627822.07], [7657720.97, 627825.07], [7657716.98, 627828.07], [7657712.98, 627831.07], [7657708.98, 627834.07], [7657704.99, 627837.07], [7657700.99, 627840.06], [7657696.99, 627843.06], [7657693.0, 627846.06], [7657689.0, 627849.06], [7657685.01, 627852.06], [7657681.01, 627855.06], [7657677.01, 627858.06], [7657673.02, 627861.06], [7657669.02, 627864.06], [7657665.02, 627867.05], [7657661.03, 627870.05], [7657657.03, 627873.05], [7657653.03, 627876.05], [7657649.04, 627879.05], [7657645.04, 627882.05], [7657641.05, 627885.05], [7657637.05, 627888.05], [7657633.05, 627891.05], [7657629.06, 627894.04], [7657625.06, 627897.04], [7657621.06, 627900.04], [7657617.07, 627903.04], [7657613.07, 627906.04], [7657609.07, 627909.04], [7657605.08, 627912.04], [7657601.08, 627915.04], [7657597.09, 627918.04], [7657593.09, 627921.04], [7657589.09, 627924.03], [7657585.1, 627927.03], [7657581.1, 627930.03], [7657577.1, 627933.03], [7657573.11, 627936.03], [7657569.11, 627939.03], [7657565.11, 627942.03], [7657561.12, 627945.03], [7657557.12, 627948.03], [7657553.13, 627951.02], [7657549.13, 627954.02], [7657545.13, 627957.02], [7657541.14, 627960.02], [7657537.14, 627963.02], [7657533.14, 627966.03], [7657529.14, 627969.05], [7657525.14, 627972.07], [7657521.16, 627975.1], [7657517.17, 627978.14], [7657513.2, 627981.19], [7657509.22, 627984.24], [7657505.26, 627987.3], [7657501.3, 627990.36], [7657497.34, 627993.43], [7657493.39, 627996.51], [7657489.44, 627999.6], [7657485.5, 628002.69], [7657481.57, 628005.79], [7657477.64, 628008.9], [7657473.72, 628012.02], [7657469.8, 628015.14], [7657465.89, 628018.27], [7657461.98, 628021.4], [7657458.08, 628024.54], [7657454.18, 628027.69], [7657450.29, 628030.84], [7657446.4, 628034.01], [7657442.52, 628037.18], [7657438.65, 628040.35], [7657434.78, 628043.53], [7657430.92, 628046.72], [7657427.06, 628049.92], [7657423.21, 628053.12], [7657419.36, 628056.33], [7657415.52, 628059.55], [7657411.69, 628062.77], [7657407.86, 628066.0], [7657404.03, 628069.23], [7657400.22, 628072.48], [7657396.4, 628075.73], [7657392.6, 628078.98], [7657388.8, 628082.24], [7657385.0, 628085.51], [7657381.21, 628088.79], [7657377.43, 628092.07], [7657373.65, 628095.36], [7657369.88, 628098.66], [7657366.11, 628101.96], [7657362.35, 628105.27], [7657358.6, 628108.58], [7657354.85, 628111.91], [7657351.1, 628115.24], [7657347.37, 628118.57], [7657343.63, 628121.91], [7657339.91, 628125.26], [7657336.19, 628128.62], [7657332.47, 628131.98], [7657328.77, 628135.34], [7657325.06, 628138.72], [7657321.37, 628142.1], [7657317.68, 628145.49], [7657313.99, 628148.88], [7657310.31, 628152.28], [7657306.64, 628155.69], [7657302.97, 628159.1], [7657299.31, 628162.52], [7657295.66, 628165.95], [7657292.01, 628169.38], [7657288.37, 628172.82], [7657284.73, 628176.26], [7657281.1, 628179.71], [7657277.48, 628183.17], [7657273.86, 628186.63], [7657270.24, 628190.1], [7657266.64, 628193.58], [7657263.04, 628197.06], [7657259.44, 628200.55], [7657255.86, 628204.05], [7657252.27, 628207.55], [7657248.7, 628211.06], [7657245.13, 628214.57], [7657241.56, 628218.09], [7657238.01, 628221.62], [7657234.46, 628225.15], [7657230.91, 628228.69], [7657227.37, 628232.24], [7657223.84, 628235.79], [7657220.31, 628239.35], [7657216.79, 628242.91], [7657213.28, 628246.48], [7657209.77, 628250.05], [7657206.27, 628253.64], [7657202.77, 628257.23], [7657199.29, 628260.82], [7657195.8, 628264.42], [7657192.33, 628268.03], [7657188.86, 628271.64], [7657185.39, 628275.26], [7657181.94, 628278.88], [7657178.48, 628282.51], [7657175.04, 628286.15], [7657171.6, 628289.79], [7657168.17, 628293.44], [7657164.74, 628297.1], [7657161.33, 628300.76], [7657157.91, 628304.43], [7657154.51, 628308.1], [7657151.11, 628311.78], [7657147.71, 628315.46], [7657144.33, 628319.15], [7657140.95, 628322.85], [7657137.57, 628326.55], [7657134.2, 628330.26], [7657130.84, 628333.97], [7657127.49, 628337.69], [7657124.14, 628341.42], [7657120.8, 628345.15], [7657117.46, 628348.89], [7657114.13, 628352.63], [7657110.81, 628356.38], [7657107.5, 628360.14], [7657104.19, 628363.9], [7657100.89, 628367.67], [7657097.59, 628371.44], [7657094.3, 628375.22], [7657091.02, 628379.0], [7657087.74, 628382.79], [7657084.47, 628386.59], [7657081.21, 628390.39], [7657077.96, 628394.19], [7657074.71, 628398.01], [7657071.46, 628401.82], [7657068.23, 628405.65], [7657065.0, 628409.48], [7657061.78, 628413.31], [7657058.56, 628417.15], [7657055.35, 628421.0], [7657052.15, 628424.85], [7657048.95, 628428.71], [7657045.77, 628432.57], [7657042.58, 628436.44], [7657039.41, 628440.32], [7657036.24, 628444.2], [7657033.08, 628448.08], [7657029.92, 628451.97], [7657026.78, 628455.87], [7657023.63, 628459.77], [7657020.5, 628463.68], [7657017.37, 628467.59], [7657014.25, 628471.51], [7657011.14, 628475.43], [7657008.03, 628479.36], [7657004.93, 628483.3], [7657001.84, 628487.24], [7656998.75, 628491.18], [7656995.67, 628495.13], [7656992.6, 628499.09], [7656989.53, 628503.05], [7656986.47, 628507.02], [7656983.42, 628510.99], [7656980.38, 628514.97], [7656977.34, 628518.95], [7656974.31, 628522.94], [7656971.29, 628526.93], [7656968.27, 628530.93], [7656965.26, 628534.94], [7656962.26, 628538.95], [7656959.26, 628542.96], [7656956.27, 628546.98], [7656953.29, 628551.01], [7656950.32, 628555.04], [7656947.35, 628559.07], [7656944.39, 628563.11], [7656941.43, 628567.16], [7656938.49, 628571.21], [7656935.55, 628575.26], [7656932.62, 628579.33], [7656928.41, 628585.18], [7656925.49, 628589.23], [7656922.58, 628593.29], [7656919.67, 628597.34], [7656916.76, 628601.4], [7656913.85, 628605.45], [7656910.94, 628609.5], [7656908.03, 628613.56], [7656905.12, 628617.61], [7656902.21, 628621.67], [7656899.3, 628625.72], [7656896.38, 628629.77], [7656893.47, 628633.83], [7656890.56, 628637.88], [7656887.65, 628641.94], [7656884.74, 628645.99], [7656881.83, 628650.05], [7656878.92, 628654.1], [7656876.01, 628658.15], [7656873.1, 628662.21], [7656870.19, 628666.26], [7656867.27, 628670.32], [7656864.36, 628674.37], [7656861.45, 628678.42], [7656858.54, 628682.48], [7656855.63, 628686.53], [7656852.72, 628690.59], [7656849.81, 628694.64], [7656846.9, 628698.7], [7656843.99, 628702.75], [7656841.08, 628706.8], [7656838.16, 628710.86], [7656835.25, 628714.91], [7656832.34, 628718.97], [7656829.43, 628723.02], [7656826.52, 628727.07], [7656823.61, 628731.13], [7656820.7, 628735.18], [7656817.79, 628739.24], [7656814.88, 628743.29], [7656811.97, 628747.35], [7656809.06, 628751.4], [7656806.14, 628755.45], [7656803.23, 628759.51], [7656800.32, 628763.56], [7656797.41, 628767.62], [7656794.5, 628771.67], [7656791.59, 628775.73], [7656788.68, 628779.78], [7656785.77, 628783.83], [7656782.86, 628787.89], [7656779.95, 628791.94], [7656777.03, 628796.0], [7656774.12, 628800.05], [7656771.21, 628804.1], [7656768.3, 628808.16], [7656765.39, 628812.21], [7656762.48, 628816.27], [7656759.57, 628820.32], [7656756.66, 628824.38], [7656753.75, 628828.43], [7656750.84, 628832.48], [7656747.93, 628836.54], [7656745.01, 628840.59], [7656742.1, 628844.65], [7656739.19, 628848.7], [7656736.28, 628852.76], [7656733.37, 628856.81], [7656730.46, 628860.86], [7656727.55, 628864.92], [7656724.64, 628868.97], [7656721.73, 628873.03], [7656718.82, 628877.08], [7656715.9, 628881.13], [7656712.99, 628885.19], [7656710.08, 628889.24], [7656707.17, 628893.3], [7656704.26, 628897.35], [7656701.35, 628901.41], [7656698.44, 628905.46], [7656695.53, 628909.51], [7656692.62, 628913.57], [7656689.71, 628917.62], [7656686.8, 628921.68], [7656683.88, 628925.73], [7656680.97, 628929.79], [7656678.06, 628933.84], [7656675.15, 628937.89], [7656672.24, 628941.95], [7656669.33, 628946.0], [7656666.42, 628950.06], [7656663.51, 628954.11], [7656660.6, 628958.16], [7656657.69, 628962.22], [7656654.77, 628966.27], [7656651.86, 628970.33], [7656648.95, 628974.38], [7656646.04, 628978.44], [7656643.13, 628982.49], [7656640.22, 628986.54], [7656637.31, 628990.6], [7656634.4, 628994.65], [7656631.49, 628998.71], [7656628.58, 629002.76], [7656625.67, 629006.82], [7656622.75, 629010.87], [7656619.84, 629014.92], [7656616.93, 629018.98], [7656614.02, 629023.03], [7656611.11, 629027.09], [7656608.2, 629031.14], [7656605.29, 629035.19], [7656602.38, 629039.25], [7656599.47, 629043.3], [7656596.56, 629047.36], [7656593.65, 629051.41], [7656590.73, 629055.47], [7656587.82, 629059.52], [7656584.91, 629063.57], [7656582.0, 629067.63], [7656579.09, 629071.68], [7656576.18, 629075.74], [7656573.27, 629079.79], [7656570.36, 629083.85], [7656567.45, 629087.9], [7656564.54, 629091.95], [7656561.63, 629096.01], [7656558.71, 629100.06], [7656555.8, 629104.12], [7656552.89, 629108.17], [7656549.98, 629112.23], [7656547.07, 629116.28], [7656544.16, 629120.33], [7656541.25, 629124.39], [7656538.34, 629128.44], [7656535.43, 629132.5], [7656532.52, 629136.55], [7656529.61, 629140.6], [7656526.69, 629144.66], [7656523.78, 629148.71], [7656520.87, 629152.77], [7656517.96, 629156.82], [7656515.05, 629160.88], [7656512.14, 629164.93], [7656509.23, 629168.98], [7656506.32, 629173.04], [7656503.41, 629177.09], [7656500.5, 629181.15], [7656497.59, 629185.2], [7656494.67, 629189.26], [7656491.76, 629193.31], [7656488.85, 629197.36], [7656485.94, 629201.42], [7656483.03, 629205.47], [7656480.12, 629209.53], [7656477.21, 629213.58], [7656474.3, 629217.64], [7656471.39, 629221.69], [7656468.48, 629225.74], [7656465.57, 629229.8], [7656462.65, 629233.85], [7656459.74, 629237.91], [7656456.83, 629241.96], [7656453.92, 629246.02], [7656451.01, 629250.07], [7656448.1, 629254.12], [7656445.19, 629258.18], [7656442.28, 629262.23], [7656439.37, 629266.29], [7656436.46, 629270.34], [7656433.55, 629274.39], [7656430.63, 629278.45], [7656427.72, 629282.5], [7656424.81, 629286.56], [7656421.9, 629290.61], [7656418.99, 629294.67], [7656416.08, 629298.72], [7656413.17, 629302.77], [7656410.26, 629306.83], [7656407.35, 629310.88], [7656404.44, 629314.94], [7656401.53, 629318.99], [7656398.62, 629323.05], [7656395.7, 629327.1], [7656392.79, 629331.15], [7656389.88, 629335.21], [7656386.97, 629339.26], [7656384.06, 629343.32], [7656381.15, 629347.37], [7656378.24, 629351.43], [7656375.33, 629355.48], [7656372.42, 629359.53], [7656369.51, 629363.59], [7656366.6, 629367.64], [7656363.68, 629371.7], [7656360.77, 629375.75], [7656357.86, 629379.81], [7656354.95, 629383.86], [7656352.04, 629387.91], [7656349.13, 629391.97], [7656346.22, 629396.02], [7656343.31, 629400.08], [7656340.4, 629404.13], [7656337.49, 629408.19], [7656334.58, 629412.24], [7656331.66, 629416.29], [7656328.75, 629420.35], [7656325.84, 629424.4], [7656322.93, 629428.46], [7656320.02, 629432.51], [7656317.11, 629436.57], [7656314.2, 629440.62], [7656311.29, 629444.67], [7656308.38, 629448.73], [7656305.47, 629452.78], [7656302.56, 629456.84], [7656299.65, 629460.89], [7656296.73, 629464.95], [7656293.82, 629469.0], [7656290.91, 629473.05], [7656288.0, 629477.11], [7656285.09, 629481.16], [7656282.18, 629485.22], [7656279.27, 629489.27], [7656276.36, 629493.33], [7656273.45, 629497.38], [7656270.54, 629501.43], [7656267.63, 629505.49], [7656264.72, 629509.54], [7656261.8, 629513.6], [7656258.89, 629517.65], [7656255.98, 629521.7], [7656253.07, 629525.76], [7656250.16, 629529.81], [7656247.25, 629533.87], [7656244.34, 629537.92], [7656241.43, 629541.98], [7656238.52, 629546.03], [7656235.61, 629550.08], [7656232.7, 629554.14], [7656229.78, 629558.19], [7656226.87, 629562.25], [7656223.96, 629566.3], [7656221.05, 629570.36], [7656218.14, 629574.41], [7656215.23, 629578.46], [7656212.32, 629582.52], [7656209.41, 629586.57], [7656206.5, 629590.63], [7656203.59, 629594.69], [7656200.68, 629598.76], [7656197.78, 629602.83], [7656194.89, 629606.91], [7656192.01, 629611.0], [7656189.13, 629615.09], [7656186.26, 629619.18], [7656183.4, 629623.28], [7656180.54, 629627.38], [7656177.7, 629631.49], [7656174.86, 629635.61], [7656172.02, 629639.72], [7656169.2, 629643.85], [7656166.38, 629647.98], [7656163.56, 629652.11], [7656160.76, 629656.25], [7656157.96, 629660.39], [7656155.17, 629664.54], [7656152.39, 629668.69], [7656149.61, 629672.85], [7656146.84, 629677.02], [7656144.08, 629681.18], [7656141.33, 629685.36], [7656138.58, 629689.53], [7656135.84, 629693.71], [7656133.11, 629697.9], [7656130.38, 629702.09], [7656127.67, 629706.29], [7656124.96, 629710.49], [7656122.25, 629714.7], [7656119.56, 629718.91], [7656116.87, 629723.12], [7656114.19, 629727.34], [7656111.52, 629731.57], [7656108.85, 629735.8], [7656106.19, 629740.03], [7656103.54, 629744.27], [7656100.9, 629748.51], [7656098.26, 629752.76], [7656095.63, 629757.01], [7656093.01, 629761.27], [7656090.39, 629765.53], [7656087.79, 629769.8], [7656085.19, 629774.07], [7656082.6, 629778.34], [7656080.01, 629782.62], [7656077.44, 629786.91], [7656074.87, 629791.2], [7656072.3, 629795.49], [7656069.75, 629799.79], [7656067.2, 629804.09], [7656064.66, 629808.39], [7656062.13, 629812.71], [7656059.61, 629817.02], [7656057.09, 629821.34], [7656054.58, 629825.66], [7656052.08, 629829.99], [7656049.58, 629834.33], [7656047.1, 629838.66], [7656044.62, 629843.0], [7656042.15, 629847.35], [7656039.68, 629851.7], [7656037.23, 629856.06], [7656034.78, 629860.41], [7656032.34, 629864.78], [7656029.9, 629869.14], [7656027.48, 629873.52], [7656025.06, 629877.89], [7656022.65, 629882.27], [7656020.25, 629886.66], [7656017.85, 629891.04], [7656015.46, 629895.44], [7656013.08, 629899.83], [7656010.71, 629904.23], [7656008.35, 629908.64], [7656005.99, 629913.05], [7656003.64, 629917.46], [7656001.3, 629921.88], [7655998.97, 629926.3], [7655996.64, 629930.73], [7655994.32, 629935.15], [7655992.01, 629939.59], [7655989.71, 629944.03], [7655987.41, 629948.47], [7655985.13, 629952.91], [7655982.85, 629957.36], [7655980.57, 629961.82], [7655978.31, 629966.27], [7655976.05, 629970.74], [7655973.8, 629975.2], [7655971.55, 629979.66], [7655969.3, 629984.12], [7655967.05, 629988.58], [7655964.8, 629993.04], [7655962.55, 629997.5], [7655960.3, 630001.96], [7655958.05, 630006.42], [7655955.8, 630010.88], [7655953.54, 630015.34], [7655951.29, 630019.8], [7655949.04, 630024.26], [7655946.79, 630028.73], [7655944.54, 630033.19], [7655942.29, 630037.65], [7655940.04, 630042.11], [7655937.79, 630046.57], [7655935.54, 630051.03], [7655933.29, 630055.49], [7655931.03, 630059.95], [7655928.78, 630064.41], [7655926.53, 630068.87], [7655924.28, 630073.33], [7655922.03, 630077.79], [7655919.78, 630082.25], [7655917.53, 630086.72], [7655915.28, 630091.18], [7655913.03, 630095.64], [7655910.78, 630100.1], [7655908.52, 630104.56], [7655906.27, 630109.02], [7655904.02, 630113.48], [7655901.77, 630117.94], [7655899.52, 630122.4], [7655897.27, 630126.86], [7655895.02, 630131.32], [7655892.77, 630135.78], [7655890.52, 630140.25], [7655888.27, 630144.71], [7655886.01, 630149.17], [7655883.76, 630153.63], [7655881.51, 630158.09], [7655879.26, 630162.55], [7655877.01, 630167.01], [7655874.76, 630171.47], [7655872.51, 630175.93], [7655870.26, 630180.39], [7655868.01, 630184.85], [7655865.76, 630189.31], [7655863.5, 630193.77], [7655861.25, 630198.24], [7655859.0, 630202.7], [7655856.75, 630207.16], [7655854.5, 630211.62], [7655852.25, 630216.08], [7655850.0, 630220.54], [7655847.75, 630225.0], [7655845.5, 630229.46], [7655843.25, 630233.92], [7655840.99, 630238.38], [7655838.74, 630242.84], [7655836.49, 630247.3], [7655834.24, 630251.77], [7655831.99, 630256.23], [7655829.74, 630260.69], [7655827.49, 630265.15], [7655825.24, 630269.61], [7655822.99, 630274.07], [7655820.74, 630278.53], [7655818.48, 630282.99], [7655816.23, 630287.45], [7655813.98, 630291.91], [7655811.73, 630296.37], [7655809.48, 630300.83], [7655807.23, 630305.3], [7655804.98, 630309.76], [7655802.73, 630314.22], [7655800.48, 630318.68], [7655798.23, 630323.14], [7655795.98, 630327.6], [7655793.72, 630332.06], [7655791.47, 630336.52], [7655789.22, 630340.98], [7655786.97, 630345.44], [7655784.72, 630349.9], [7655782.47, 630354.36], [7655780.22, 630358.82], [7655777.97, 630363.29], [7655775.72, 630367.75], [7655773.47, 630372.21], [7655771.21, 630376.67], [7655768.96, 630381.13], [7655766.71, 630385.59], [7655764.46, 630390.05], [7655762.21, 630394.51], [7655759.96, 630398.97], [7655757.71, 630403.43], [7655755.46, 630407.89], [7655753.21, 630412.35], [7655750.96, 630416.82], [7655748.71, 630421.28], [7655746.45, 630425.74], [7655744.2, 630430.2], [7655741.95, 630434.66], [7655739.7, 630439.12], [7655737.45, 630443.58], [7655735.2, 630448.04], [7655732.95, 630452.5], [7655730.7, 630456.96], [7655728.45, 630461.42], [7655726.2, 630465.88], [7655723.94, 630470.35], [7655721.69, 630474.81], [7655719.44, 630479.27], [7655717.19, 630483.73], [7655714.94, 630488.19], [7655712.69, 630492.65], [7655710.44, 630497.11], [7655708.19, 630501.57], [7655705.94, 630506.03], [7655703.69, 630510.49], [7655701.44, 630514.95], [7655699.18, 630519.41], [7655696.93, 630523.88], [7655694.68, 630528.34], [7655692.43, 630532.8], [7655690.18, 630537.26], [7655687.93, 630541.72], [7655685.68, 630546.18], [7655683.43, 630550.64], [7655681.18, 630555.1], [7655678.93, 630559.56], [7655676.67, 630564.02], [7655674.42, 630568.48], [7655672.17, 630572.94], [7655669.92, 630577.41], [7655667.67, 630581.87], [7655665.42, 630586.33], [7655663.17, 630590.79], [7655660.92, 630595.25], [7655658.67, 630599.71], [7655656.42, 630604.17], [7655654.17, 630608.63], [7655651.91, 630613.09], [7655649.66, 630617.55], [7655647.41, 630622.01], [7655645.16, 630626.47], [7655642.91, 630630.93], [7655640.66, 630635.4], [7655638.41, 630639.86], [7655636.16, 630644.32], [7655633.91, 630648.78], [7655631.66, 630653.24], [7655629.41, 630657.7], [7655627.15, 630662.16], [7655624.9, 630666.62], [7655622.65, 630671.08], [7655620.4, 630675.54], [7655618.15, 630680.0], [7655615.9, 630684.46], [7655613.65, 630688.93], [7655611.4, 630693.39], [7655609.15, 630697.85], [7655606.9, 630702.31], [7655604.65, 630706.77], [7655602.39, 630711.23], [7655600.14, 630715.69], [7655597.89, 630720.15], [7655595.64, 630724.61], [7655593.39, 630729.07], [7655591.14, 630733.53], [7655588.89, 630737.99], [7655586.64, 630742.46], [7655584.39, 630746.92], [7655582.14, 630751.38], [7655579.88, 630755.84], [7655577.63, 630760.3], [7655575.38, 630764.76], [7655573.13, 630769.22], [7655570.88, 630773.68], [7655568.63, 630778.14], [7655566.38, 630782.6], [7655564.13, 630787.06], [7655561.88, 630791.52], [7655559.63, 630795.99], [7655557.38, 630800.45], [7655555.12, 630804.91], [7655552.87, 630809.37], [7655550.62, 630813.83], [7655548.37, 630818.29], [7655546.12, 630822.75], [7655543.87, 630827.21], [7655541.62, 630831.67], [7655539.37, 630836.13], [7655537.12, 630840.59], [7655534.87, 630845.06], [7655532.62, 630849.52], [7655530.36, 630853.98], [7655528.11, 630858.44], [7655525.86, 630862.9], [7655523.61, 630867.36], [7655521.36, 630871.82], [7655519.11, 630876.28], [7655516.86, 630880.74], [7655514.61, 630885.2], [7655512.36, 630889.66], [7655510.11, 630894.12], [7655507.86, 630898.59], [7655505.61, 630903.05], [7655503.35, 630907.51], [7655501.1, 630911.97], [7655498.85, 630916.43], [7655496.6, 630920.89], [7655494.35, 630925.35], [7655492.1, 630929.81], [7655489.85, 630934.27], [7655487.6, 630938.73], [7655485.35, 630943.19], [7655483.1, 630947.65], [7655480.85, 630952.12], [7655478.59, 630956.58], [7655476.34, 630961.04], [7655474.09, 630965.5], [7655471.84, 630969.96], [7655469.59, 630974.42], [7655467.34, 630978.88], [7655465.09, 630983.34], [7655462.84, 630987.8], [7655460.59, 630992.26], [7655458.34, 630996.72], [7655456.09, 631001.18], [7655453.83, 631005.65], [7655451.58, 631010.11], [7655449.33, 631014.57], [7655447.08, 631019.03], [7655444.83, 631023.49], [7655442.58, 631027.95], [7655440.33, 631032.41], [7655438.08, 631036.87], [7655435.83, 631041.33], [7655433.58, 631045.79], [7655431.33, 631050.25], [7655429.07, 631054.71], [7655426.82, 631059.18], [7655424.57, 631063.64], [7655422.32, 631068.1], [7655420.07, 631072.56], [7655417.82, 631077.02], [7655415.57, 631081.48], [7655413.32, 631085.94], [7655411.07, 631090.4], [7655408.82, 631094.86], [7655406.57, 631099.32], [7655404.32, 631103.78], [7655402.06, 631108.25], [7655399.81, 631112.71], [7655397.56, 631117.17], [7655395.31, 631121.63], [7655393.06, 631126.09], [7655390.81, 631130.55], [7655388.56, 631135.01], [7655386.31, 631139.47], [7655384.06, 631143.93], [7655381.81, 631148.39], [7655379.56, 631152.85], [7655377.3, 631157.31], [7655375.05, 631161.78], [7655372.8, 631166.24], [7655370.55, 631170.7], [7655368.3, 631175.16], [7655366.05, 631179.62], [7655363.8, 631184.08], [7655361.55, 631188.54], [7655359.3, 631193.0], [7655357.05, 631197.46], [7655354.8, 631201.92], [7655352.54, 631206.38], [7655350.29, 631210.84], [7655348.04, 631215.31], [7655345.79, 631219.77], [7655343.54, 631224.23], [7655341.29, 631228.69], [7655339.04, 631233.15], [7655336.79, 631237.61], [7655334.54, 631242.07], [7655332.29, 631246.53], [7655330.04, 631250.99], [7655327.79, 631255.45], [7655325.53, 631259.91], [7655323.28, 631264.38], [7655321.03, 631268.84], [7655318.78, 631273.3], [7655316.53, 631277.76], [7655314.28, 631282.22], [7655312.03, 631286.68], [7655309.78, 631291.14], [7655307.53, 631295.6], [7655305.28, 631300.06], [7655303.03, 631304.52], [7655300.78, 631308.98], [7655298.52, 631313.44], [7655296.27, 631317.91], [7655294.02, 631322.37], [7655291.77, 631326.83], [7655289.52, 631331.29], [7655287.27, 631335.75], [7655285.02, 631340.21], [7655282.77, 631344.67], [7655280.52, 631349.13], [7655278.27, 631353.59], [7655276.02, 631358.05], [7655273.76, 631362.51], [7655271.51, 631366.98], [7655269.26, 631371.44], [7655267.01, 631375.9], [7655264.76, 631380.36], [7655262.51, 631384.82], [7655260.26, 631389.28], [7655258.01, 631393.74], [7655255.76, 631398.2], [7655253.51, 631402.66], [7655251.26, 631407.12], [7655249.01, 631411.58], [7655246.75, 631416.04], [7655244.5, 631420.51], [7655242.25, 631424.97], [7655240.0, 631429.43], [7655237.75, 631433.89], [7655235.5, 631438.35], [7655233.25, 631442.81], [7655231.0, 631447.27], [7655228.75, 631451.73], [7655226.5, 631456.19], [7655224.25, 631460.65], [7655222.0, 631465.11], [7655219.74, 631469.58], [7655217.49, 631474.04], [7655215.24, 631478.5], [7655212.99, 631482.96], [7655210.74, 631487.42], [7655208.49, 631491.88], [7655206.24, 631496.34], [7655203.99, 631500.8], [7655201.74, 631505.26], [7655199.49, 631509.72], [7655197.24, 631514.18], [7655194.99, 631518.65], [7655192.73, 631523.11], [7655190.48, 631527.57], [7655188.23, 631532.03], [7655185.98, 631536.49], [7655183.73, 631540.95], [7655181.48, 631545.41], [7655179.23, 631549.87], [7655176.98, 631554.33], [7655174.73, 631558.79], [7655172.48, 631563.25], [7655170.23, 631567.71], [7655167.98, 631572.18], [7655165.72, 631576.64], [7655163.47, 631581.1], [7655161.22, 631585.56], [7655158.97, 631590.02], [7655156.72, 631594.48], [7655154.47, 631598.94], [7655152.22, 631603.4], [7655149.97, 631607.86], [7655147.72, 631612.32], [7655145.47, 631616.78], [7655143.22, 631621.25], [7655140.97, 631625.71], [7655138.72, 631630.17], [7655136.46, 631634.63], [7655134.21, 631639.09], [7655131.96, 631643.55], [7655129.71, 631648.01], [7655127.46, 631652.47], [7655125.21, 631656.93], [7655122.96, 631661.39], [7655120.71, 631665.85], [7655118.46, 631670.32], [7655116.21, 631674.78], [7655113.96, 631679.24], [7655111.71, 631683.7], [7655109.45, 631688.16], [7655107.2, 631692.62], [7655104.95, 631697.08], [7655102.7, 631701.54], [7655100.45, 631706.0], [7655098.2, 631710.46], [7655095.95, 631714.92], [7655093.7, 631719.38], [7655091.45, 631723.85], [7655089.2, 631728.31], [7655086.95, 631732.77], [7655084.7, 631737.23], [7655082.44, 631741.69], [7655080.19, 631746.15], [7655077.94, 631750.61], [7655075.69, 631755.07], [7655073.44, 631759.53], [7655071.19, 631763.99], [7655068.94, 631768.45], [7655066.69, 631772.92], [7655064.44, 631777.38], [7655062.19, 631781.84], [7655059.94, 631786.3], [7655057.69, 631790.76], [7655055.44, 631795.22], [7655053.18, 631799.68], [7655050.93, 631804.14], [7655048.68, 631808.6], [7655046.43, 631813.06], [7655044.18, 631817.52], [7655041.93, 631821.99], [7655039.68, 631826.45], [7655037.43, 631830.91], [7655035.18, 631835.37], [7655032.93, 631839.83], [7655030.68, 631844.29], [7655028.43, 631848.75], [7655026.17, 631853.21], [7655023.92, 631857.67], [7655021.67, 631862.13], [7655019.42, 631866.59], [7655017.17, 631871.06], [7655014.92, 631875.52], [7655012.67, 631879.98], [7655010.42, 631884.44], [7655008.17, 631888.9], [7655005.92, 631893.36], [7655003.67, 631897.82], [7655001.42, 631902.28], [7654999.17, 631906.74], [7654996.91, 631911.2], [7654994.66, 631915.66], [7654992.41, 631920.13], [7654990.16, 631924.59], [7654987.91, 631929.05], [7654985.66, 631933.51], [7654983.41, 631937.97], [7654981.16, 631942.43], [7654978.91, 631946.89], [7654976.66, 631951.35], [7654974.41, 631955.81], [7654972.16, 631960.27], [7654969.91, 631964.73], [7654967.65, 631969.2], [7654965.4, 631973.66], [7654963.15, 631978.12], [7654960.9, 631982.58], [7654958.65, 631987.04], [7654956.4, 631991.5], [7654954.15, 631995.96], [7654951.9, 632000.42], [7654949.65, 632004.88], [7654947.4, 632009.34], [7654945.15, 632013.8], [7654942.9, 632018.27], [7654940.65, 632022.73], [7654938.39, 632027.19], [7654936.14, 632031.65], [7654933.89, 632036.11], [7654931.64, 632040.57], [7654929.39, 632045.03], [7654927.14, 632049.49], [7654924.89, 632053.95], [7654922.64, 632058.41], [7654920.39, 632062.87], [7654918.14, 632067.34], [7654915.89, 632071.8], [7654913.64, 632076.26], [7654911.39, 632080.72], [7654909.13, 632085.18], [7654906.88, 632089.64], [7654904.63, 632094.1], [7654902.38, 632098.56], [7654900.13, 632103.02], [7654897.88, 632107.48], [7654895.63, 632111.94], [7654893.38, 632116.41], [7654891.13, 632120.87], [7654888.88, 632125.33], [7654886.63, 632129.79], [7654884.38, 632134.25], [7654882.13, 632138.71], [7654879.87, 632143.17], [7654877.62, 632147.63], [7654875.37, 632152.09], [7654873.12, 632156.55], [7654870.87, 632161.01], [7654868.62, 632165.48], [7654866.37, 632169.94], [7654864.12, 632174.4], [7654861.87, 632178.86], [7654859.62, 632183.32], [7654857.37, 632187.78], [7654855.12, 632192.24], [7654852.87, 632196.7], [7654850.61, 632201.16], [7654848.36, 632205.62], [7654846.11, 632210.08], [7654843.86, 632214.55], [7654841.61, 632219.01], [7654839.36, 632223.47], [7654837.11, 632227.93], [7654834.86, 632232.39], [7654832.61, 632236.85], [7654830.36, 632241.31], [7654828.11, 632245.77], [7654825.86, 632250.23], [7654823.61, 632254.69], [7654821.35, 632259.15], [7654819.1, 632263.62], [7654816.85, 632268.08], [7654814.6, 632272.54], [7654812.35, 632277.0], [7654810.1, 632281.46], [7654807.85, 632285.92], [7654805.6, 632290.38], [7654803.35, 632294.84], [7654801.1, 632299.3], [7654798.85, 632303.76], [7654796.6, 632308.22], [7654794.35, 632312.69], [7654792.1, 632317.15], [7654789.84, 632321.61], [7654787.59, 632326.07], [7654785.34, 632330.53], [7654783.09, 632334.99], [7654780.84, 632339.45], [7654778.59, 632343.91], [7654776.34, 632348.37], [7654774.09, 632352.83], [7654771.84, 632357.3], [7654769.59, 632361.76], [7654767.34, 632366.22], [7654765.09, 632370.68], [7654762.84, 632375.14], [7654760.58, 632379.6], [7654758.33, 632384.06], [7654756.08, 632388.52], [7654753.83, 632392.98], [7654751.58, 632397.44], [7654749.33, 632401.9], [7654747.08, 632406.37], [7654744.83, 632410.83], [7654742.58, 632415.29], [7654740.33, 632419.75], [7654738.08, 632424.21], [7654735.83, 632428.67], [7654733.58, 632433.13], [7654731.33, 632437.59], [7654729.07, 632442.05], [7654726.82, 632446.51], [7654724.57, 632450.97], [7654722.32, 632455.44], [7654720.07, 632459.9], [7654717.82, 632464.36], [7654715.57, 632468.82], [7654713.32, 632473.28], [7654711.07, 632477.74], [7654708.82, 632482.2], [7654706.57, 632486.66], [7654704.32, 632491.12], [7654702.07, 632495.58], [7654699.82, 632500.05], [7654697.56, 632504.51], [7654695.31, 632508.97], [7654693.06, 632513.43], [7654690.81, 632517.89], [7654688.56, 632522.35], [7654686.31, 632526.81], [7654684.06, 632531.27], [7654681.81, 632535.73], [7654679.56, 632540.19], [7654677.31, 632544.65], [7654675.06, 632549.12], [7654672.81, 632553.58], [7654670.56, 632558.04], [7654668.31, 632562.5], [7654666.05, 632566.96], [7654663.8, 632571.42], [7654661.55, 632575.88], [7654659.3, 632580.34], [7654657.05, 632584.8], [7654654.8, 632589.26], [7654652.55, 632593.72], [7654650.3, 632598.19], [7654648.05, 632602.65], [7654645.8, 632607.11], [7654643.55, 632611.57], [7654641.3, 632616.03], [7654639.05, 632620.49], [7654636.8, 632624.95], [7654634.54, 632629.41], [7654632.29, 632633.87], [7654630.04, 632638.33], [7654627.79, 632642.8], [7654625.54, 632647.26], [7654623.29, 632651.72], [7654621.04, 632656.18], [7654618.79, 632660.64], [7654616.54, 632665.1], [7654614.29, 632669.56], [7654612.04, 632674.02], [7654609.79, 632678.48], [7654607.54, 632682.94], [7654605.29, 632687.4], [7654603.03, 632691.87], [7654600.78, 632696.33], [7654598.53, 632700.79], [7654596.28, 632705.25], [7654594.03, 632709.71], [7654591.78, 632714.17], [7654589.53, 632718.63], [7654587.28, 632723.09], [7654585.03, 632727.55], [7654582.78, 632732.01], [7654580.53, 632736.48], [7654578.28, 632740.94], [7654576.03, 632745.4], [7654573.78, 632749.86], [7654571.53, 632754.32], [7654569.27, 632758.78], [7654567.02, 632763.24], [7654564.77, 632767.7], [7654562.52, 632772.16], [7654560.27, 632776.62], [7654558.02, 632781.08], [7654555.77, 632785.55], [7654553.52, 632790.01], [7654551.27, 632794.47], [7654549.02, 632798.93], [7654546.77, 632803.39], [7654544.52, 632807.85], [7654542.27, 632812.31], [7654540.02, 632816.77], [7654537.76, 632821.23], [7654535.51, 632825.69], [7654533.26, 632830.16], [7654531.01, 632834.62], [7654528.76, 632839.08], [7654526.51, 632843.54], [7654524.26, 632848.0], [7654522.01, 632852.46], [7654519.76, 632856.92], [7654517.51, 632861.38], [7654515.26, 632865.84], [7654513.01, 632870.3], [7654510.76, 632874.76], [7654508.51, 632879.23], [7654506.26, 632883.69], [7654504.0, 632888.15], [7654501.75, 632892.61], [7654499.5, 632897.07], [7654497.25, 632901.53], [7654495.0, 632905.99], [7654492.75, 632910.45], [7654490.5, 632914.91], [7654488.25, 632919.37], [7654486.0, 632923.84], [7654483.75, 632928.3], [7654481.5, 632932.76], [7654479.25, 632937.22], [7654477.0, 632941.68], [7654474.75, 632946.14], [7654472.5, 632950.6], [7654470.24, 632955.06], [7654467.99, 632959.52], [7654465.74, 632963.98], [7654463.49, 632968.44], [7654461.24, 632972.91], [7654458.99, 632977.37], [7654456.74, 632981.83], [7654454.49, 632986.29], [7654452.24, 632990.75], [7654449.99, 632995.21], [7654447.74, 632999.67], [7654445.49, 633004.13], [7654443.24, 633008.59], [7654440.99, 633013.05], [7654438.74, 633017.52], [7654436.48, 633021.98], [7654434.23, 633026.44], [7654431.98, 633030.9], [7654429.73, 633035.36], [7654427.48, 633039.82], [7654425.23, 633044.28], [7654422.98, 633048.74], [7654420.73, 633053.2], [7654418.48, 633057.66], [7654416.23, 633062.13], [7654413.98, 633066.59], [7654411.73, 633071.05], [7654409.48, 633075.51], [7654407.23, 633079.97], [7654404.98, 633084.43], [7654402.72, 633088.89], [7654400.47, 633093.35], [7654398.22, 633097.81], [7654395.97, 633102.27], [7654393.72, 633106.73], [7654391.47, 633111.2], [7654389.22, 633115.66], [7654386.97, 633120.12], [7654384.72, 633124.58], [7654382.47, 633129.04], [7654380.22, 633133.5], [7654377.97, 633137.96], [7654375.72, 633142.42], [7654373.47, 633146.88], [7654371.22, 633151.34], [7654368.97, 633155.81], [7654366.71, 633160.27], [7654364.46, 633164.73], [7654362.21, 633169.19], [7654359.96, 633173.65], [7654357.71, 633178.11], [7654355.46, 633182.57], [7654353.21, 633187.03], [7654350.96, 633191.49], [7654348.71, 633195.95], [7654346.46, 633200.42], [7654344.21, 633204.88], [7654341.96, 633209.34], [7654339.71, 633213.8], [7654337.46, 633218.26], [7654335.21, 633222.72], [7654332.95, 633227.18], [7654330.7, 633231.64], [7654328.45, 633236.1], [7654326.2, 633240.56], [7654323.95, 633245.03], [7654321.7, 633249.49], [7654319.45, 633253.95], [7654317.2, 633258.41], [7654314.95, 633262.87], [7654312.7, 633267.33], [7654310.45, 633271.79], [7654308.2, 633276.25], [7654305.95, 633280.71], [7654303.7, 633285.17], [7654301.45, 633289.64], [7654299.2, 633294.1], [7654296.94, 633298.56], [7654294.69, 633303.02], [7654292.44, 633307.48], [7654290.19, 633311.94], [7654287.94, 633316.4], [7654285.69, 633320.86], [7654283.44, 633325.32], [7654281.19, 633329.78], [7654278.94, 633334.24], [7654276.69, 633338.71], [7654274.44, 633343.17], [7654272.19, 633347.63], [7654269.94, 633352.09], [7654267.69, 633356.55], [7654265.44, 633361.01], [7654263.19, 633365.47], [7654260.93, 633369.93], [7654258.68, 633374.39], [7654256.43, 633378.85], [7654254.18, 633383.32], [7654251.93, 633387.78], [7654249.68, 633392.24], [7654247.43, 633396.7], [7654245.18, 633401.16], [7654242.93, 633405.62], [7654240.68, 633410.08], [7654238.43, 633414.54], [7654236.18, 633419.0], [7654233.93, 633423.46], [7654231.68, 633427.93], [7654229.43, 633432.39], [7654227.18, 633436.85], [7654224.92, 633441.31], [7654222.67, 633445.77], [7654220.42, 633450.23], [7654218.17, 633454.69], [7654215.92, 633459.15], [7654213.67, 633463.61], [7654211.42, 633468.07], [7654209.17, 633472.54], [7654206.92, 633477.0], [7654204.67, 633481.46], [7654202.42, 633485.92], [7654200.17, 633490.38], [7654197.91, 633494.85], [7654195.66, 633499.32], [7654193.4, 633503.79], [7654191.15, 633508.26], [7654188.89, 633512.73], [7654186.64, 633517.2], [7654184.38, 633521.67], [7654182.13, 633526.14], [7654179.87, 633530.6], [7654177.62, 633535.07], [7654175.36, 633539.54], [7654173.11, 633544.01], [7654170.85, 633548.48], [7654168.6, 633552.95], [7654166.35, 633557.42], [7654164.09, 633561.89], [7654161.84, 633566.36], [7654159.58, 633570.83], [7654157.33, 633575.3], [7654155.07, 633579.77], [7654152.82, 633584.24], [7654150.56, 633588.71], [7654148.31, 633593.18], [7654146.05, 633597.65], [7654143.8, 633602.12], [7654141.54, 633606.59], [7654139.29, 633611.06], [7654137.03, 633615.53], [7654134.78, 633619.99], [7654132.52, 633624.46], [7654130.27, 633628.93], [7654128.01, 633633.4], [7654125.76, 633637.87], [7654123.5, 633642.34], [7654121.25, 633646.81], [7654118.99, 633651.28], [7654116.74, 633655.75], [7654114.48, 633660.22], [7654112.23, 633664.69], [7654109.97, 633669.16], [7654107.72, 633673.63], [7654105.46, 633678.1], [7654103.21, 633682.57], [7654100.95, 633687.04], [7654098.7, 633691.51], [7654096.44, 633695.98], [7654094.19, 633700.45], [7654091.93, 633704.91], [7654089.68, 633709.38], [7654087.42, 633713.85], [7654085.17, 633718.32], [7654082.91, 633722.79], [7654080.66, 633727.26], [7654078.41, 633731.73], [7654076.15, 633736.2], [7654073.9, 633740.67], [7654071.64, 633745.14], [7654069.39, 633749.61], [7654067.13, 633754.08], [7654064.88, 633758.55], [7654062.62, 633763.02], [7654060.37, 633767.49], [7654058.11, 633771.96], [7654055.86, 633776.43], [7654053.6, 633780.9], [7654051.35, 633785.37], [7654049.09, 633789.84], [7654046.84, 633794.3], [7654044.58, 633798.77], [7654042.33, 633803.24], [7654040.07, 633807.71], [7654037.82, 633812.18], [7654035.56, 633816.65], [7654033.31, 633821.12], [7654031.05, 633825.59], [7654028.8, 633830.06], [7654026.54, 633834.53], [7654024.29, 633839.0], [7654022.03, 633843.47], [7654019.78, 633847.94], [7654017.52, 633852.41], [7654015.27, 633856.88], [7654013.01, 633861.35], [7654010.76, 633865.82], [7654008.5, 633870.29], [7654006.25, 633874.76], [7654004.0, 633879.23], [7654001.74, 633883.69], [7653999.49, 633888.16], [7653997.23, 633892.63], [7653994.98, 633897.1], [7653992.72, 633901.57], [7653990.47, 633906.04], [7653988.21, 633910.51], [7653985.96, 633914.98], [7653983.7, 633919.45], [7653981.45, 633923.92], [7653979.19, 633928.39], [7653976.94, 633932.86], [7653974.68, 633937.33], [7653972.43, 633941.8], [7653970.17, 633946.27], [7653967.92, 633950.74], [7653965.66, 633955.21], [7653963.41, 633959.68], [7653961.15, 633964.15], [7653958.9, 633968.62], [7653956.64, 633973.08], [7653954.39, 633977.55], [7653952.13, 633982.02], [7653949.88, 633986.49], [7653947.62, 633990.96], [7653945.37, 633995.43], [7653943.11, 633999.9], [7653940.86, 634004.37], [7653938.6, 634008.84], [7653936.35, 634013.31], [7653934.1, 634017.78], [7653931.84, 634022.25], [7653929.59, 634026.72], [7653927.33, 634031.19], [7653925.08, 634035.66], [7653922.82, 634040.13], [7653920.57, 634044.6], [7653918.31, 634049.07], [7653916.06, 634053.54], [7653913.8, 634058.01], [7653911.55, 634062.48], [7653909.29, 634066.94], [7653907.04, 634071.41], [7653904.78, 634075.88], [7653902.53, 634080.35], [7653900.27, 634084.82], [7653898.02, 634089.29], [7653895.76, 634093.76], [7653893.51, 634098.23], [7653891.25, 634102.7], [7653889.0, 634107.17], [7653886.74, 634111.64], [7653884.49, 634116.11], [7653882.23, 634120.58], [7653879.98, 634125.05], [7653877.72, 634129.52], [7653875.47, 634133.99], [7653873.22, 634138.46], [7653870.96, 634142.93], [7653868.71, 634147.4], [7653866.45, 634151.87], [7653864.2, 634156.34], [7653861.94, 634160.8], [7653859.69, 634165.27], [7653857.43, 634169.74], [7653855.18, 634174.21], [7653852.92, 634178.68], [7653850.67, 634183.15], [7653848.41, 634187.62], [7653846.16, 634192.09], [7653843.9, 634196.56], [7653841.65, 634201.03], [7653839.39, 634205.5], [7653837.14, 634209.97], [7653834.88, 634214.44], [7653832.63, 634218.91], [7653830.37, 634223.38], [7653828.12, 634227.85], [7653825.86, 634232.32], [7653823.61, 634236.79], [7653821.35, 634241.26], [7653819.1, 634245.73], [7653816.84, 634250.19], [7653814.59, 634254.66], [7653812.34, 634259.13], [7653810.08, 634263.6], [7653807.83, 634268.07], [7653805.57, 634272.54], [7653803.32, 634277.01], [7653801.06, 634281.48], [7653798.81, 634285.95], [7653796.55, 634290.42], [7653794.3, 634294.89], [7653792.04, 634299.36], [7653789.79, 634303.83], [7653787.53, 634308.3], [7653785.28, 634312.77], [7653783.02, 634317.24], [7653780.77, 634321.71], [7653778.51, 634326.18], [7653776.26, 634330.65], [7653774.0, 634335.12], [7653771.75, 634339.59], [7653769.49, 634344.06], [7653767.24, 634348.52], [7653764.98, 634352.99], [7653762.73, 634357.46], [7653760.48, 634361.93], [7653758.22, 634366.4], [7653755.97, 634370.87], [7653753.71, 634375.34], [7653751.46, 634379.81], [7653749.2, 634384.28], [7653746.95, 634388.75], [7653744.69, 634393.22], [7653742.44, 634397.69], [7653740.18, 634402.16], [7653737.93, 634406.63], [7653735.67, 634411.1], [7653733.42, 634415.57], [7653731.16, 634420.04], [7653728.91, 634424.51], [7653726.65, 634428.98], [7653724.4, 634433.45], [7653722.14, 634437.92], [7653719.89, 634442.38], [7653717.63, 634446.85], [7653715.38, 634451.32], [7653713.12, 634455.79], [7653710.87, 634460.26], [7653708.62, 634464.73], [7653706.36, 634469.2], [7653704.11, 634473.67], [7653701.85, 634478.14], [7653699.6, 634482.61], [7653697.34, 634487.08], [7653695.09, 634491.55], [7653692.83, 634496.02], [7653690.58, 634500.49], [7653688.32, 634504.96], [7653686.07, 634509.43], [7653683.81, 634513.9], [7653681.56, 634518.37], [7653679.3, 634522.84], [7653677.05, 634527.31], [7653674.79, 634531.78], [7653672.54, 634536.25], [7653670.28, 634540.71], [7653668.03, 634545.18], [7653665.77, 634549.65], [7653663.52, 634554.12], [7653661.26, 634558.59], [7653659.01, 634563.06], [7653656.76, 634567.53], [7653654.5, 634572.0], [7653652.25, 634576.47], [7653649.99, 634580.94], [7653647.74, 634585.41], [7653645.48, 634589.88], [7653643.23, 634594.35], [7653640.97, 634598.82], [7653638.72, 634603.29], [7653636.46, 634607.76], [7653634.21, 634612.23], [7653631.95, 634616.7], [7653629.7, 634621.17], [7653627.44, 634625.64], [7653625.19, 634630.11], [7653622.93, 634634.58], [7653620.68, 634639.04], [7653618.42, 634643.51], [7653616.14, 634648.04], [7653613.85, 634652.56], [7653611.56, 634657.08], [7653609.26, 634661.6], [7653606.96, 634666.12], [7653604.65, 634670.63], [7653602.34, 634675.14], [7653600.03, 634679.66], [7653597.71, 634684.16], [7653595.39, 634688.67], [7653593.07, 634693.17], [7653590.74, 634697.68], [7653588.41, 634702.18], [7653586.07, 634706.68], [7653583.73, 634711.17], [7653581.38, 634715.67], [7653579.03, 634720.16], [7653576.68, 634724.65], [7653574.32, 634729.14], [7653571.96, 634733.62], [7653569.6, 634738.1], [7653567.23, 634742.59], [7653564.86, 634747.07], [7653562.51, 634751.49], [7653560.17, 634755.91], [7653557.82, 634760.33], [7653555.48, 634764.76], [7653553.13, 634769.18], [7653550.79, 634773.6], [7653548.44, 634778.03], [7653546.1, 634782.45], [7653543.75, 634786.87], [7653541.4, 634791.29], [7653539.06, 634795.72], [7653536.71, 634800.14], [7653534.37, 634804.56], [7653532.02, 634808.98], [7653529.68, 634813.41], [7653527.34, 634817.81], [7653525.0, 634822.22], [7653522.65, 634826.62], [7653520.3, 634831.02], [7653517.95, 634835.42], [7653515.59, 634839.81], [7653513.23, 634844.21], [7653510.86, 634848.6], [7653508.49, 634852.99], [7653506.12, 634857.38], [7653503.74, 634861.76], [7653501.36, 634866.15], [7653498.97, 634870.53], [7653496.59, 634874.91], [7653494.19, 634879.29], [7653491.8, 634883.66], [7653489.4, 634888.03], [7653486.99, 634892.41], [7653484.59, 634896.77], [7653482.17, 634901.14], [7653479.76, 634905.51], [7653477.34, 634909.87], [7653474.92, 634914.23], [7653472.49, 634918.59], [7653470.06, 634922.94], [7653467.62, 634927.3], [7653465.19, 634931.65], [7653462.74, 634936.0], [7653460.3, 634940.35], [7653457.85, 634944.69], [7653455.4, 634949.04], [7653452.94, 634953.38], [7653450.48, 634957.72], [7653448.01, 634962.06], [7653445.55, 634966.39], [7653443.07, 634970.72], [7653440.6, 634975.06], [7653438.12, 634979.38], [7653435.64, 634983.71], [7653433.15, 634988.03], [7653430.66, 634992.36], [7653428.16, 634996.68], [7653425.66, 635000.99], [7653423.16, 635005.31], [7653420.66, 635009.62], [7653418.15, 635013.93], [7653415.63, 635018.24], [7653413.12, 635022.55], [7653410.59, 635026.86], [7653408.07, 635031.16], [7653405.54, 635035.46], [7653403.01, 635039.76], [7653400.47, 635044.05], [7653397.93, 635048.35], [7653395.39, 635052.64], [7653392.84, 635056.93], [7653390.29, 635061.21], [7653387.74, 635065.5], [7653385.18, 635069.78], [7653382.62, 635074.06], [7653380.05, 635078.34], [7653377.48, 635082.61], [7653374.91, 635086.89], [7653372.33, 635091.16], [7653369.75, 635095.43], [7653367.17, 635099.7], [7653364.58, 635103.96], [7653361.99, 635108.22], [7653359.39, 635112.48], [7653356.79, 635116.74], [7653354.19, 635121.0], [7653351.58, 635125.25], [7653348.97, 635129.5], [7653346.35, 635133.77], [7653343.72, 635138.04], [7653341.1, 635142.31], [7653338.47, 635146.58], [7653335.85, 635150.85], [7653333.22, 635155.12], [7653330.6, 635159.39], [7653327.97, 635163.66], [7653325.35, 635167.93], [7653322.72, 635172.2], [7653320.1, 635176.47], [7653317.47, 635180.75], [7653314.85, 635185.02], [7653312.23, 635189.29], [7653309.6, 635193.56], [7653306.98, 635197.83], [7653304.35, 635202.1], [7653301.73, 635206.37], [7653299.1, 635210.64], [7653296.48, 635214.91], [7653293.85, 635219.18], [7653291.23, 635223.45], [7653288.6, 635227.72], [7653285.98, 635231.99], [7653283.35, 635236.26], [7653280.73, 635240.53], [7653278.1, 635244.8], [7653275.48, 635249.07], [7653272.85, 635253.34], [7653270.23, 635257.61], [7653267.6, 635261.88], [7653264.98, 635266.15], [7653262.35, 635270.42], [7653259.73, 635274.69], [7653257.11, 635278.96], [7653254.48, 635283.23], [7653251.86, 635287.5], [7653249.23, 635291.77], [7653246.61, 635296.05], [7653243.98, 635300.32], [7653241.36, 635304.59], [7653238.73, 635308.86], [7653236.11, 635313.13], [7653233.48, 635317.4], [7653230.86, 635321.67], [7653228.23, 635325.94], [7653225.61, 635330.21], [7653222.98, 635334.48], [7653220.36, 635338.75], [7653217.73, 635343.02], [7653215.11, 635347.29], [7653212.48, 635351.56], [7653209.86, 635355.83], [7653207.24, 635360.1], [7653204.61, 635364.37], [7653201.99, 635368.64], [7653199.36, 635372.91], [7653196.74, 635377.18], [7653194.11, 635381.45], [7653191.49, 635385.72], [7653188.86, 635389.99], [7653186.24, 635394.26], [7653183.61, 635398.53], [7653180.99, 635402.8], [7653178.36, 635407.08], [7653175.74, 635411.35], [7653173.11, 635415.62], [7653170.49, 635419.89], [7653167.86, 635424.16], [7653165.24, 635428.43], [7653162.61, 635432.7], [7653159.99, 635436.97], [7653157.37, 635441.24], [7653154.74, 635445.51], [7653152.12, 635449.78], [7653149.49, 635454.05], [7653146.87, 635458.32], [7653144.24, 635462.59], [7653141.62, 635466.86], [7653138.99, 635471.13], [7653136.37, 635475.4], [7653133.74, 635479.67], [7653131.12, 635483.94], [7653128.49, 635488.21], [7653125.87, 635492.48], [7653123.24, 635496.75], [7653120.62, 635501.02], [7653117.99, 635505.29], [7653115.37, 635509.56], [7653112.75, 635513.84], [7653110.12, 635518.11], [7653107.5, 635522.38], [7653104.87, 635526.65], [7653102.25, 635530.92], [7653099.62, 635535.19], [7653097.0, 635539.46], [7653094.37, 635543.73], [7653091.75, 635548.0], [7653089.12, 635552.27], [7653086.5, 635556.54], [7653083.87, 635560.81], [7653081.25, 635565.08], [7653078.62, 635569.35], [7653076.0, 635573.62], [7653073.37, 635577.89], [7653070.75, 635582.16], [7653068.13, 635586.43], [7653065.5, 635590.7], [7653062.88, 635594.97], [7653060.25, 635599.24], [7653057.63, 635603.51], [7653055.0, 635607.78], [7653052.38, 635612.05], [7653049.75, 635616.32], [7653047.13, 635620.6], [7653044.5, 635624.87], [7653041.88, 635629.14], [7653039.25, 635633.41], [7653036.63, 635637.68], [7653034.0, 635641.95], [7653031.38, 635646.22], [7653028.75, 635650.49], [7653026.13, 635654.76], [7653023.51, 635659.03], [7653020.88, 635663.3], [7653018.26, 635667.57], [7653015.63, 635671.84], [7653013.01, 635676.11], [7653010.38, 635680.38], [7653007.76, 635684.65], [7653005.13, 635688.92], [7653002.51, 635693.19], [7652999.88, 635697.46], [7652997.26, 635701.73], [7652994.63, 635706.0], [7652992.01, 635710.27], [7652989.38, 635714.54], [7652986.78, 635718.82], [7652984.44, 635723.21], [7652982.1, 635727.59], [7652979.76, 635731.98], [7652977.43, 635736.36], [7652975.09, 635740.74], [7652972.75, 635745.13], [7652970.41, 635749.51], [7652968.08, 635753.9], [7652965.74, 635758.28], [7652963.4, 635762.67], [7652961.06, 635767.05], [7652958.73, 635771.44], [7652956.39, 635775.82], [7652954.05, 635780.2], [7652951.72, 635784.59], [7652949.38, 635788.97], [7652947.04, 635793.36], [7652944.7, 635797.74], [7652942.37, 635802.13], [7652940.03, 635806.51], [7652937.69, 635810.9], [7652935.35, 635815.28], [7652933.02, 635819.67], [7652930.68, 635824.05], [7652928.34, 635828.43], [7652926.0, 635832.82], [7652923.67, 635837.2], [7652921.33, 635841.59], [7652918.99, 635845.97], [7652915.35, 635852.81], [7652913.0, 635857.2], [7652910.66, 635861.6], [7652908.32, 635865.99], [7652905.98, 635870.38], [7652903.64, 635874.78], [7652901.29, 635879.17], [7652898.95, 635883.56], [7652896.61, 635887.95], [7652894.27, 635892.35], [7652891.93, 635896.74], [7652889.59, 635901.13], [7652887.24, 635905.53], [7652884.9, 635909.92], [7652882.56, 635914.31], [7652880.22, 635918.7], [7652877.88, 635923.1], [7652875.54, 635927.49], [7652873.19, 635931.88], [7652870.85, 635936.27], [7652868.51, 635940.67], [7652866.17, 635945.06], [7652863.83, 635949.45], [7652861.48, 635953.85], [7652859.14, 635958.24], [7652856.8, 635962.63], [7652854.46, 635967.02], [7652852.12, 635971.42], [7652849.78, 635975.81], [7652847.43, 635980.2], [7652845.09, 635984.59], [7652842.75, 635988.99], [7652840.41, 635993.38], [7652838.07, 635997.77], [7652835.73, 636002.17], [7652833.38, 636006.56], [7652831.04, 636010.95], [7652828.7, 636015.34], [7652826.36, 636019.74], [7652824.02, 636024.13], [7652821.67, 636028.52], [7652819.33, 636032.92], [7652816.99, 636037.31], [7652814.65, 636041.7], [7652812.31, 636046.09], [7652809.97, 636050.49], [7652807.62, 636054.88], [7652805.28, 636059.27], [7652802.94, 636063.66], [7652800.6, 636068.06], [7652798.26, 636072.45], [7652795.92, 636076.84], [7652793.57, 636081.24], [7652791.23, 636085.63], [7652788.89, 636090.02], [7652786.55, 636094.41], [7652784.21, 636098.81], [7652781.86, 636103.2], [7652779.52, 636107.59], [7652777.18, 636111.99], [7652774.84, 636116.38], [7652772.5, 636120.77], [7652770.16, 636125.16], [7652767.81, 636129.56], [7652765.47, 636133.95], [7652763.13, 636138.34], [7652760.79, 636142.73], [7652758.45, 636147.13], [7652756.11, 636151.52], [7652753.76, 636155.91], [7652751.42, 636160.31], [7652749.08, 636164.7], [7652746.74, 636169.09], [7652744.4, 636173.48], [7652742.05, 636177.88], [7652739.71, 636182.27], [7652737.37, 636186.66], [7652735.03, 636191.06], [7652732.69, 636195.45], [7652730.35, 636199.84], [7652728.0, 636204.23], [7652725.66, 636208.63], [7652723.32, 636213.02], [7652720.98, 636217.41], [7652718.64, 636221.8], [7652716.3, 636226.2], [7652713.95, 636230.59], [7652711.61, 636234.98], [7652709.27, 636239.38], [7652706.93, 636243.77], [7652704.59, 636248.16], [7652702.25, 636252.55], [7652699.9, 636256.95], [7652697.56, 636261.34], [7652695.22, 636265.73], [7652692.88, 636270.13], [7652690.54, 636274.52], [7652688.19, 636278.91], [7652685.85, 636283.3], [7652683.51, 636287.7], [7652681.17, 636292.09], [7652678.83, 636296.48], [7652676.49, 636300.88], [7652674.14, 636305.27], [7652671.8, 636309.66], [7652669.46, 636314.05], [7652667.12, 636318.45], [7652664.78, 636322.84], [7652662.44, 636327.23], [7652660.09, 636331.62], [7652657.75, 636336.02], [7652655.41, 636340.41], [7652653.07, 636344.8], [7652650.73, 636349.2], [7652648.39, 636353.59], [7652646.04, 636357.98], [7652643.7, 636362.37], [7652641.36, 636366.77], [7652639.02, 636371.16], [7652636.68, 636375.55], [7652634.33, 636379.95], [7652631.99, 636384.34], [7652629.65, 636388.73], [7652627.31, 636393.12], [7652624.97, 636397.52], [7652622.63, 636401.91], [7652620.28, 636406.3], [7652617.94, 636410.69], [7652615.6, 636415.09], [7652613.26, 636419.48], [7652610.92, 636423.87], [7652608.58, 636428.27], [7652606.23, 636432.66], [7652603.89, 636437.05], [7652601.55, 636441.44], [7652599.21, 636445.84], [7652596.87, 636450.23], [7652594.53, 636454.62], [7652592.18, 636459.02], [7652589.84, 636463.41], [7652587.5, 636467.8], [7652585.16, 636472.19], [7652582.82, 636476.59], [7652580.48, 636480.98], [7652578.13, 636485.37], [7652575.79, 636489.77], [7652573.45, 636494.16], [7652571.11, 636498.55], [7652568.77, 636502.94], [7652566.43, 636507.34], [7652564.08, 636511.73], [7652561.74, 636516.12], [7652559.4, 636520.52], [7652557.06, 636524.91], [7652554.72, 636529.3], [7652552.37, 636533.69], [7652550.03, 636538.09], [7652547.69, 636542.48], [7652545.35, 636546.87], [7652543.01, 636551.26], [7652540.68, 636555.64], [7652538.35, 636560.01], [7652536.02, 636564.38], [7652533.69, 636568.75], [7652531.36, 636573.12], [7652529.03, 636577.49], [7652526.7, 636581.86], [7652524.37, 636586.23], [7652522.04, 636590.6], [7652519.71, 636594.97], [7652517.38, 636599.35], [7652515.05, 636603.72], [7652512.72, 636608.09], [7652510.39, 636612.46], [7652508.06, 636616.83], [7652505.73, 636621.2], [7652503.4, 636625.57], [7652501.07, 636629.94], [7652498.74, 636634.31], [7652496.41, 636638.68], [7652494.08, 636643.05], [7652491.75, 636647.43], [7652489.42, 636651.8], [7652487.09, 636656.17], [7652484.76, 636660.54], [7652482.43, 636664.91], [7652480.1, 636669.28], [7652477.77, 636673.65], [7652475.44, 636678.02], [7652473.11, 636682.39], [7652470.78, 636686.76], [7652468.45, 636691.14], [7652466.12, 636695.51], [7652463.79, 636699.88], [7652461.46, 636704.25], [7652459.13, 636708.62], [7652456.8, 636712.99], [7652454.47, 636717.36], [7652452.14, 636721.73], [7652449.81, 636726.1], [7652447.48, 636730.47], [7652445.15, 636734.85], [7652442.82, 636739.22], [7652440.49, 636743.59], [7652438.16, 636747.96], [7652435.83, 636752.33], [7652433.5, 636756.7], [7652431.17, 636761.07], [7652428.84, 636765.44], [7652426.51, 636769.81], [7652424.18, 636774.18], [7652421.85, 636778.55], [7652419.52, 636782.93], [7652417.19, 636787.3], [7652414.86, 636791.67], [7652412.53, 636796.04], [7652410.2, 636800.41], [7652407.87, 636804.78], [7652405.54, 636809.15], [7652403.21, 636813.52], [7652400.88, 636817.89], [7652398.55, 636822.26], [7652396.22, 636826.64], [7652393.89, 636831.01], [7652391.56, 636835.38], [7652389.23, 636839.75], [7652386.9, 636844.12], [7652384.57, 636848.49], [7652382.24, 636852.86], [7652379.91, 636857.23], [7652377.58, 636861.6], [7652375.25, 636865.97], [7652372.92, 636870.35], [7652370.59, 636874.72], [7652368.26, 636879.09], [7652365.93, 636883.46], [7652363.6, 636887.83], [7652361.27, 636892.2], [7652358.94, 636896.57], [7652356.61, 636900.94], [7652354.28, 636905.31], [7652351.95, 636909.68], [7652349.62, 636914.06], [7652347.29, 636918.43], [7652344.96, 636922.8], [7652342.63, 636927.17], [7652340.3, 636931.54], [7652337.97, 636935.91], [7652335.64, 636940.28], [7652333.31, 636944.65], [7652330.98, 636949.02], [7652328.65, 636953.39], [7652326.32, 636957.77], [7652323.99, 636962.14], [7652321.66, 636966.51], [7652319.33, 636970.88], [7652317.0, 636975.25], [7652314.67, 636979.62], [7652312.34, 636983.99], [7652310.01, 636988.36], [7652307.68, 636992.73], [7652305.35, 636997.1], [7652303.02, 637001.47], [7652300.69, 637005.85], [7652298.36, 637010.22], [7652296.03, 637014.59], [7652293.7, 637018.96], [7652291.37, 637023.33], [7652289.04, 637027.7], [7652286.71, 637032.07], [7652284.38, 637036.44], [7652282.05, 637040.81], [7652279.72, 637045.18], [7652277.39, 637049.56], [7652275.06, 637053.93], [7652272.73, 637058.3], [7652270.4, 637062.67], [7652268.07, 637067.04], [7652265.74, 637071.41], [7652263.41, 637075.78], [7652261.08, 637080.15], [7652258.75, 637084.52], [7652256.42, 637088.89], [7652254.09, 637093.27], [7652251.76, 637097.64], [7652249.43, 637102.01], [7652247.1, 637106.38], [7652244.77, 637110.75], [7652242.44, 637115.12], [7652240.11, 637119.49], [7652237.78, 637123.86], [7652235.45, 637128.23], [7652233.12, 637132.6], [7652230.79, 637136.98], [7652228.46, 637141.35], [7652226.13, 637145.72], [7652223.8, 637150.09], [7652221.47, 637154.46], [7652219.14, 637158.83], [7652216.81, 637163.2], [7652214.48, 637167.57], [7652212.15, 637171.94], [7652209.88, 637176.23], [7652207.63, 637180.52], [7652205.41, 637184.83], [7652203.2, 637189.15], [7652201.02, 637193.48], [7652198.86, 637197.82], [7652196.72, 637202.18], [7652194.6, 637206.55], [7652192.5, 637210.93], [7652190.43, 637215.33], [7652188.38, 637219.73], [7652186.35, 637224.15], [7652184.34, 637228.58], [7652182.35, 637233.02], [7652180.39, 637237.47], [7652178.44, 637241.94], [7652176.52, 637246.41], [7652174.63, 637250.9], [7652172.75, 637255.39], [7652170.9, 637259.9], [7652169.02, 637264.5], [7652167.15, 637269.09], [7652165.27, 637273.68], [7652163.4, 637278.27], [7652161.52, 637282.86], [7652159.65, 637287.46], [7652157.78, 637292.05], [7652155.9, 637296.64], [7652154.03, 637301.23], [7652152.15, 637305.82], [7652150.28, 637310.42], [7652148.4, 637315.01], [7652146.53, 637319.6], [7652144.66, 637324.19], [7652142.78, 637328.79], [7652140.83, 637333.51], [7652138.85, 637338.22], [7652136.84, 637342.91], [7652134.79, 637347.59], [7652132.71, 637352.25], [7652130.6, 637356.89], [7652128.46, 637361.51], [7652126.29, 637366.12], [7652124.08, 637370.71], [7652121.84, 637375.28], [7652119.57, 637379.84], [7652117.27, 637384.37], [7652114.94, 637388.89], [7652112.57, 637393.39], [7652110.18, 637397.86], [7652107.75, 637402.32], [7652105.29, 637406.76], [7652102.87, 637411.1], [7652100.45, 637415.43], [7652098.02, 637419.75], [7652095.59, 637424.08], [7652093.15, 637428.4], [7652090.71, 637432.72], [7652088.27, 637437.04], [7652085.83, 637441.36], [7652083.38, 637445.67], [7652080.92, 637449.98], [7652078.47, 637454.29], [7652076.01, 637458.6], [7652073.54, 637462.9], [7652071.07, 637467.2], [7652068.6, 637471.5], [7652066.13, 637475.8], [7652063.65, 637480.09], [7652061.16, 637484.38], [7652058.68, 637488.67], [7652056.19, 637492.96], [7652053.7, 637497.24], [7652051.2, 637501.53], [7652048.7, 637505.81], [7652046.19, 637510.08], [7652043.69, 637514.36], [7652041.17, 637518.63], [7652038.66, 637522.9], [7652036.14, 637527.17], [7652033.62, 637531.43], [7652031.09, 637535.69], [7652028.56, 637539.95], [7652026.03, 637544.21], [7652023.49, 637548.47], [7652020.95, 637552.72], [7652018.41, 637556.97], [7652015.86, 637561.22], [7652013.31, 637565.46], [7652010.75, 637569.71], [7652008.19, 637573.95], [7652005.63, 637578.19], [7652003.07, 637582.42], [7652000.5, 637586.65], [7651997.92, 637590.88], [7651995.35, 637595.11], [7651992.77, 637599.34], [7651990.19, 637603.56], [7651987.6, 637607.78], [7651985.01, 637612.0], [7651982.41, 637616.22], [7651979.82, 637620.43], [7651977.21, 637624.64], [7651974.61, 637628.85], [7651972.0, 637633.05], [7651969.39, 637637.26], [7651966.77, 637641.46], [7651964.15, 637645.65], [7651961.53, 637649.85], [7651958.9, 637654.04], [7651956.27, 637658.23], [7651953.64, 637662.42], [7651951.0, 637666.6], [7651948.36, 637670.79], [7651945.72, 637674.97], [7651943.07, 637679.15], [7651940.42, 637683.32], [7651937.77, 637687.49], [7651935.11, 637691.66], [7651932.45, 637695.83], [7651929.78, 637699.99], [7651927.11, 637704.16], [7651924.44, 637708.32], [7651921.77, 637712.47], [7651918.77, 637717.13], [7651916.09, 637721.28], [7651913.41, 637725.44], [7651910.74, 637729.6], [7651908.07, 637733.76], [7651905.4, 637737.92], [7651902.73, 637742.08], [7651900.07, 637746.25], [7651897.41, 637750.42], [7651894.76, 637754.6], [7651892.12, 637758.78], [7651889.49, 637762.97], [7651886.86, 637767.16], [7651884.25, 637771.36], [7651881.64, 637775.57], [7651879.05, 637779.78], [7651876.46, 637784.01], [7651873.89, 637788.24], [7651871.34, 637792.48], [7651868.8, 637796.72], [7651866.28, 637800.97], [7651863.77, 637805.23], [7651861.28, 637809.5], [7651858.8, 637813.78], [7651856.34, 637818.07], [7651853.89, 637822.37], [7651851.46, 637826.67], [7651849.04, 637830.99], [7651846.63, 637835.32], [7651844.24, 637839.65], [7651841.87, 637844.0], [7651839.51, 637848.35], [7651837.16, 637852.72], [7651834.83, 637857.09], [7651832.51, 637861.47], [7651830.21, 637865.86], [7651827.92, 637870.26], [7651825.65, 637874.67], [7651823.39, 637879.09], [7651821.15, 637883.51], [7651818.92, 637887.95], [7651816.71, 637892.39], [7651814.51, 637896.84], [7651812.33, 637901.3], [7651810.16, 637905.77], [7651808.01, 637910.25], [7651805.87, 637914.74], [7651803.75, 637919.23], [7651801.65, 637923.74], [7651799.56, 637928.25], [7651797.48, 637932.77], [7651795.42, 637937.29], [7651793.37, 637941.83], [7651791.34, 637946.37], [7651789.33, 637950.93], [7651787.33, 637955.49], [7651785.35, 637960.05], [7651783.38, 637964.63], [7651781.43, 637969.21], [7651779.49, 637973.8], [7651777.57, 637978.4], [7651775.66, 637983.01], [7651773.77, 637987.62], [7651771.9, 637992.24], [7651770.04, 637996.87], [7651768.2, 638001.51], [7651766.37, 638006.15], [7651764.56, 638010.81], [7651762.76, 638015.46], [7651760.98, 638020.13], [7651759.22, 638024.8], [7651757.47, 638029.48], [7651755.74, 638034.17], [7651754.02, 638038.86], [7651752.32, 638043.56], [7651750.63, 638048.27], [7651748.96, 638052.99], [7651747.31, 638057.71], [7651745.67, 638062.43], [7651744.05, 638067.18], [7651742.44, 638071.94], [7651740.84, 638076.69], [7651739.26, 638081.46], [7651737.69, 638086.23], [7651736.13, 638091.0], [7651734.59, 638095.78], [7651733.05, 638100.56], [7651731.52, 638105.35], [7651730.0, 638110.14], [7651728.49, 638114.93], [7651726.98, 638119.73], [7651725.48, 638124.52], [7651723.98, 638129.32], [7651722.49, 638134.12], [7651721.0, 638138.92], [7651719.51, 638143.72], [7651718.03, 638148.52], [7651716.53, 638153.36], [7651715.03, 638158.19], [7651713.53, 638163.03], [7651712.04, 638167.86], [7651710.54, 638172.7], [7651709.04, 638177.53], [7651707.54, 638182.36], [7651706.05, 638187.2], [7651704.55, 638192.03], [7651703.05, 638196.87], [7651701.56, 638201.7], [7651700.06, 638206.54], [7651698.56, 638211.37], [7651697.06, 638216.2], [7651695.57, 638221.04], [7651694.07, 638225.87], [7651692.57, 638230.71], [7651691.07, 638235.54], [7651689.58, 638240.38], [7651688.08, 638245.21], [7651686.58, 638250.04], [7651685.09, 638254.88], [7651683.59, 638259.71], [7651682.09, 638264.55], [7651680.59, 638269.38], [7651679.1, 638274.21], [7651677.6, 638279.05], [7651676.1, 638283.88], [7651674.61, 638288.72], [7651673.11, 638293.55], [7651671.61, 638298.39], [7651670.11, 638303.22], [7651668.62, 638308.05], [7651667.12, 638312.89], [7651665.62, 638317.72], [7651664.12, 638322.56], [7651662.63, 638327.39], [7651661.07, 638332.23], [7651659.35, 638337.07], [7651657.63, 638341.91], [7651655.91, 638346.74], [7651654.2, 638351.58], [7651652.48, 638356.42], [7651650.76, 638361.26], [7651649.04, 638366.1], [7651647.32, 638370.94], [7651645.61, 638375.78], [7651643.89, 638380.62], [7651642.17, 638385.46], [7651640.45, 638390.3], [7651638.73, 638395.14], [7651637.01, 638399.98], [7651635.3, 638404.81], [7651633.58, 638409.65], [7651631.86, 638414.49], [7651630.14, 638419.33], [7651628.42, 638424.17], [7651626.71, 638429.01], [7651624.99, 638433.85], [7651623.27, 638438.69], [7651621.55, 638443.53], [7651619.83, 638448.37], [7651618.13, 638453.17], [7651616.42, 638457.98], [7651614.71, 638462.78], [7651612.99, 638467.59], [7651611.28, 638472.39], [7651609.56, 638477.19], [7651607.83, 638481.99], [7651606.09, 638486.79], [7651604.35, 638491.58], [7651602.6, 638496.37], [7651600.83, 638501.15], [7651599.06, 638505.93], [7651597.26, 638510.75], [7651595.44, 638515.57], [7651593.61, 638520.38], [7651591.77, 638525.19], [7651589.92, 638529.99], [7651588.05, 638534.79], [7651586.18, 638539.58], [7651584.29, 638544.36], [7651582.39, 638549.14], [7651580.47, 638553.92], [7651578.55, 638558.69], [7651576.61, 638563.45], [7651574.66, 638568.21], [7651572.69, 638572.97], [7651570.72, 638577.72], [7651568.73, 638582.46], [7651566.73, 638587.2], [7651564.72, 638591.93], [7651562.7, 638596.66], [7651560.66, 638601.38], [7651558.61, 638606.1], [7651556.55, 638610.81], [7651554.48, 638615.51], [7651552.39, 638620.21], [7651550.3, 638624.91], [7651548.19, 638629.59], [7651546.07, 638634.28], [7651543.94, 638638.95], [7651541.79, 638643.62], [7651539.63, 638648.29], [7651537.47, 638652.95], [7651535.29, 638657.6], [7651533.09, 638662.25], [7651530.89, 638666.89], [7651528.67, 638671.52], [7651526.44, 638676.15], [7651524.2, 638680.78], [7651521.95, 638685.39], [7651519.69, 638690.0], [7651517.41, 638694.61], [7651515.13, 638699.21], [7651512.83, 638703.8], [7651510.54, 638708.34], [7651508.24, 638712.88], [7651505.93, 638717.41], [7651503.61, 638721.94], [7651501.29, 638726.46], [7651498.95, 638730.98], [7651496.62, 638735.5], [7651494.27, 638740.01], [7651491.93, 638744.52], [7651489.58, 638749.03], [7651487.23, 638753.54], [7651484.87, 638758.05], [7651482.52, 638762.55], [7651480.17, 638767.05], [7651477.83, 638771.55], [7651475.48, 638776.06], [7651473.13, 638780.56], [7651470.78, 638785.06], [7651468.43, 638789.56], [7651466.08, 638794.06], [7651463.73, 638798.56], [7651461.38, 638803.07], [7651459.03, 638807.57], [7651456.68, 638812.07], [7651454.34, 638816.57], [7651451.99, 638821.07], [7651449.64, 638825.58], [7651447.29, 638830.08], [7651444.94, 638834.58], [7651442.59, 638839.08], [7651440.24, 638843.58], [7651437.89, 638848.08], [7651435.54, 638852.59], [7651433.19, 638857.09], [7651430.85, 638861.59], [7651428.5, 638866.09], [7651426.15, 638870.59], [7651423.8, 638875.09], [7651421.45, 638879.6], [7651419.1, 638884.1], [7651416.75, 638888.6], [7651414.4, 638893.1], [7651412.05, 638897.6], [7651409.7, 638902.11], [7651407.36, 638906.61], [7651405.01, 638911.11], [7651402.66, 638915.61], [7651400.31, 638920.11], [7651397.96, 638924.61], [7651395.61, 638929.12], [7651393.26, 638933.62], [7651390.91, 638938.12], [7651388.56, 638942.62], [7651386.21, 638947.13], [7651383.86, 638951.64], [7651381.5, 638956.14], [7651379.14, 638960.65], [7651376.78, 638965.15], [7651374.42, 638969.66], [7651372.05, 638974.15], [7651369.67, 638978.65], [7651367.29, 638983.14], [7651364.91, 638987.63], [7651362.51, 638992.12], [7651360.1, 638996.59], [7651357.69, 639001.07], [7651355.26, 639005.54], [7651352.83, 639010.0], [7651350.38, 639014.45], [7651347.92, 639018.9], [7651345.45, 639023.34], [7651342.96, 639027.77], [7651340.46, 639032.19], [7651337.94, 639036.6], [7651335.41, 639041.01], [7651332.85, 639045.4], [7651330.28, 639049.78], [7651327.7, 639054.15], [7651325.09, 639058.51], [7651322.47, 639062.86], [7651319.82, 639067.19], [7651317.16, 639071.52], [7651314.48, 639075.83], [7651311.79, 639080.13], [7651309.07, 639084.41], [7651306.34, 639088.69], [7651303.58, 639092.95], [7651300.81, 639097.2], [7651298.03, 639101.44], [7651295.22, 639105.67], [7651292.4, 639109.88], [7651289.56, 639114.08], [7651286.7, 639118.27], [7651283.82, 639122.45], [7651280.92, 639126.61], [7651278.01, 639130.76], [7651275.08, 639134.89], [7651272.14, 639139.02], [7651269.17, 639143.13], [7651266.19, 639147.22], [7651263.19, 639151.31], [7651260.17, 639155.38], [7651257.14, 639159.43], [7651254.09, 639163.48], [7651251.02, 639167.51], [7651247.94, 639171.52], [7651244.84, 639175.53], [7651241.72, 639179.51], [7651238.58, 639183.49], [7651235.43, 639187.45], [7651232.26, 639191.4], [7651229.08, 639195.33], [7651225.88, 639199.25], [7651222.66, 639203.15], [7651219.42, 639207.04], [7651216.17, 639210.91], [7651212.9, 639214.77], [7651209.62, 639218.62], [7651206.32, 639222.45], [7651203.01, 639226.27], [7651199.67, 639230.07], [7651196.33, 639233.86], [7651192.96, 639237.63], [7651189.58, 639241.39], [7651186.19, 639245.13], [7651182.78, 639248.86], [7651179.36, 639252.58], [7651175.93, 639256.29], [7651172.49, 639259.98], [7651169.03, 639263.67], [7651165.56, 639267.34], [7651162.09, 639271.0], [7651158.61, 639274.66], [7651155.11, 639278.31], [7651151.61, 639281.94], [7651148.11, 639285.58], [7651144.59, 639289.2], [7651141.07, 639292.82], [7651137.55, 639296.43], [7651134.02, 639300.04], [7651130.49, 639303.65], [7651126.95, 639307.25], [7651123.41, 639310.85], [7651119.87, 639314.45], [7651116.33, 639318.05], [7651112.79, 639321.64], [7651109.19, 639325.29], [7651105.6, 639328.94], [7651102.01, 639332.59], [7651098.41, 639336.24], [7651094.82, 639339.89], [7651091.22, 639343.53], [7651087.63, 639347.18], [7651084.04, 639350.83], [7651080.44, 639354.48], [7651076.85, 639358.13], [7651073.25, 639361.78], [7651069.66, 639365.43], [7651066.06, 639369.07], [7651062.47, 639372.72], [7651058.88, 639376.37], [7651055.33, 639379.97], [7651051.79, 639383.56], [7651048.25, 639387.16], [7651044.71, 639390.76], [7651041.18, 639394.36], [7651037.65, 639397.97], [7651034.12, 639401.58], [7651030.59, 639405.19], [7651027.07, 639408.81], [7651023.56, 639412.43], [7651020.05, 639416.06], [7651016.55, 639419.7], [7651013.05, 639423.35], [7651009.56, 639427.0], [7651006.09, 639430.66], [7651002.62, 639434.33], [7650999.16, 639438.01], [7650995.71, 639441.7], [7650992.27, 639445.4], [7650988.85, 639449.12], [7650985.44, 639452.84], [7650982.04, 639456.58], [7650978.65, 639460.33], [7650975.28, 639464.1], [7650971.92, 639467.88], [7650968.58, 639471.67], [7650965.26, 639475.48], [7650961.96, 639479.31], [7650958.67, 639483.15], [7650955.4, 639487.01], [7650952.16, 639490.88], [7650948.94, 639494.76], [7650945.73, 639498.66], [7650942.55, 639502.58], [7650939.39, 639506.52], [7650936.24, 639510.47], [7650933.12, 639514.44], [7650930.02, 639518.43], [7650926.94, 639522.43], [7650923.87, 639526.45], [7650920.83, 639530.48], [7650917.81, 639534.53], [7650914.81, 639538.6], [7650911.83, 639542.68], [7650908.87, 639546.78], [7650905.93, 639550.9], [7650903.01, 639555.03], [7650900.11, 639559.17], [7650897.24, 639563.33], [7650894.38, 639567.51], [7650891.55, 639571.7], [7650888.74, 639575.91], [7650885.94, 639580.13], [7650883.17, 639584.36], [7650880.43, 639588.61], [7650877.7, 639592.88], [7650874.99, 639597.16], [7650872.31, 639601.45], [7650869.65, 639605.76], [7650867.01, 639610.09], [7650864.39, 639614.42], [7650861.79, 639618.77], [7650859.22, 639623.14], [7650856.67, 639627.52], [7650854.14, 639631.91], [7650851.63, 639636.32], [7650849.15, 639640.73], [7650846.69, 639645.17], [7650844.25, 639649.61], [7650841.83, 639654.07], [7650839.43, 639658.54], [7650837.06, 639663.02], [7650834.71, 639667.52], [7650832.39, 639672.03], [7650830.08, 639676.55], [7650827.8, 639681.09], [7650825.55, 639685.63], [7650823.31, 639690.19], [7650821.1, 639694.76], [7650818.91, 639699.34], [7650816.75, 639703.93], [7650814.6, 639708.55], [7650812.48, 639713.18], [7650810.38, 639717.82], [7650808.3, 639722.46], [7650806.24, 639727.12], [7650804.2, 639731.79], [7650802.18, 639736.46], [7650800.17, 639741.15], [7650798.19, 639745.84], [7650796.22, 639750.54], [7650794.27, 639755.24], [7650792.33, 639759.95], [7650790.41, 639764.67], [7650788.5, 639769.4], [7650786.6, 639774.13], [7650784.71, 639778.86], [7650782.84, 639783.6], [7650780.98, 639788.35], [7650779.13, 639793.1], [7650777.28, 639797.85], [7650775.45, 639802.61], [7650773.62, 639807.36], [7650771.79, 639812.12], [7650769.98, 639816.89], [7650768.16, 639821.65], [7650766.36, 639826.42], [7650764.55, 639831.19], [7650762.75, 639835.96], [7650760.95, 639840.73], [7650759.15, 639845.5], [7650757.36, 639850.25], [7650755.56, 639855.01], [7650753.77, 639859.77], [7650751.97, 639864.52], [7650750.18, 639869.28], [7650748.39, 639874.03], [7650746.59, 639878.79], [7650744.8, 639883.54], [7650743.0, 639888.3], [7650741.21, 639893.06], [7650739.42, 639897.81], [7650737.62, 639902.57], [7650735.83, 639907.32], [7650734.03, 639912.08], [7650732.24, 639916.83], [7650730.44, 639921.59], [7650728.65, 639926.35], [7650726.86, 639931.1], [7650725.06, 639935.86], [7650723.27, 639940.61], [7650721.47, 639945.37], [7650719.68, 639950.12], [7650717.89, 639954.88], [7650716.09, 639959.64], [7650714.3, 639964.39], [7650712.5, 639969.15], [7650710.71, 639973.9], [7650708.92, 639978.66], [7650707.12, 639983.41], [7650705.33, 639988.17], [7650703.53, 639992.93], [7650701.74, 639997.68], [7650699.95, 640002.44], [7650698.15, 640007.19], [7650696.36, 640011.95], [7650694.56, 640016.7], [7650692.77, 640021.46], [7650690.98, 640026.21], [7650689.18, 640030.97], [7650687.39, 640035.73], [7650685.59, 640040.48], [7650683.8, 640045.24], [7650682.01, 640049.99], [7650680.21, 640054.75], [7650678.42, 640059.5], [7650676.62, 640064.26], [7650674.83, 640069.02], [7650673.04, 640073.77], [7650671.24, 640078.53], [7650669.45, 640083.28], [7650667.65, 640088.04], [7650665.86, 640092.79], [7650664.06, 640097.56], [7650662.26, 640102.33], [7650660.45, 640107.1], [7650658.64, 640111.87], [7650656.82, 640116.63], [7650655.0, 640121.39], [7650653.16, 640126.15], [7650651.31, 640130.9], [7650649.44, 640135.64], [7650647.56, 640140.38], [7650645.66, 640145.11], [7650643.75, 640149.83], [7650641.81, 640154.54], [7650639.84, 640159.24], [7650637.86, 640163.93], [7650635.84, 640168.61], [7650633.8, 640173.27], [7650631.73, 640177.93], [7650629.64, 640182.54], [7650627.51, 640187.13], [7650625.36, 640191.72], [7650623.18, 640196.28], [7650620.96, 640200.83], [7650618.72, 640205.37], [7650616.44, 640209.88], [7650614.13, 640214.39], [7650611.8, 640218.87], [7650609.43, 640223.34], [7650607.03, 640227.79], [7650604.6, 640232.23], [7650602.15, 640236.64], [7650599.66, 640241.04], [7650597.14, 640245.43], [7650594.6, 640249.79], [7650592.02, 640254.13], [7650589.42, 640258.46], [7650586.78, 640262.77], [7650584.12, 640267.06], [7650581.43, 640271.33], [7650578.71, 640275.58], [7650575.96, 640279.81], [7650573.19, 640284.03], [7650570.38, 640288.22], [7650567.55, 640292.39], [7650564.69, 640296.54], [7650561.8, 640300.68], [7650558.88, 640304.79], [7650555.93, 640308.88], [7650552.96, 640312.95], [7650549.96, 640317.0], [7650546.94, 640321.02], [7650543.88, 640325.03], [7650540.8, 640329.01], [7650537.7, 640332.98], [7650534.56, 640336.92], [7650531.4, 640340.83], [7650528.22, 640344.73], [7650525.01, 640348.6], [7650521.77, 640352.45], [7650518.5, 640356.28], [7650515.21, 640360.08], [7650511.9, 640363.86], [7650508.56, 640367.62], [7650505.19, 640371.35], [7650501.8, 640375.06], [7650498.39, 640378.75], [7650494.95, 640382.41], [7650491.49, 640386.05], [7650488.0, 640389.66], [7650484.49, 640393.24], [7650480.95, 640396.81], [7650477.39, 640400.34], [7650473.81, 640403.86], [7650470.2, 640407.34], [7650466.57, 640410.8], [7650462.92, 640414.24], [7650459.24, 640417.65], [7650455.54, 640421.03], [7650451.82, 640424.39], [7650448.08, 640427.72], [7650444.31, 640431.03], [7650440.52, 640434.31], [7650436.71, 640437.56], [7650432.88, 640440.78], [7650429.03, 640443.98], [7650425.16, 640447.15], [7650421.26, 640450.29], [7650417.35, 640453.41], [7650413.39, 640456.51], [7650409.41, 640459.59], [7650405.42, 640462.64], [7650401.4, 640465.67], [7650397.38, 640468.68], [7650393.33, 640471.66], [7650389.28, 640474.63], [7650385.21, 640477.58], [7650381.13, 640480.51], [7650377.05, 640483.43], [7650372.95, 640486.34], [7650368.84, 640489.23], [7650364.73, 640492.12], [7650360.62, 640495.0], [7650356.5, 640497.87], [7650352.37, 640500.73], [7650348.25, 640503.6], [7650344.12, 640506.46], [7650340.13, 640509.22], [7650336.14, 640511.99], [7650332.15, 640514.75], [7650328.16, 640517.52], [7650324.17, 640520.28], [7650320.18, 640523.05], [7650316.06, 640525.91], [7650311.93, 640528.77], [7650307.81, 640531.64], [7650303.69, 640534.51], [7650299.57, 640537.38], [7650295.46, 640540.26], [7650291.35, 640543.15], [7650287.25, 640546.05], [7650283.15, 640548.96], [7650279.07, 640551.88], [7650274.99, 640554.82], [7650270.92, 640557.77], [7650266.9, 640560.71], [7650262.89, 640563.66], [7650258.9, 640566.64], [7650254.91, 640569.62], [7650250.94, 640572.63], [7650246.97, 640575.64], [7650243.02, 640578.68], [7650239.08, 640581.73], [7650235.15, 640584.79], [7650231.23, 640587.87], [7650227.32, 640590.97], [7650223.43, 640594.08], [7650219.54, 640597.21], [7650215.67, 640600.35], [7650211.81, 640603.51], [7650207.96, 640606.68], [7650204.13, 640609.87], [7650200.3, 640613.08], [7650196.49, 640616.29], [7650192.69, 640619.53], [7650188.9, 640622.78], [7650185.12, 640626.04], [7650181.36, 640629.32], [7650177.61, 640632.61], [7650173.87, 640635.92], [7650170.14, 640639.24], [7650166.43, 640642.58], [7650162.72, 640645.93], [7650159.03, 640649.3], [7650155.36, 640652.68], [7650151.69, 640656.08], [7650148.04, 640659.49], [7650144.4, 640662.91], [7650140.78, 640666.35], [7650137.16, 640669.8], [7650133.56, 640673.27], [7650129.98, 640676.75], [7650126.4, 640680.25], [7650122.84, 640683.76], [7650119.3, 640687.28], [7650115.73, 640690.85], [7650112.17, 640694.44], [7650108.63, 640698.03], [7650105.1, 640701.64], [7650101.58, 640705.25], [7650098.06, 640708.88], [7650094.55, 640712.51], [7650091.05, 640716.14], [7650087.55, 640719.78], [7650084.06, 640723.43], [7650080.56, 640727.08], [7650077.07, 640730.72], [7650073.56, 640734.39], [7650070.05, 640738.06], [7650066.55, 640741.72], [7650063.04, 640745.39], [7650059.53, 640749.06], [7650056.02, 640752.72], [7650052.51, 640756.39], [7650049.0, 640760.05], [7650045.49, 640763.72], [7650041.99, 640767.39], [7650038.48, 640771.05], [7650034.97, 640774.72], [7650031.46, 640778.39], [7650027.95, 640782.05], [7650024.44, 640785.72], [7650020.93, 640789.39], [7650017.43, 640793.05], [7650013.92, 640796.72], [7650010.41, 640800.38], [7650006.9, 640804.05], [7650003.39, 640807.72], [7649999.88, 640811.38], [7649996.37, 640815.05], [7649992.87, 640818.72], [7649989.36, 640822.38], [7649985.85, 640826.05], [7649982.34, 640829.72], [7649970.23, 640841.89], [7649966.65, 640845.43], [7649963.08, 640848.97], [7649959.5, 640852.51], [7649955.92, 640856.06], [7649952.35, 640859.6], [7649948.77, 640863.14], [7649945.2, 640866.68], [7649941.62, 640870.23], [7649938.04, 640873.77], [7649934.47, 640877.31], [7649930.89, 640880.85], [7649927.31, 640884.4], [7649923.74, 640887.94], [7649920.16, 640891.48], [7649916.58, 640895.02], [7649913.01, 640898.56], [7649909.43, 640902.11], [7649905.85, 640905.65], [7649902.28, 640909.19], [7649898.7, 640912.73], [7649895.12, 640916.28], [7649891.55, 640919.82], [7649887.97, 640923.36], [7649884.39, 640926.9], [7649880.82, 640930.45], [7649877.24, 640933.99], [7649873.66, 640937.53], [7649870.09, 640941.07], [7649866.51, 640944.62], [7649862.93, 640948.16], [7649859.36, 640951.7], [7649855.78, 640955.24], [7649852.23, 640958.76], [7649848.68, 640962.28], [7649845.12, 640965.79], [7649841.57, 640969.31], [7649838.01, 640972.82], [7649834.45, 640976.33], [7649830.88, 640979.83], [7649827.31, 640983.33], [7649823.74, 640986.83], [7649820.16, 640990.32], [7649816.57, 640993.8], [7649812.98, 640997.28], [7649809.38, 641000.75], [7649805.77, 641004.21], [7649802.16, 641007.66], [7649798.53, 641011.11], [7649794.9, 641014.54], [7649791.25, 641017.96], [7649787.6, 641021.37], [7649783.93, 641024.77], [7649780.25, 641028.15], [7649776.56, 641031.53], [7649772.85, 641034.88], [7649769.14, 641038.23], [7649765.41, 641041.55], [7649761.66, 641044.87], [7649757.9, 641048.16], [7649754.12, 641051.44], [7649750.33, 641054.69], [7649746.52, 641057.93], [7649742.6, 641061.23], [7649738.66, 641064.51], [7649734.7, 641067.76], [7649730.73, 641071.0], [7649726.74, 641074.21], [7649722.73, 641077.41], [7649718.7, 641080.58], [7649714.66, 641083.73], [7649710.6, 641086.85], [7649706.53, 641089.96], [7649702.43, 641093.04], [7649698.32, 641096.11], [7649694.2, 641099.14], [7649690.06, 641102.16], [7649685.9, 641105.16], [7649681.72, 641108.13], [7649677.53, 641111.08], [7649673.33, 641114.01], [7649669.11, 641116.91], [7649664.87, 641119.8], [7649660.72, 641122.59], [7649656.56, 641125.36], [7649652.38, 641128.11], [7649648.19, 641130.83], [7649643.99, 641133.54], [7649639.78, 641136.24], [7649635.56, 641138.91], [7649631.32, 641141.57], [7649627.08, 641144.21], [7649622.82, 641146.83], [7649618.56, 641149.45], [7649614.29, 641152.04], [7649610.01, 641154.62], [7649605.72, 641157.2], [7649601.42, 641159.75], [7649597.12, 641162.3], [7649592.81, 641164.84], [7649588.5, 641167.36], [7649584.18, 641169.88], [7649579.85, 641172.39], [7649575.53, 641174.89], [7649571.19, 641177.39], [7649566.86, 641179.88], [7649562.52, 641182.36], [7649558.18, 641184.84], [7649553.83, 641187.32], [7649549.49, 641189.79], [7649545.14, 641192.26], [7649540.79, 641194.73], [7649536.45, 641197.19], [7649531.43, 641200.04], [7649526.42, 641202.89], [7649521.4, 641205.73], [7649517.05, 641208.2], [7649512.71, 641210.67], [7649508.36, 641213.14], [7649504.02, 641215.62], [7649499.68, 641218.1], [7649495.34, 641220.58], [7649491.01, 641223.08], [7649486.68, 641225.58], [7649482.36, 641228.09], [7649478.04, 641230.62], [7649473.73, 641233.16], [7649469.43, 641235.71], [7649465.14, 641238.27], [7649460.86, 641240.86], [7649456.59, 641243.46], [7649452.33, 641246.07], [7649448.09, 641248.71], [7649443.85, 641251.37], [7649439.65, 641254.04], [7649435.47, 641256.73], [7649431.3, 641259.44], [7649427.14, 641262.17], [7649423.0, 641264.92], [7649418.88, 641267.7], [7649414.76, 641270.49], [7649410.67, 641273.31], [7649406.58, 641276.15], [7649402.51, 641279.01], [7649398.46, 641281.89], [7649394.42, 641284.79], [7649390.4, 641287.72], [7649386.39, 641290.66], [7649382.4, 641293.63], [7649378.42, 641296.61], [7649374.46, 641299.62], [7649370.51, 641302.65], [7649366.59, 641305.7], [7649362.67, 641308.77], [7649358.77, 641311.85], [7649354.89, 641314.96], [7649351.03, 641318.09], [7649347.18, 641321.24], [7649343.34, 641324.41], [7649339.53, 641327.6], [7649335.73, 641330.81], [7649331.95, 641334.04], [7649328.18, 641337.29], [7649324.43, 641340.55], [7649320.7, 641343.84], [7649316.99, 641347.15], [7649313.29, 641350.48], [7649309.61, 641353.82], [7649305.95, 641357.19], [7649302.3, 641360.57], [7649298.67, 641363.97], [7649295.06, 641367.39], [7649291.47, 641370.83], [7649287.9, 641374.29], [7649284.34, 641377.77], [7649280.81, 641381.26], [7649277.27, 641384.8], [7649273.75, 641388.35], [7649270.24, 641391.91], [7649266.76, 641395.49], [7649263.28, 641399.09], [7649259.82, 641402.7], [7649256.37, 641406.32], [7649252.94, 641409.95], [7649249.51, 641413.59], [7649246.1, 641417.24], [7649242.69, 641420.9], [7649239.29, 641424.57], [7649235.9, 641428.24], [7649232.51, 641431.92], [7649229.13, 641435.6], [7649225.75, 641439.28], [7649222.37, 641442.97], [7649218.99, 641446.65], [7649215.6, 641450.35], [7649212.22, 641454.05], [7649208.83, 641457.75], [7649205.44, 641461.45], [7649202.05, 641465.15], [7649198.66, 641468.84], [7649195.28, 641472.54], [7649191.89, 641476.24], [7649188.5, 641479.94], [7649185.11, 641483.64], [7649181.73, 641487.34], [7649178.34, 641491.03], [7649174.95, 641494.73], [7649171.56, 641498.43], [7649168.17, 641502.13], [7649164.79, 641505.83], [7649161.4, 641509.53], [7649158.01, 641513.22], [7649154.62, 641516.92], [7649151.24, 641520.62], [7649147.85, 641524.32], [7649144.46, 641528.02], [7649141.07, 641531.72], [7649137.69, 641535.42], [7649134.3, 641539.11], [7649130.91, 641542.81], [7649127.52, 641546.51], [7649124.13, 641550.21], [7649120.75, 641553.91], [7649117.36, 641557.61], [7649113.97, 641561.3], [7649110.58, 641565.0], [7649107.2, 641568.7], [7649103.81, 641572.4], [7649100.42, 641576.1], [7649097.03, 641579.8], [7649093.64, 641583.5], [7649090.26, 641587.19], [7649086.87, 641590.89], [7649083.48, 641594.59], [7649080.09, 641598.29], [7649076.71, 641601.99], [7649073.32, 641605.69], [7649069.93, 641609.38], [7649066.54, 641613.08], [7649063.16, 641616.78], [7649059.77, 641620.48], [7649056.38, 641624.18], [7649052.99, 641627.88], [7649049.6, 641631.58], [7649046.22, 641635.27], [7649042.83, 641638.97], [7649039.44, 641642.67], [7649036.05, 641646.37], [7649032.67, 641650.07], [7649029.28, 641653.77], [7649025.89, 641657.46], [7649022.5, 641661.16], [7649019.12, 641664.86], [7649015.73, 641668.56], [7649012.34, 641672.26], [7649008.95, 641675.96], [7649005.56, 641679.66], [7649002.18, 641683.35], [7648998.79, 641687.05], [7648995.4, 641690.75], [7648992.01, 641694.45], [7648988.63, 641698.15], [7648985.24, 641701.85], [7648981.85, 641705.54], [7648978.46, 641709.24], [7648975.08, 641712.94], [7648971.69, 641716.64], [7648968.3, 641720.34], [7648964.91, 641724.04], [7648961.52, 641727.74], [7648958.14, 641731.43], [7648954.75, 641735.13], [7648951.36, 641738.83], [7648947.97, 641742.53], [7648944.59, 641746.23], [7648941.2, 641749.93], [7648937.81, 641753.62], [7648934.42, 641757.32], [7648931.04, 641761.02], [7648927.65, 641764.72], [7648924.26, 641768.42], [7648920.87, 641772.12], [7648917.48, 641775.82], [7648914.1, 641779.51], [7648910.71, 641783.21], [7648907.32, 641786.91], [7648903.93, 641790.61], [7648900.55, 641794.31], [7648897.16, 641798.01], [7648893.77, 641801.71], [7648890.38, 641805.4], [7648887.0, 641809.1], [7648883.61, 641812.8], [7648880.22, 641816.5], [7648876.83, 641820.2], [7648873.45, 641823.9], [7648870.06, 641827.59], [7648866.67, 641831.29], [7648863.28, 641834.99], [7648859.89, 641838.69], [7648856.51, 641842.39], [7648853.12, 641846.09], [7648849.73, 641849.79], [7648846.34, 641853.48], [7648842.96, 641857.18], [7648839.57, 641860.88], [7648836.18, 641864.58], [7648832.79, 641868.28], [7648829.41, 641871.98], [7648826.02, 641875.68], [7648822.63, 641879.37], [7648819.24, 641883.07], [7648815.85, 641886.77], [7648812.47, 641890.47], [7648809.08, 641894.17], [7648805.69, 641897.87], [7648802.3, 641901.56], [7648798.92, 641905.26], [7648795.53, 641908.96], [7648792.13, 641912.64], [7648788.68, 641916.28], [7648785.2, 641919.88], [7648781.69, 641923.45], [7648778.13, 641926.98], [7648774.54, 641930.47], [7648770.91, 641933.93], [7648767.25, 641937.35], [7648763.55, 641940.73], [7648759.81, 641944.06], [7648756.04, 641947.36], [7648752.24, 641950.62], [7648748.4, 641953.85], [7648744.53, 641957.02], [7648740.63, 641960.16], [7648736.69, 641963.26], [7648732.72, 641966.32], [7648728.72, 641969.33], [7648724.68, 641972.3], [7648720.62, 641975.23], [7648716.53, 641978.12], [7648712.4, 641980.96], [7648708.25, 641983.77], [7648704.06, 641986.52], [7648699.85, 641989.23], [7648695.61, 641991.9], [7648691.34, 641994.53], [7648687.05, 641997.1], [7648682.72, 641999.64], [7648678.38, 642002.13], [7648674.0, 642004.57], [7648669.6, 642006.96], [7648665.18, 642009.31], [7648660.73, 642011.62], [7648656.25, 642013.87], [7648651.76, 642016.08], [7648647.24, 642018.25], [7648642.7, 642020.36], [7648638.2, 642022.42], [7648633.71, 642024.49], [7648629.22, 642026.55], [7648624.73, 642028.61], [7648620.23, 642030.67], [7648615.74, 642032.74], [7648611.25, 642034.8], [7648606.76, 642036.86], [7648602.26, 642038.93], [7648597.77, 642040.99], [7648593.28, 642043.05], [7648588.79, 642045.11], [7648584.29, 642047.18], [7648579.8, 642049.24], [7648575.31, 642051.3], [7648570.82, 642053.37], [7648566.33, 642055.43], [7648561.83, 642057.49], [7648557.34, 642059.55], [7648552.85, 642061.62], [7648548.36, 642063.68], [7648543.86, 642065.74], [7648539.37, 642067.81], [7648534.88, 642069.87], [7648530.39, 642071.93], [7648525.89, 642074.0], [7648521.4, 642076.06], [7648516.91, 642078.12], [7648512.42, 642080.18], [7648507.92, 642082.25], [7648503.43, 642084.31], [7648498.94, 642086.37], [7648494.45, 642088.44], [7648489.95, 642090.5], [7648485.46, 642092.56], [7648480.97, 642094.62], [7648476.48, 642096.69], [7648471.99, 642098.75], [7648467.49, 642100.81], [7648463.0, 642102.88], [7648458.51, 642104.94], [7648454.12, 642106.97], [7648449.75, 642109.03], [7648445.39, 642111.12], [7648441.05, 642113.24], [7648436.72, 642115.39], [7648432.41, 642117.57], [7648428.11, 642119.78], [7648423.82, 642122.01], [7648419.56, 642124.28], [7648415.3, 642126.57], [7648411.06, 642128.9], [7648406.84, 642131.25], [7648402.49, 642133.69], [7648398.13, 642136.14], [7648393.78, 642138.58], [7648389.42, 642141.02], [7648385.07, 642143.47], [7648380.71, 642145.91], [7648376.35, 642148.36], [7648372.0, 642150.8], [7648367.64, 642153.25], [7648363.29, 642155.69], [7648358.93, 642158.14], [7648354.58, 642160.58], [7648350.22, 642163.03], [7648345.87, 642165.47], [7648341.51, 642167.92], [7648337.16, 642170.36], [7648332.8, 642172.8], [7648328.45, 642175.25], [7648324.09, 642177.69], [7648319.74, 642180.14], [7648315.38, 642182.58], [7648311.03, 642185.03], [7648306.67, 642187.47], [7648302.32, 642189.92], [7648297.96, 642192.36], [7648293.6, 642194.81], [7648289.25, 642197.25], [7648284.89, 642199.69], [7648280.54, 642202.14], [7648276.18, 642204.58], [7648271.83, 642207.03], [7648267.47, 642209.47], [7648263.12, 642211.92], [7648258.76, 642214.36], [7648254.41, 642216.81], [7648250.05, 642219.25], [7648245.7, 642221.7], [7648241.34, 642224.14], [7648236.99, 642226.59], [7648232.63, 642229.03], [7648228.28, 642231.47], [7648223.92, 642233.92], [7648219.57, 642236.36], [7648215.21, 642238.81], [7648210.85, 642241.25], [7648206.5, 642243.7], [7648202.14, 642246.14], [7648197.79, 642248.59], [7648193.43, 642251.03], [7648189.08, 642253.48], [7648184.72, 642255.92], [7648180.37, 642258.36], [7648176.01, 642260.81], [7648171.66, 642263.25], [7648167.3, 642265.7], [7648162.95, 642268.14], [7648158.59, 642270.59], [7648154.24, 642273.03], [7648149.88, 642275.48], [7648145.53, 642277.92], [7648141.17, 642280.37], [7648136.82, 642282.81], [7648132.46, 642285.26], [7648128.1, 642287.7], [7648123.75, 642290.14], [7648119.39, 642292.59], [7648115.04, 642295.03], [7648110.68, 642297.48], [7648106.33, 642299.92], [7648101.97, 642302.37], [7648097.62, 642304.81], [7648093.26, 642307.26], [7648088.91, 642309.7], [7648084.55, 642312.15], [7648080.2, 642314.59], [7648075.84, 642317.04], [7648071.49, 642319.48], [7648067.13, 642321.93], [7648062.78, 642324.37]]}}, {"type": "Feature", "properties": {"name": "Walling", "sta": "214+45", "series": "Branch (Walling series)", "milepost": 0.1, "source": "sheet 1 label \"Sta. Pt. 214+45 WALLING Mile 0.1\"", "confidence": "C", "route_ft": 41515.6, "passenger_station": false}, "geometry": {"type": "Point", "coordinates": [7648525.89, 642074.0]}}, {"type": "Feature", "properties": {"name": "Magoon", "sta": "72+73.3", "series": "Branch (Walling series)", "milepost": 2.8, "source": "sheet 1 label \"Sta. Pt. 72+73.3 MAGOON Mile 2.8\"", "confidence": "B", "route_ft": 27313.4, "passenger_station": true}, "geometry": {"type": "Point", "coordinates": [7655879.26, 630162.55]}}, {"type": "Feature", "properties": {"name": "Bolton", "sta": "56+89.3", "series": "Branch (Walling series)", "milepost": 3.1, "source": "sheet 1 label \"Sta. Pt. 56+89.3 BOLTON Mile 3.1\"", "confidence": "B", "route_ft": 25730.3, "passenger_station": true}, "geometry": {"type": "Point", "coordinates": [7656745.01, 628840.59]}}, {"type": "Feature", "properties": {"name": "West Linn", "sta": "1+27.5", "series": "Branch (Walling series)", "milepost": 4.2, "source": "sheet 1 label \"Sta. Pt. 1+27.5 WEST LINN Mile 4.2\"", "confidence": "A", "route_ft": 20170.0, "passenger_station": true}, "geometry": {"type": "Point", "coordinates": [7659687.42, 624688.47]}}, {"type": "Feature", "properties": {"name": "Junction", "sta": "38+23.5", "series": "Earlier survey (Tualatin series)", "milepost": 4.9, "source": "sheet label \"Sta. Pt. 38+23.5 JUNCTION Mile 4.9\"", "confidence": "A", "route_ft": 16219.1, "passenger_station": true}, "geometry": {"type": "Point", "coordinates": [7656710.19, 622107.76]}}, {"type": "Feature", "properties": {"name": "Willamette", "sta": "133+27.5", "series": "Earlier survey (Tualatin series)", "milepost": 6.7, "source": "sheet label \"Sta. Pt. 133+27.5 WILLAMETTE Mile 6.7\"", "confidence": "A", "route_ft": 6717.2, "passenger_station": true}, "geometry": {"type": "Point", "coordinates": [7647931.15, 618913.33]}}, {"type": "Feature", "properties": {"name": "Tualatin River", "sta": "170+23.5", "series": "Earlier survey (Tualatin series)", "milepost": 7.4, "source": "sheet label \"Sta. Pt. 170+23.5 TUALATIN RIVER Mile 7.4\"", "confidence": "A", "route_ft": 3018.4, "passenger_station": true}, "geometry": {"type": "Point", "coordinates": [7644501.0, 619440.19]}}]}