{
 "type": "FeatureCollection",
 "features": [
  {
   "type": "Feature",
   "properties": {
    "id": "main",
    "name": "PRL&P Oregon City line",
    "source": "downtown loop (SW Madison, 1st, Harvey Milk/Stark, 2nd), Hawthorne Bridge and SE Water Ave from City of Portland street centrelines; Springwater on the Willamette Trail (City of Portland) to Golf Jct; valuation plat COGO (SN1-695, user's control points) Golf Jct to 479+18.51; ODOT highway plat 1B-12-6 PRL&P track to 504+00; 1910 county survey SN1910-010 to the end of track at 527+26.6"
   },
   "geometry": {
    "type": "LineString",
    "coordinates": [
     [
      -122.6749263,
      45.5142741
     ],
     [
      -122.6752403,
      45.5143561
     ],
     [
      -122.6752758,
      45.5143653
     ],
     [
      -122.6753096,
      45.5143742
     ],
     [
      -122.6753408,
      45.5143823
     ],
     [
      -122.6753682,
      45.5143895
     ],
     [
      -122.6753896,
      45.5144544
     ],
     [
      -122.6753776,
      45.5144757
     ],
     [
      -122.6753642,
      45.5144995
     ],
     [
      -122.6753507,
      45.5145235
     ],
     [
      -122.6732475,
      45.5184104
     ],
     [
      -122.6728907,
      45.5190578
     ],
     [
      -122.6725956,
      45.5196086
     ],
     [
      -122.6725813,
      45.5196334
     ],
     [
      -122.672568,
      45.5196564
     ],
     [
      -122.6725558,
      45.5196776
     ],
     [
      -122.6725452,
      45.5196961
     ],
     [
      -122.672607,
      45.519759
     ],
     [
      -122.6726374,
      45.5197671
     ],
     [
      -122.6726717,
      45.5197763
     ],
     [
      -122.6727057,
      45.5197854
     ],
     [
      -122.6732962,
      45.5199435
     ],
     [
      -122.6733309,
      45.5199528
     ],
     [
      -122.6733651,
      45.5199619
     ],
     [
      -122.673396,
      45.5199702
     ],
     [
      -122.6734907,
      45.5199521
     ],
     [
      -122.6735016,
      45.5199329
     ],
     [
      -122.6735144,
      45.5199104
     ],
     [
      -122.6735279,
      45.5198867
     ],
     [
      -122.6735418,
      45.5198621
     ],
     [
      -122.6738329,
      45.5193161
     ],
     [
      -122.6742154,
      45.5186635
     ],
     [
      -122.6745482,
      45.5179969
     ],
     [
      -122.6762915,
      45.5147687
     ],
     [
      -122.676305,
      45.5147437
     ],
     [
      -122.6763182,
      45.5147194
     ],
     [
      -122.6763298,
      45.5146978
     ],
     [
      -122.6763401,
      45.5146788
     ],
     [
      -122.6762943,
      45.5146428
     ],
     [
      -122.676263,
      45.5146342
     ],
     [
      -122.6762284,
      45.5146247
     ],
     [
      -122.6761936,
      45.5146152
     ],
     [
      -122.6743435,
      45.5141219
     ],
     [
      -122.6740272,
      45.514035
     ],
     [
      -122.6740272,
      45.514035
     ],
     [
      -122.6735802,
      45.5139188
     ],
     [
      -122.6735802,
      45.5139188
     ],
     [
      -122.673284,
      45.513839
     ],
     [
      -122.673284,
      45.513839
     ],
     [
      -122.6713186,
      45.5133239
     ],
     [
      -122.6713186,
      45.5133239
     ],
     [
      -122.6680311,
      45.5124827
     ],
     [
      -122.6680311,
      45.5124827
     ],
     [
      -122.6678987,
      45.5124515
     ],
     [
      -122.6658434,
      45.5123711
     ],
     [
      -122.6658424,
      45.5123703
     ],
     [
      -122.6658423,
      45.5122904
     ],
     [
      -122.6658423,
      45.5122904
     ],
     [
      -122.6658443,
      45.5122299
     ],
     [
      -122.6658443,
      45.5122299
     ],
     [
      -122.6658531,
      45.511539
     ],
     [
      -122.6658531,
      45.511539
     ],
     [
      -122.6658745,
      45.5108652
     ],
     [
      -122.6658745,
      45.5108652
     ],
     [
      -122.6658772,
      45.5107871
     ],
     [
      -122.6658777,
      45.5105943
     ],
     [
      -122.6658777,
      45.5105943
     ],
     [
      -122.6658814,
      45.5093185
     ],
     [
      -122.6658619,
      45.5092322
     ],
     [
      -122.665817,
      45.5091157
     ],
     [
      -122.6657079,
      45.5089394
     ],
     [
      -122.665575,
      45.5087986
     ],
     [
      -122.665575,
      45.5087986
     ],
     [
      -122.6654423,
      45.5087032
     ],
     [
      -122.665315,
      45.5086424
     ],
     [
      -122.665198,
      45.5086041
     ],
     [
      -122.6650377,
      45.5085632
     ],
     [
      -122.6650377,
      45.5085632
     ],
     [
      -122.6649229,
      45.5085583
     ],
     [
      -122.6642388,
      45.5085482
     ],
     [
      -122.6640577,
      45.5085278
     ],
     [
      -122.6639363,
      45.5085011
     ],
     [
      -122.6638333,
      45.5084612
     ],
     [
      -122.6637282,
      45.5084046
     ],
     [
      -122.6636233,
      45.5083471
     ],
     [
      -122.6635171,
      45.5082832
     ],
     [
      -122.6635171,
      45.5082832
     ],
     [
      -122.6634612,
      45.5082496
     ],
     [
      -122.6633826,
      45.5081972
     ],
     [
      -122.6633193,
      45.5081445
     ],
     [
      -122.6632616,
      45.5081025
     ],
     [
      -122.6632019,
      45.5080576
     ],
     [
      -122.6632019,
      45.5080576
     ],
     [
      -122.6630778,
      45.5079695
     ],
     [
      -122.6629828,
      45.5078887
     ],
     [
      -122.6629035,
      45.5078184
     ],
     [
      -122.6628257,
      45.5077491
     ],
     [
      -122.6627572,
      45.5076967
     ],
     [
      -122.6627061,
      45.5076509
     ],
     [
      -122.6626445,
      45.5075862
     ],
     [
      -122.6625807,
      45.5075229
     ],
     [
      -122.6625447,
      45.5074766
     ],
     [
      -122.6624898,
      45.5074168
     ],
     [
      -122.6624307,
      45.507339
     ],
     [
      -122.6623581,
      45.5072442
     ],
     [
      -122.6623581,
      45.5072442
     ],
     [
      -122.6622906,
      45.5071477
     ],
     [
      -122.6622201,
      45.5070377
     ],
     [
      -122.6621492,
      45.5069205
     ],
     [
      -122.6621039,
      45.5068029
     ],
     [
      -122.6620685,
      45.5066779
     ],
     [
      -122.6620296,
      45.5065425
     ],
     [
      -122.6620285,
      45.5065375
     ],
     [
      -122.6620285,
      45.5065375
     ],
     [
      -122.6620025,
      45.5064206
     ],
     [
      -122.6619827,
      45.5063024
     ],
     [
      -122.6619691,
      45.5062129
     ],
     [
      -122.6619604,
      45.5061197
     ],
     [
      -122.6619511,
      45.5060086
     ],
     [
      -122.6619446,
      45.5058765
     ],
     [
      -122.6617732,
      45.5058095
     ],
     [
      -122.6617811,
      45.5046323
     ],
     [
      -122.6618572,
      45.5041246
     ],
     [
      -122.6618647,
      45.5040084
     ],
     [
      -122.661874,
      45.5038655
     ],
     [
      -122.6618683,
      45.5034692
     ],
     [
      -122.6618554,
      45.5032461
     ],
     [
      -122.6618287,
      45.50302
     ],
     [
      -122.6617945,
      45.5028799
     ],
     [
      -122.6617438,
      45.502682
     ],
     [
      -122.661718,
      45.5025862
     ],
     [
      -122.6615509,
      45.502161
     ],
     [
      -122.6614476,
      45.5019508
     ],
     [
      -122.6613938,
      45.5018329
     ],
     [
      -122.6611261,
      45.5013093
     ],
     [
      -122.6611088,
      45.5012642
     ],
     [
      -122.6610845,
      45.5012014
     ],
     [
      -122.6609831,
      45.5009224
     ],
     [
      -122.6608785,
      45.5006313
     ],
     [
      -122.6608056,
      45.5003745
     ],
     [
      -122.6606942,
      45.4999721
     ],
     [
      -122.6606295,
      45.4997161
     ],
     [
      -122.660552,
      45.4994276
     ],
     [
      -122.6605513,
      45.4994247
     ],
     [
      -122.6604779,
      45.4991592
     ],
     [
      -122.6604094,
      45.4989236
     ],
     [
      -122.660357,
      45.4987086
     ],
     [
      -122.6602898,
      45.4984647
     ],
     [
      -122.6602489,
      45.4983285
     ],
     [
      -122.660187,
      45.4981225
     ],
     [
      -122.6601174,
      45.4978449
     ],
     [
      -122.6600935,
      45.4977575
     ],
     [
      -122.6599689,
      45.497348
     ],
     [
      -122.659906,
      45.4970786
     ],
     [
      -122.6598708,
      45.4969259
     ],
     [
      -122.6598049,
      45.496658
     ],
     [
      -122.6597138,
      45.4963244
     ],
     [
      -122.6596684,
      45.4961624
     ],
     [
      -122.659664,
      45.4961465
     ],
     [
      -122.6595843,
      45.4958489
     ],
     [
      -122.6595052,
      45.495551
     ],
     [
      -122.659503,
      45.4955432
     ],
     [
      -122.659411,
      45.4952186
     ],
     [
      -122.6591121,
      45.4941298
     ],
     [
      -122.6590743,
      45.4939739
     ],
     [
      -122.6590482,
      45.4938801
     ],
     [
      -122.6589386,
      45.4935403
     ],
     [
      -122.6588243,
      45.49323
     ],
     [
      -122.6587192,
      45.4930154
     ],
     [
      -122.6586083,
      45.4927999
     ],
     [
      -122.6583748,
      45.4924303
     ],
     [
      -122.6581701,
      45.4921578
     ],
     [
      -122.6581097,
      45.4920797
     ],
     [
      -122.6581097,
      45.4920796
     ],
     [
      -122.6579877,
      45.4919218
     ],
     [
      -122.6578389,
      45.4917596
     ],
     [
      -122.6577125,
      45.4916285
     ],
     [
      -122.6575951,
      45.4915126
     ],
     [
      -122.6574953,
      45.4914159
     ],
     [
      -122.6573569,
      45.4912967
     ],
     [
      -122.6571558,
      45.4911286
     ],
     [
      -122.6570356,
      45.4910315
     ],
     [
      -122.6567194,
      45.4908078
     ],
     [
      -122.6565371,
      45.4906908
     ],
     [
      -122.6565234,
      45.4906821
     ],
     [
      -122.6563518,
      45.4905658
     ],
     [
      -122.6561608,
      45.4904557
     ],
     [
      -122.6558752,
      45.490303
     ],
     [
      -122.6555067,
      45.4901219
     ],
     [
      -122.6551687,
      45.489968
     ],
     [
      -122.6544091,
      45.489634
     ],
     [
      -122.654409,
      45.489634
     ],
     [
      -122.6544061,
      45.4896327
     ],
     [
      -122.654036,
      45.4894646
     ],
     [
      -122.6537999,
      45.4893433
     ],
     [
      -122.6536126,
      45.4892371
     ],
     [
      -122.6533471,
      45.4890789
     ],
     [
      -122.6532445,
      45.4890147
     ],
     [
      -122.6530027,
      45.4888414
     ],
     [
      -122.652847,
      45.4887094
     ],
     [
      -122.6527878,
      45.4886538
     ],
     [
      -122.6527375,
      45.4886068
     ],
     [
      -122.6525642,
      45.4884344
     ],
     [
      -122.6524357,
      45.488291
     ],
     [
      -122.6523074,
      45.4881593
     ],
     [
      -122.6521608,
      45.4879755
     ],
     [
      -122.65207,
      45.4878411
     ],
     [
      -122.6519418,
      45.4876163
     ],
     [
      -122.6518346,
      45.4874008
     ],
     [
      -122.6517424,
      45.4871743
     ],
     [
      -122.6516895,
      45.4870006
     ],
     [
      -122.6516389,
      45.4868203
     ],
     [
      -122.6516184,
      45.4867398
     ],
     [
      -122.6516183,
      45.4867398
     ],
     [
      -122.6516016,
      45.4866744
     ],
     [
      -122.6515725,
      45.4864038
     ],
     [
      -122.6515701,
      45.4861447
     ],
     [
      -122.6516236,
      45.4857222
     ],
     [
      -122.6516886,
      45.4854252
     ],
     [
      -122.6518005,
      45.4850945
     ],
     [
      -122.6519606,
      45.4847768
     ],
     [
      -122.6520686,
      45.4845988
     ],
     [
      -122.6524631,
      45.4840175
     ],
     [
      -122.6527034,
      45.4836685
     ],
     [
      -122.6529149,
      45.483383
     ],
     [
      -122.6529606,
      45.4833159
     ],
     [
      -122.6529606,
      45.4833159
     ],
     [
      -122.6533763,
      45.4827062
     ],
     [
      -122.6537128,
      45.4822235
     ],
     [
      -122.6540624,
      45.4817266
     ],
     [
      -122.6542213,
      45.4814998
     ],
     [
      -122.6543874,
      45.4812778
     ],
     [
      -122.6547525,
      45.4808711
     ],
     [
      -122.6547777,
      45.4808073
     ],
     [
      -122.6549047,
      45.4805624
     ],
     [
      -122.6549048,
      45.4805624
     ],
     [
      -122.655009,
      45.4803884
     ],
     [
      -122.6552391,
      45.4800244
     ],
     [
      -122.6553868,
      45.479819
     ],
     [
      -122.6555173,
      45.4796236
     ],
     [
      -122.6556678,
      45.4794197
     ],
     [
      -122.656016,
      45.4789121
     ],
     [
      -122.6563711,
      45.4784097
     ],
     [
      -122.6565336,
      45.4781727
     ],
     [
      -122.6566628,
      45.477993
     ],
     [
      -122.6569422,
      45.477598
     ],
     [
      -122.6569685,
      45.477561
     ],
     [
      -122.6571483,
      45.477305
     ],
     [
      -122.6572277,
      45.477192
     ],
     [
      -122.6575385,
      45.4767395
     ],
     [
      -122.6577975,
      45.4763717
     ],
     [
      -122.6580334,
      45.4760284
     ],
     [
      -122.6583195,
      45.475621
     ],
     [
      -122.6588323,
      45.4748904
     ],
     [
      -122.6592134,
      45.4743493
     ],
     [
      -122.6593915,
      45.4740965
     ],
     [
      -122.6594194,
      45.4740564
     ],
     [
      -122.6602056,
      45.4729257
     ],
     [
      -122.6604305,
      45.4726645
     ],
     [
      -122.6605313,
      45.4725526
     ],
     [
      -122.6606076,
      45.4724514
     ],
     [
      -122.6608106,
      45.4721585
     ],
     [
      -122.6608845,
      45.4720472
     ],
     [
      -122.6609199,
      45.4719874
     ],
     [
      -122.6610207,
      45.4717851
     ],
     [
      -122.6610986,
      45.4716644
     ],
     [
      -122.6612208,
      45.471485
     ],
     [
      -122.6613487,
      45.4712912
     ],
     [
      -122.6614604,
      45.4711115
     ],
     [
      -122.6615854,
      45.4709021
     ],
     [
      -122.6617016,
      45.4706891
     ],
     [
      -122.6618016,
      45.4704867
     ],
     [
      -122.6619118,
      45.4702405
     ],
     [
      -122.662044,
      45.4698902
     ],
     [
      -122.6621193,
      45.4696685
     ],
     [
      -122.6622336,
      45.4692666
     ],
     [
      -122.6623111,
      45.4689467
     ],
     [
      -122.6623633,
      45.4686399
     ],
     [
      -122.6624033,
      45.4681721
     ],
     [
      -122.662418,
      45.4678772
     ],
     [
      -122.6624087,
      45.4674776
     ],
     [
      -122.6623986,
      45.4673551
     ],
     [
      -122.6623986,
      45.4673551
     ],
     [
      -122.6623718,
      45.4670309
     ],
     [
      -122.6623563,
      45.4668853
     ],
     [
      -122.6623351,
      45.4667482
     ],
     [
      -122.6622885,
      45.4665177
     ],
     [
      -122.6622291,
      45.4662663
     ],
     [
      -122.6621344,
      45.4659244
     ],
     [
      -122.6619973,
      45.4655188
     ],
     [
      -122.6618967,
      45.4652303
     ],
     [
      -122.6618378,
      45.4651067
     ],
     [
      -122.6618338,
      45.4650983
     ],
     [
      -122.6617839,
      45.4649926
     ],
     [
      -122.6617685,
      45.4649522
     ],
     [
      -122.6614617,
      45.4643298
     ],
     [
      -122.661148,
      45.4637751
     ],
     [
      -122.6610799,
      45.4636573
     ],
     [
      -122.6610094,
      45.4635403
     ],
     [
      -122.6609365,
      45.463424
     ],
     [
      -122.6608611,
      45.4633085
     ],
     [
      -122.6607833,
      45.4631937
     ],
     [
      -122.6607031,
      45.4630798
     ],
     [
      -122.6606205,
      45.4629668
     ],
     [
      -122.6605386,
      45.4628589
     ],
     [
      -122.6599991,
      45.4621874
     ],
     [
      -122.6594612,
      45.461474
     ],
     [
      -122.6589974,
      45.4608615
     ],
     [
      -122.6588922,
      45.4607606
     ],
     [
      -122.658439,
      45.4603263
     ],
     [
      -122.658184,
      45.4601295
     ],
     [
      -122.6578746,
      45.4598887
     ],
     [
      -122.6577876,
      45.4598195
     ],
     [
      -122.6577853,
      45.4598177
     ],
     [
      -122.6577853,
      45.4598177
     ],
     [
      -122.6575349,
      45.4596187
     ],
     [
      -122.6571127,
      45.4593868
     ],
     [
      -122.6570449,
      45.4593491
     ],
     [
      -122.6565684,
      45.4591331
     ],
     [
      -122.6564462,
      45.4590744
     ],
     [
      -122.6563209,
      45.4590193
     ],
     [
      -122.6561926,
      45.4589677
     ],
     [
      -122.6560616,
      45.4589194
     ],
     [
      -122.6559282,
      45.4588741
     ],
     [
      -122.6557925,
      45.4588318
     ],
     [
      -122.6556548,
      45.4587921
     ],
     [
      -122.6555152,
      45.4587549
     ],
     [
      -122.6553741,
      45.45872
     ],
     [
      -122.6552315,
      45.4586873
     ],
     [
      -122.6550878,
      45.4586565
     ],
     [
      -122.6549432,
      45.4586274
     ],
     [
      -122.6547978,
      45.4585999
     ],
     [
      -122.6546519,
      45.4585737
     ],
     [
      -122.6545058,
      45.4585487
     ],
     [
      -122.6543595,
      45.4585247
     ],
     [
      -122.6542134,
      45.4585014
     ],
     [
      -122.6540677,
      45.4584788
     ],
     [
      -122.6539225,
      45.4584565
     ],
     [
      -122.6538302,
      45.4584424
     ],
     [
      -122.6537396,
      45.4584236
     ],
     [
      -122.6536511,
      45.4584004
     ],
     [
      -122.6535652,
      45.4583727
     ],
     [
      -122.653482,
      45.4583406
     ],
     [
      -122.6534013,
      45.4583032
     ],
     [
      -122.6533254,
      45.4582611
     ],
     [
      -122.653255,
      45.4582145
     ],
     [
      -122.6531906,
      45.4581639
     ],
     [
      -122.6531325,
      45.4581095
     ],
     [
      -122.6530814,
      45.4580518
     ],
     [
      -122.6530375,
      45.4579912
     ],
     [
      -122.6530012,
      45.4579285
     ],
     [
      -122.6529724,
      45.4578651
     ],
     [
      -122.6529501,
      45.4578005
     ],
     [
      -122.6529344,
      45.4577349
     ],
     [
      -122.6529248,
      45.4576679
     ],
     [
      -122.6529163,
      45.4575997
     ],
     [
      -122.6529078,
      45.4575315
     ],
     [
      -122.6528993,
      45.4574634
     ],
     [
      -122.6528907,
      45.4573952
     ],
     [
      -122.6528822,
      45.457327
     ],
     [
      -122.6528737,
      45.4572588
     ],
     [
      -122.6528652,
      45.4571907
     ],
     [
      -122.6528566,
      45.4571225
     ],
     [
      -122.6528481,
      45.4570543
     ],
     [
      -122.6528396,
      45.4569861
     ],
     [
      -122.652831,
      45.456918
     ],
     [
      -122.6528225,
      45.4568498
     ],
     [
      -122.652814,
      45.4567816
     ],
     [
      -122.6528055,
      45.4567135
     ],
     [
      -122.6527969,
      45.4566453
     ],
     [
      -122.6527884,
      45.4565771
     ],
     [
      -122.6527799,
      45.4565089
     ],
     [
      -122.6527714,
      45.4564408
     ],
     [
      -122.6527628,
      45.4563726
     ],
     [
      -122.6527543,
      45.4563044
     ],
     [
      -122.6527458,
      45.4562362
     ],
     [
      -122.6527372,
      45.4561681
     ],
     [
      -122.6527287,
      45.4560999
     ],
     [
      -122.6527202,
      45.4560317
     ],
     [
      -122.6527117,
      45.4559635
     ],
     [
      -122.6527031,
      45.4558954
     ],
     [
      -122.6526946,
      45.4558272
     ],
     [
      -122.6526861,
      45.455759
     ],
     [
      -122.6526776,
      45.4556908
     ],
     [
      -122.652669,
      45.4556227
     ],
     [
      -122.6526605,
      45.4555545
     ],
     [
      -122.652652,
      45.4554863
     ],
     [
      -122.6526434,
      45.4554181
     ],
     [
      -122.6526349,
      45.45535
     ],
     [
      -122.6526264,
      45.4552818
     ],
     [
      -122.6526179,
      45.4552136
     ],
     [
      -122.6526093,
      45.4551454
     ],
     [
      -122.6526008,
      45.4550773
     ],
     [
      -122.6525923,
      45.4550091
     ],
     [
      -122.6525838,
      45.4549409
     ],
     [
      -122.6525752,
      45.4548727
     ],
     [
      -122.6525667,
      45.4548046
     ],
     [
      -122.6525582,
      45.4547364
     ],
     [
      -122.6525496,
      45.4546682
     ],
     [
      -122.6525411,
      45.4546
     ],
     [
      -122.6525326,
      45.4545319
     ],
     [
      -122.6525241,
      45.4544637
     ],
     [
      -122.6525155,
      45.4543955
     ],
     [
      -122.652507,
      45.4543273
     ],
     [
      -122.6524985,
      45.4542592
     ],
     [
      -122.65249,
      45.454191
     ],
     [
      -122.6524814,
      45.4541228
     ],
     [
      -122.6524729,
      45.4540547
     ],
     [
      -122.6524644,
      45.4539865
     ],
     [
      -122.6524558,
      45.4539183
     ],
     [
      -122.6524473,
      45.4538501
     ],
     [
      -122.6524388,
      45.453782
     ],
     [
      -122.6524303,
      45.4537138
     ],
     [
      -122.6524217,
      45.4536456
     ],
     [
      -122.6524132,
      45.4535774
     ],
     [
      -122.6524047,
      45.4535093
     ],
     [
      -122.6523962,
      45.4534411
     ],
     [
      -122.6523876,
      45.4533729
     ],
     [
      -122.6523791,
      45.4533047
     ],
     [
      -122.6523706,
      45.4532366
     ],
     [
      -122.6523621,
      45.4531684
     ],
     [
      -122.6523535,
      45.4531002
     ],
     [
      -122.652345,
      45.453032
     ],
     [
      -122.6523365,
      45.4529639
     ],
     [
      -122.652328,
      45.4528957
     ],
     [
      -122.6523194,
      45.4528275
     ],
     [
      -122.6523109,
      45.4527593
     ],
     [
      -122.6523024,
      45.4526912
     ],
     [
      -122.6522938,
      45.452623
     ],
     [
      -122.6522853,
      45.4525548
     ],
     [
      -122.6522768,
      45.4524866
     ],
     [
      -122.6522683,
      45.4524185
     ],
     [
      -122.6522597,
      45.4523503
     ],
     [
      -122.6522512,
      45.4522821
     ],
     [
      -122.6522427,
      45.4522139
     ],
     [
      -122.6522342,
      45.4521458
     ],
     [
      -122.6522256,
      45.4520776
     ],
     [
      -122.6522171,
      45.4520094
     ],
     [
      -122.6522086,
      45.4519412
     ],
     [
      -122.6522001,
      45.4518731
     ],
     [
      -122.6521915,
      45.4518049
     ],
     [
      -122.652183,
      45.4517367
     ],
     [
      -122.6521745,
      45.4516685
     ],
     [
      -122.652166,
      45.4516004
     ],
     [
      -122.6521566,
      45.4515324
     ],
     [
      -122.6521456,
      45.4514645
     ],
     [
      -122.6521329,
      45.4513968
     ],
     [
      -122.6521185,
      45.4513292
     ],
     [
      -122.6521025,
      45.4512619
     ],
     [
      -122.6520848,
      45.4511947
     ],
     [
      -122.6520654,
      45.4511278
     ],
     [
      -122.6520444,
      45.4510611
     ],
     [
      -122.6520218,
      45.4509947
     ],
     [
      -122.6519975,
      45.4509285
     ],
     [
      -122.6519715,
      45.4508627
     ],
     [
      -122.651944,
      45.4507972
     ],
     [
      -122.6519149,
      45.450732
     ],
     [
      -122.6518841,
      45.4506673
     ],
     [
      -122.6518518,
      45.4506029
     ],
     [
      -122.6518178,
      45.4505389
     ],
     [
      -122.6517823,
      45.4504753
     ],
     [
      -122.6517452,
      45.4504122
     ],
     [
      -122.6517066,
      45.4503495
     ],
     [
      -122.6516664,
      45.4502873
     ],
     [
      -122.6516247,
      45.4502256
     ],
     [
      -122.6515815,
      45.4501645
     ],
     [
      -122.6515368,
      45.4501039
     ],
     [
      -122.6514906,
      45.4500438
     ],
     [
      -122.6514429,
      45.4499843
     ],
     [
      -122.6513937,
      45.4499254
     ],
     [
      -122.6513433,
      45.4498669
     ],
     [
      -122.6512927,
      45.4498084
     ],
     [
      -122.6512421,
      45.4497498
     ],
     [
      -122.6511915,
      45.4496913
     ],
     [
      -122.6511409,
      45.4496328
     ],
     [
      -122.6510903,
      45.4495743
     ],
     [
      -122.6510397,
      45.4495157
     ],
     [
      -122.6509891,
      45.4494572
     ],
     [
      -122.6509385,
      45.4493987
     ],
     [
      -122.6508878,
      45.4493401
     ],
     [
      -122.6508372,
      45.4492816
     ],
     [
      -122.6507866,
      45.4492231
     ],
     [
      -122.650736,
      45.4491646
     ],
     [
      -122.6506854,
      45.449106
     ],
     [
      -122.6506348,
      45.4490475
     ],
     [
      -122.6505842,
      45.448989
     ],
     [
      -122.6505336,
      45.4489304
     ],
     [
      -122.650483,
      45.4488719
     ],
     [
      -122.6504324,
      45.4488134
     ],
     [
      -122.6503818,
      45.4487548
     ],
     [
      -122.6503312,
      45.4486963
     ],
     [
      -122.6502806,
      45.4486378
     ],
     [
      -122.65023,
      45.4485793
     ],
     [
      -122.6501794,
      45.4485207
     ],
     [
      -122.6501288,
      45.4484622
     ],
     [
      -122.6500782,
      45.4484037
     ],
     [
      -122.6500276,
      45.4483451
     ],
     [
      -122.649977,
      45.4482866
     ],
     [
      -122.6499264,
      45.4482281
     ],
     [
      -122.6498758,
      45.4481696
     ],
     [
      -122.6498251,
      45.448111
     ],
     [
      -122.6497745,
      45.4480525
     ],
     [
      -122.6497239,
      45.447994
     ],
     [
      -122.6496733,
      45.4479354
     ],
     [
      -122.6496227,
      45.4478769
     ],
     [
      -122.6495721,
      45.4478184
     ],
     [
      -122.6495215,
      45.4477599
     ],
     [
      -122.6494709,
      45.4477013
     ],
     [
      -122.6494203,
      45.4476428
     ],
     [
      -122.6493697,
      45.4475843
     ],
     [
      -122.6493191,
      45.4475257
     ],
     [
      -122.6492685,
      45.4474672
     ],
     [
      -122.6492179,
      45.4474087
     ],
     [
      -122.6491673,
      45.4473501
     ],
     [
      -122.6491167,
      45.4472916
     ],
     [
      -122.6490661,
      45.4472331
     ],
     [
      -122.6490155,
      45.4471746
     ],
     [
      -122.6489649,
      45.447116
     ],
     [
      -122.6489143,
      45.4470575
     ],
     [
      -122.6488637,
      45.446999
     ],
     [
      -122.6488131,
      45.4469404
     ],
     [
      -122.6487625,
      45.4468819
     ],
     [
      -122.6487119,
      45.4468234
     ],
     [
      -122.6486613,
      45.4467648
     ],
     [
      -122.6486107,
      45.4467063
     ],
     [
      -122.6485601,
      45.4466478
     ],
     [
      -122.6485095,
      45.4465893
     ],
     [
      -122.6484589,
      45.4465307
     ],
     [
      -122.6484083,
      45.4464722
     ],
     [
      -122.6483577,
      45.4464137
     ],
     [
      -122.6483071,
      45.4463551
     ],
     [
      -122.6482565,
      45.4462966
     ],
     [
      -122.6482059,
      45.4462381
     ],
     [
      -122.6481553,
      45.4461795
     ],
     [
      -122.6481047,
      45.446121
     ],
     [
      -122.6480541,
      45.4460625
     ],
     [
      -122.6480035,
      45.446004
     ],
     [
      -122.6479529,
      45.4459454
     ],
     [
      -122.6479023,
      45.4458869
     ],
     [
      -122.6478517,
      45.4458284
     ],
     [
      -122.6478011,
      45.4457698
     ],
     [
      -122.6477505,
      45.4457113
     ],
     [
      -122.6476999,
      45.4456528
     ],
     [
      -122.6476465,
      45.4455966
     ],
     [
      -122.6475864,
      45.4455438
     ],
     [
      -122.6475202,
      45.4454948
     ],
     [
      -122.6474482,
      45.44545
     ],
     [
      -122.6473711,
      45.4454097
     ],
     [
      -122.6472894,
      45.4453741
     ],
     [
      -122.6472036,
      45.4453437
     ],
     [
      -122.6471144,
      45.4453185
     ],
     [
      -122.6470225,
      45.4452988
     ],
     [
      -122.6469286,
      45.4452846
     ],
     [
      -122.6468333,
      45.4452762
     ],
     [
      -122.6467373,
      45.4452736
     ],
     [
      -122.6466413,
      45.4452767
     ],
     [
      -122.6465444,
      45.4452828
     ],
     [
      -122.6464475,
      45.445289
     ],
     [
      -122.6463505,
      45.4452951
     ],
     [
      -122.6462536,
      45.4453012
     ],
     [
      -122.6461567,
      45.4453073
     ],
     [
      -122.6460598,
      45.4453134
     ],
     [
      -122.6459628,
      45.4453195
     ],
     [
      -122.6458659,
      45.4453256
     ],
     [
      -122.645769,
      45.4453318
     ],
     [
      -122.6456721,
      45.4453379
     ],
     [
      -122.6455751,
      45.445344
     ],
     [
      -122.6454797,
      45.4453491
     ],
     [
      -122.6453844,
      45.4453514
     ],
     [
      -122.645289,
      45.4453508
     ],
     [
      -122.6451938,
      45.4453473
     ],
     [
      -122.6450988,
      45.445341
     ],
     [
      -122.6450232,
      45.4453339
     ],
     [
      -122.6449285,
      45.4453234
     ],
     [
      -122.6448339,
      45.4453121
     ],
     [
      -122.6447396,
      45.4452999
     ],
     [
      -122.6446455,
      45.4452868
     ],
     [
      -122.6445517,
      45.4452729
     ],
     [
      -122.6444581,
      45.4452582
     ],
     [
      -122.6443646,
      45.4452425
     ],
     [
      -122.6442712,
      45.4452241
     ],
     [
      -122.6441792,
      45.4452025
     ],
     [
      -122.6440889,
      45.4451777
     ],
     [
      -122.6440004,
      45.4451498
     ],
     [
      -122.643914,
      45.4451188
     ],
     [
      -122.6438299,
      45.4450848
     ],
     [
      -122.6437484,
      45.4450478
     ],
     [
      -122.6436695,
      45.4450081
     ],
     [
      -122.6435936,
      45.4449657
     ],
     [
      -122.6435208,
      45.4449206
     ],
     [
      -122.6434512,
      45.444873
     ],
     [
      -122.6433851,
      45.4448231
     ],
     [
      -122.6433226,
      45.4447709
     ],
     [
      -122.6432639,
      45.4447165
     ],
     [
      -122.6432092,
      45.4446602
     ],
     [
      -122.6431584,
      45.444602
     ],
     [
      -122.6431119,
      45.4445421
     ],
     [
      -122.6430697,
      45.4444807
     ],
     [
      -122.6430318,
      45.4444178
     ],
     [
      -122.6429985,
      45.4443537
     ],
     [
      -122.6429698,
      45.4442885
     ],
     [
      -122.6429448,
      45.4442224
     ],
     [
      -122.6429201,
      45.4441561
     ],
     [
      -122.6428955,
      45.4440898
     ],
     [
      -122.6428708,
      45.4440235
     ],
     [
      -122.6428462,
      45.4439573
     ],
     [
      -122.6428215,
      45.443891
     ],
     [
      -122.6427968,
      45.4438247
     ],
     [
      -122.6427722,
      45.4437584
     ],
     [
      -122.6427475,
      45.4436921
     ],
     [
      -122.6427229,
      45.4436258
     ],
     [
      -122.6426982,
      45.4435595
     ],
     [
      -122.6426736,
      45.4434932
     ],
     [
      -122.6426489,
      45.4434269
     ],
     [
      -122.6426243,
      45.4433606
     ],
     [
      -122.6425996,
      45.4432943
     ],
     [
      -122.6425749,
      45.443228
     ],
     [
      -122.6425503,
      45.4431617
     ],
     [
      -122.6425256,
      45.4430955
     ],
     [
      -122.642501,
      45.4430292
     ],
     [
      -122.6424763,
      45.4429629
     ],
     [
      -122.6424517,
      45.4428966
     ],
     [
      -122.642427,
      45.4428303
     ],
     [
      -122.6424024,
      45.442764
     ],
     [
      -122.6423777,
      45.4426977
     ],
     [
      -122.6423531,
      45.4426314
     ],
     [
      -122.6423284,
      45.4425651
     ],
     [
      -122.6423037,
      45.4424988
     ],
     [
      -122.6422791,
      45.4424325
     ],
     [
      -122.6422547,
      45.4423663
     ],
     [
      -122.6422312,
      45.4423
     ],
     [
      -122.6422085,
      45.4422335
     ],
     [
      -122.6421866,
      45.4421669
     ],
     [
      -122.6421655,
      45.4421001
     ],
     [
      -122.6421453,
      45.4420333
     ],
     [
      -122.6421259,
      45.4419663
     ],
     [
      -122.6421073,
      45.4418992
     ],
     [
      -122.6420895,
      45.441832
     ],
     [
      -122.6420726,
      45.4417646
     ],
     [
      -122.6420565,
      45.4416972
     ],
     [
      -122.6420412,
      45.4416297
     ],
     [
      -122.6420261,
      45.4415623
     ],
     [
      -122.6420109,
      45.4414949
     ],
     [
      -122.6419958,
      45.4414275
     ],
     [
      -122.6419807,
      45.4413601
     ],
     [
      -122.6419655,
      45.4412927
     ],
     [
      -122.6419504,
      45.4412253
     ],
     [
      -122.6419352,
      45.4411579
     ],
     [
      -122.6419201,
      45.4410905
     ],
     [
      -122.6419049,
      45.4410231
     ],
     [
      -122.6418898,
      45.4409557
     ],
     [
      -122.6418746,
      45.4408883
     ],
     [
      -122.6418595,
      45.4408209
     ],
     [
      -122.6418444,
      45.4407535
     ],
     [
      -122.6418292,
      45.440686
     ],
     [
      -122.6418141,
      45.4406186
     ],
     [
      -122.6417989,
      45.4405512
     ],
     [
      -122.6417838,
      45.4404838
     ],
     [
      -122.6417686,
      45.4404164
     ],
     [
      -122.6417535,
      45.440349
     ],
     [
      -122.6417384,
      45.4402816
     ],
     [
      -122.6417232,
      45.4402142
     ],
     [
      -122.6417081,
      45.4401468
     ],
     [
      -122.6416926,
      45.4400793
     ],
     [
      -122.6416761,
      45.4400119
     ],
     [
      -122.6416586,
      45.4399447
     ],
     [
      -122.6416401,
      45.4398775
     ],
     [
      -122.6416205,
      45.4398105
     ],
     [
      -122.6416,
      45.4397437
     ],
     [
      -122.6415785,
      45.439677
     ],
     [
      -122.6415559,
      45.4396105
     ],
     [
      -122.6415324,
      45.4395442
     ],
     [
      -122.6415079,
      45.439478
     ],
     [
      -122.6414823,
      45.439412
     ],
     [
      -122.6414558,
      45.4393462
     ],
     [
      -122.6414283,
      45.4392806
     ],
     [
      -122.6413998,
      45.4392153
     ],
     [
      -122.6413704,
      45.4391501
     ],
     [
      -122.6413399,
      45.4390852
     ],
     [
      -122.6413085,
      45.4390205
     ],
     [
      -122.6412761,
      45.438956
     ],
     [
      -122.6412427,
      45.4388918
     ],
     [
      -122.6412084,
      45.4388278
     ],
     [
      -122.6411731,
      45.4387641
     ],
     [
      -122.6411369,
      45.4387006
     ],
     [
      -122.6410997,
      45.4386375
     ],
     [
      -122.6410615,
      45.4385746
     ],
     [
      -122.6410224,
      45.438512
     ],
     [
      -122.6409824,
      45.4384497
     ],
     [
      -122.6409414,
      45.4383877
     ],
     [
      -122.640901,
      45.4383272
     ],
     [
      -122.6408605,
      45.4382668
     ],
     [
      -122.64082,
      45.4382064
     ],
     [
      -122.6407795,
      45.4381459
     ],
     [
      -122.6407391,
      45.4380855
     ],
     [
      -122.640698,
      45.4380245
     ],
     [
      -122.6406556,
      45.4379633
     ],
     [
      -122.6406121,
      45.4379026
     ],
     [
      -122.6405677,
      45.4378422
     ],
     [
      -122.6405222,
      45.4377822
     ],
     [
      -122.6404756,
      45.4377225
     ],
     [
      -122.640428,
      45.4376633
     ],
     [
      -122.6403794,
      45.4376045
     ],
     [
      -122.6403298,
      45.4375462
     ],
     [
      -122.6402792,
      45.4374882
     ],
     [
      -122.6402276,
      45.4374307
     ],
     [
      -122.640175,
      45.4373736
     ],
     [
      -122.6401214,
      45.437317
     ],
     [
      -122.6400665,
      45.4372604
     ],
     [
      -122.640011,
      45.437204
     ],
     [
      -122.6399548,
      45.437148
     ],
     [
      -122.6398979,
      45.4370924
     ],
     [
      -122.6398404,
      45.4370371
     ],
     [
      -122.6397822,
      45.4369821
     ],
     [
      -122.6397233,
      45.4369275
     ],
     [
      -122.6396637,
      45.4368733
     ],
     [
      -122.6396035,
      45.4368194
     ],
     [
      -122.6395427,
      45.4367658
     ],
     [
      -122.6394812,
      45.4367127
     ],
     [
      -122.6394191,
      45.4366599
     ],
     [
      -122.6393563,
      45.4366074
     ],
     [
      -122.6392929,
      45.4365554
     ],
     [
      -122.6392289,
      45.4365037
     ],
     [
      -122.6391644,
      45.4364525
     ],
     [
      -122.6391,
      45.4364013
     ],
     [
      -122.6390355,
      45.4363501
     ],
     [
      -122.6389711,
      45.4362989
     ],
     [
      -122.6389067,
      45.4362477
     ],
     [
      -122.6388422,
      45.4361965
     ],
     [
      -122.6387778,
      45.4361453
     ],
     [
      -122.6387133,
      45.4360941
     ],
     [
      -122.6386489,
      45.4360429
     ],
     [
      -122.6385844,
      45.4359917
     ],
     [
      -122.63852,
      45.4359405
     ],
     [
      -122.6384555,
      45.4358892
     ],
     [
      -122.6383911,
      45.435838
     ],
     [
      -122.6383267,
      45.4357868
     ],
     [
      -122.6382622,
      45.4357356
     ],
     [
      -122.6381978,
      45.4356844
     ],
     [
      -122.6381333,
      45.4356332
     ],
     [
      -122.6380689,
      45.435582
     ],
     [
      -122.6380044,
      45.4355308
     ],
     [
      -122.63794,
      45.4354796
     ],
     [
      -122.6378755,
      45.4354284
     ],
     [
      -122.6378111,
      45.4353772
     ],
     [
      -122.6377467,
      45.435326
     ],
     [
      -122.6376822,
      45.4352748
     ],
     [
      -122.6376178,
      45.4352236
     ],
     [
      -122.6375533,
      45.4351724
     ],
     [
      -122.6374889,
      45.4351212
     ],
     [
      -122.6374244,
      45.43507
     ],
     [
      -122.63736,
      45.4350188
     ],
     [
      -122.6372956,
      45.4349676
     ],
     [
      -122.6372311,
      45.4349164
     ],
     [
      -122.6371667,
      45.4348652
     ],
     [
      -122.6371022,
      45.434814
     ],
     [
      -122.6370378,
      45.4347628
     ],
     [
      -122.6369733,
      45.4347116
     ],
     [
      -122.6369091,
      45.4346603
     ],
     [
      -122.6368457,
      45.4346084
     ],
     [
      -122.6367833,
      45.4345559
     ],
     [
      -122.636722,
      45.4345028
     ],
     [
      -122.6366616,
      45.4344491
     ],
     [
      -122.6366023,
      45.4343949
     ],
     [
      -122.6365441,
      45.4343401
     ],
     [
      -122.6364869,
      45.4342847
     ],
     [
      -122.6364308,
      45.4342288
     ],
     [
      -122.6363758,
      45.4341724
     ],
     [
      -122.6363219,
      45.4341155
     ],
     [
      -122.636269,
      45.434058
     ],
     [
      -122.6362173,
      45.434
     ],
     [
      -122.6361667,
      45.4339416
     ],
     [
      -122.6361172,
      45.4338827
     ],
     [
      -122.6360689,
      45.4338233
     ],
     [
      -122.6360217,
      45.4337635
     ],
     [
      -122.6359757,
      45.4337032
     ],
     [
      -122.6359309,
      45.4336424
     ],
     [
      -122.6358872,
      45.4335813
     ],
     [
      -122.6358447,
      45.4335197
     ],
     [
      -122.6358034,
      45.4334578
     ],
     [
      -122.6357632,
      45.4333954
     ],
     [
      -122.6357243,
      45.4333327
     ],
     [
      -122.6356866,
      45.4332696
     ],
     [
      -122.6356501,
      45.4332062
     ],
     [
      -122.6356149,
      45.4331424
     ],
     [
      -122.6355809,
      45.4330783
     ],
     [
      -122.6355481,
      45.4330139
     ],
     [
      -122.6355165,
      45.4329491
     ],
     [
      -122.6354867,
      45.4328844
     ],
     [
      -122.635459,
      45.4328192
     ],
     [
      -122.6354334,
      45.4327536
     ],
     [
      -122.63541,
      45.4326877
     ],
     [
      -122.6353888,
      45.4326213
     ],
     [
      -122.6353697,
      45.4325547
     ],
     [
      -122.6353528,
      45.4324877
     ],
     [
      -122.6353382,
      45.4324205
     ],
     [
      -122.6353257,
      45.4323531
     ],
     [
      -122.6353154,
      45.4322854
     ],
     [
      -122.6353074,
      45.4322177
     ],
     [
      -122.6353016,
      45.4321498
     ],
     [
      -122.635298,
      45.4320818
     ],
     [
      -122.6352966,
      45.4320138
     ],
     [
      -122.6352975,
      45.4319458
     ],
     [
      -122.6353006,
      45.4318779
     ],
     [
      -122.635304,
      45.4318233
     ],
     [
      -122.6353082,
      45.4317551
     ],
     [
      -122.6353124,
      45.431687
     ],
     [
      -122.6353166,
      45.4316188
     ],
     [
      -122.6353209,
      45.4315506
     ],
     [
      -122.6353251,
      45.4314824
     ],
     [
      -122.6353293,
      45.4314143
     ],
     [
      -122.6353335,
      45.4313461
     ],
     [
      -122.6353377,
      45.4312779
     ],
     [
      -122.635342,
      45.4312097
     ],
     [
      -122.6353466,
      45.4311419
     ],
     [
      -122.6353559,
      45.4310749
     ],
     [
      -122.6353709,
      45.4310083
     ],
     [
      -122.6353915,
      45.4309426
     ],
     [
      -122.6354177,
      45.4308778
     ],
     [
      -122.6354493,
      45.4308142
     ],
     [
      -122.6354863,
      45.4307521
     ],
     [
      -122.6355285,
      45.4306916
     ],
     [
      -122.6355757,
      45.4306331
     ],
     [
      -122.6356278,
      45.4305766
     ],
     [
      -122.6356847,
      45.4305219
     ],
     [
      -122.635743,
      45.430467
     ],
     [
      -122.6358012,
      45.4304122
     ],
     [
      -122.6358595,
      45.4303573
     ],
     [
      -122.6359178,
      45.4303024
     ],
     [
      -122.6359761,
      45.4302476
     ],
     [
      -122.6360343,
      45.4301927
     ],
     [
      -122.6360926,
      45.4301379
     ],
     [
      -122.6361509,
      45.430083
     ],
     [
      -122.6362091,
      45.4300282
     ],
     [
      -122.6362674,
      45.4299733
     ],
     [
      -122.6363257,
      45.4299185
     ],
     [
      -122.636384,
      45.4298636
     ],
     [
      -122.6364422,
      45.4298088
     ],
     [
      -122.6365005,
      45.4297539
     ],
     [
      -122.6365588,
      45.4296991
     ],
     [
      -122.636617,
      45.4296442
     ],
     [
      -122.6366753,
      45.4295893
     ],
     [
      -122.6367336,
      45.4295345
     ],
     [
      -122.6367919,
      45.4294796
     ],
     [
      -122.6368501,
      45.4294248
     ],
     [
      -122.6369084,
      45.4293699
     ],
     [
      -122.6369667,
      45.4293151
     ],
     [
      -122.6370249,
      45.4292602
     ],
     [
      -122.6370832,
      45.4292054
     ],
     [
      -122.6371415,
      45.4291505
     ],
     [
      -122.6371998,
      45.4290957
     ],
     [
      -122.637258,
      45.4290408
     ],
     [
      -122.6373163,
      45.4289859
     ],
     [
      -122.6373746,
      45.4289311
     ],
     [
      -122.6374328,
      45.4288762
     ],
     [
      -122.6374911,
      45.4288214
     ],
     [
      -122.6375494,
      45.4287665
     ],
     [
      -122.6376076,
      45.4287117
     ],
     [
      -122.6376659,
      45.4286568
     ],
     [
      -122.6377242,
      45.428602
     ],
     [
      -122.6377824,
      45.4285471
     ],
     [
      -122.6378407,
      45.4284922
     ],
     [
      -122.637899,
      45.4284374
     ],
     [
      -122.6379573,
      45.4283825
     ],
     [
      -122.6380155,
      45.4283277
     ],
     [
      -122.6380727,
      45.4282732
     ],
     [
      -122.638127,
      45.4282178
     ],
     [
      -122.6381786,
      45.4281612
     ],
     [
      -122.6382274,
      45.4281034
     ],
     [
      -122.6382733,
      45.4280444
     ],
     [
      -122.6383164,
      45.4279843
     ],
     [
      -122.6383565,
      45.4279233
     ],
     [
      -122.6383952,
      45.4278607
     ],
     [
      -122.6384339,
      45.4277979
     ],
     [
      -122.6384726,
      45.4277351
     ],
     [
      -122.6385113,
      45.4276723
     ],
     [
      -122.63855,
      45.4276094
     ],
     [
      -122.6385888,
      45.4275466
     ],
     [
      -122.6386275,
      45.4274838
     ],
     [
      -122.6386662,
      45.427421
     ],
     [
      -122.6387049,
      45.4273582
     ],
     [
      -122.6387436,
      45.4272954
     ],
     [
      -122.6387823,
      45.4272326
     ],
     [
      -122.6388211,
      45.4271698
     ],
     [
      -122.6388598,
      45.4271069
     ],
     [
      -122.6388985,
      45.4270441
     ],
     [
      -122.6389372,
      45.4269813
     ],
     [
      -122.6389759,
      45.4269185
     ],
     [
      -122.6390146,
      45.4268557
     ],
     [
      -122.6390533,
      45.4267929
     ],
     [
      -122.6390921,
      45.4267301
     ],
     [
      -122.6391308,
      45.4266673
     ],
     [
      -122.6391695,
      45.4266044
     ],
     [
      -122.6392082,
      45.4265416
     ],
     [
      -122.6392469,
      45.4264788
     ],
     [
      -122.6392856,
      45.426416
     ],
     [
      -122.6393243,
      45.4263532
     ],
     [
      -122.6393631,
      45.4262904
     ],
     [
      -122.6394018,
      45.4262276
     ],
     [
      -122.6394405,
      45.4261648
     ],
     [
      -122.6394792,
      45.4261019
     ],
     [
      -122.6395179,
      45.4260391
     ],
     [
      -122.6395566,
      45.4259763
     ],
     [
      -122.6395953,
      45.4259135
     ],
     [
      -122.6396341,
      45.4258507
     ],
     [
      -122.6396728,
      45.4257879
     ],
     [
      -122.6397115,
      45.4257251
     ],
     [
      -122.6397502,
      45.4256622
     ],
     [
      -122.6397889,
      45.4255994
     ],
     [
      -122.6398276,
      45.4255366
     ],
     [
      -122.6398663,
      45.4254738
     ],
     [
      -122.639905,
      45.425411
     ],
     [
      -122.6399438,
      45.4253482
     ],
     [
      -122.6399825,
      45.4252854
     ],
     [
      -122.6400212,
      45.4252226
     ],
     [
      -122.6400599,
      45.4251597
     ],
     [
      -122.6400986,
      45.4250969
     ],
     [
      -122.6401373,
      45.4250341
     ],
     [
      -122.640176,
      45.4249713
     ],
     [
      -122.6402147,
      45.4249085
     ],
     [
      -122.6402535,
      45.4248457
     ],
     [
      -122.6402922,
      45.4247829
     ],
     [
      -122.6403309,
      45.4247201
     ],
     [
      -122.6403696,
      45.4246572
     ],
     [
      -122.6404083,
      45.4245944
     ],
     [
      -122.640447,
      45.4245316
     ],
     [
      -122.6404857,
      45.4244688
     ],
     [
      -122.6405244,
      45.424406
     ],
     [
      -122.6405631,
      45.4243432
     ],
     [
      -122.6406019,
      45.4242804
     ],
     [
      -122.6406406,
      45.4242175
     ],
     [
      -122.6406793,
      45.4241547
     ],
     [
      -122.640718,
      45.4240919
     ],
     [
      -122.6407567,
      45.4240291
     ],
     [
      -122.6407954,
      45.4239663
     ],
     [
      -122.6408341,
      45.4239035
     ],
     [
      -122.6408728,
      45.4238407
     ],
     [
      -122.6409115,
      45.4237779
     ],
     [
      -122.6409503,
      45.423715
     ],
     [
      -122.640989,
      45.4236522
     ],
     [
      -122.6410277,
      45.4235894
     ],
     [
      -122.6410664,
      45.4235266
     ],
     [
      -122.6411051,
      45.4234638
     ],
     [
      -122.6411438,
      45.423401
     ],
     [
      -122.6411825,
      45.4233382
     ],
     [
      -122.6412212,
      45.4232753
     ],
     [
      -122.6412599,
      45.4232125
     ],
     [
      -122.6412978,
      45.4231495
     ],
     [
      -122.6413338,
      45.4230859
     ],
     [
      -122.6413681,
      45.4230219
     ],
     [
      -122.6414006,
      45.4229574
     ],
     [
      -122.6414313,
      45.4228924
     ],
     [
      -122.6414602,
      45.4228271
     ],
     [
      -122.6414872,
      45.4227613
     ],
     [
      -122.6415124,
      45.4226952
     ],
     [
      -122.6415358,
      45.4226288
     ],
     [
      -122.6415573,
      45.422562
     ],
     [
      -122.641577,
      45.422495
     ],
     [
      -122.6415948,
      45.4224277
     ],
     [
      -122.6416107,
      45.4223602
     ],
     [
      -122.6416247,
      45.4222925
     ],
     [
      -122.6416369,
      45.4222246
     ],
     [
      -122.6416471,
      45.4221565
     ],
     [
      -122.6416555,
      45.4220883
     ],
     [
      -122.641662,
      45.42202
     ],
     [
      -122.6416665,
      45.4219516
     ],
     [
      -122.6416692,
      45.4218832
     ],
     [
      -122.6416699,
      45.4218148
     ],
     [
      -122.6416697,
      45.4217463
     ],
     [
      -122.6416695,
      45.4216778
     ],
     [
      -122.6416693,
      45.4216093
     ],
     [
      -122.6416691,
      45.4215408
     ],
     [
      -122.6416689,
      45.4214723
     ],
     [
      -122.6416687,
      45.4214038
     ],
     [
      -122.6416685,
      45.4213353
     ],
     [
      -122.6416683,
      45.4212668
     ],
     [
      -122.6416681,
      45.4211983
     ],
     [
      -122.6416679,
      45.4211298
     ],
     [
      -122.6416677,
      45.4210613
     ],
     [
      -122.6416675,
      45.4209928
     ],
     [
      -122.6416673,
      45.4209243
     ],
     [
      -122.6416671,
      45.4208558
     ],
     [
      -122.6416669,
      45.4207873
     ],
     [
      -122.6416667,
      45.4207188
     ],
     [
      -122.6416665,
      45.4206503
     ],
     [
      -122.6416663,
      45.4205818
     ],
     [
      -122.6416661,
      45.4205133
     ],
     [
      -122.6416659,
      45.4204448
     ],
     [
      -122.6416657,
      45.4203763
     ],
     [
      -122.6416655,
      45.4203078
     ],
     [
      -122.6416653,
      45.4202393
     ],
     [
      -122.6416651,
      45.4201708
     ],
     [
      -122.6416649,
      45.4201023
     ],
     [
      -122.6416647,
      45.4200338
     ],
     [
      -122.6416645,
      45.4199653
     ],
     [
      -122.6416643,
      45.4198968
     ],
     [
      -122.6416641,
      45.4198283
     ],
     [
      -122.6416639,
      45.4197598
     ],
     [
      -122.6416637,
      45.4196913
     ],
     [
      -122.6416635,
      45.4196228
     ],
     [
      -122.6416633,
      45.4195543
     ],
     [
      -122.6416631,
      45.4194858
     ],
     [
      -122.6416629,
      45.4194173
     ],
     [
      -122.6416627,
      45.4193488
     ],
     [
      -122.6416625,
      45.4192803
     ],
     [
      -122.6416623,
      45.4192118
     ],
     [
      -122.6416621,
      45.4191433
     ],
     [
      -122.6416619,
      45.4190748
     ],
     [
      -122.6416617,
      45.4190063
     ],
     [
      -122.6416615,
      45.4189378
     ],
     [
      -122.6416613,
      45.4188693
     ],
     [
      -122.6416611,
      45.4188008
     ],
     [
      -122.6416609,
      45.4187323
     ],
     [
      -122.6416607,
      45.4186638
     ],
     [
      -122.6416605,
      45.4185953
     ],
     [
      -122.6416603,
      45.4185268
     ],
     [
      -122.6416601,
      45.4184583
     ],
     [
      -122.6416599,
      45.4183898
     ],
     [
      -122.6416597,
      45.4183213
     ],
     [
      -122.6416595,
      45.4182528
     ],
     [
      -122.6416593,
      45.4181843
     ],
     [
      -122.6416591,
      45.4181158
     ],
     [
      -122.6416589,
      45.4180473
     ],
     [
      -122.6416587,
      45.4179788
     ],
     [
      -122.6416585,
      45.4179103
     ],
     [
      -122.6416583,
      45.4178418
     ],
     [
      -122.6416581,
      45.4177733
     ],
     [
      -122.6416579,
      45.4177048
     ],
     [
      -122.6416577,
      45.4176363
     ],
     [
      -122.6416575,
      45.4175678
     ],
     [
      -122.6416573,
      45.4174993
     ],
     [
      -122.6416571,
      45.4174308
     ],
     [
      -122.6416569,
      45.4173623
     ],
     [
      -122.6416567,
      45.4172938
     ],
     [
      -122.6416565,
      45.4172253
     ],
     [
      -122.6416563,
      45.4171568
     ],
     [
      -122.6416561,
      45.4170883
     ],
     [
      -122.6416559,
      45.4170198
     ],
     [
      -122.6416557,
      45.4169513
     ],
     [
      -122.6416555,
      45.4168828
     ],
     [
      -122.6416553,
      45.4168143
     ],
     [
      -122.6416551,
      45.4167458
     ],
     [
      -122.6416549,
      45.4166773
     ],
     [
      -122.6416547,
      45.4166088
     ],
     [
      -122.6416545,
      45.4165403
     ],
     [
      -122.6416543,
      45.4164718
     ],
     [
      -122.6416541,
      45.4164033
     ],
     [
      -122.6416539,
      45.4163348
     ],
     [
      -122.6416537,
      45.4162663
     ],
     [
      -122.6416535,
      45.4161978
     ],
     [
      -122.6416533,
      45.4161293
     ],
     [
      -122.6416531,
      45.4160608
     ],
     [
      -122.6416529,
      45.4159923
     ],
     [
      -122.6416527,
      45.4159238
     ],
     [
      -122.6416525,
      45.4158553
     ],
     [
      -122.6416523,
      45.4157868
     ],
     [
      -122.6416521,
      45.4157183
     ],
     [
      -122.6416519,
      45.4156498
     ],
     [
      -122.6416517,
      45.4155813
     ],
     [
      -122.6416515,
      45.4155128
     ],
     [
      -122.6416513,
      45.4154443
     ],
     [
      -122.6416511,
      45.4153758
     ],
     [
      -122.6416509,
      45.4153073
     ],
     [
      -122.6416507,
      45.4152388
     ],
     [
      -122.6416505,
      45.4151703
     ],
     [
      -122.6416503,
      45.4151018
     ],
     [
      -122.6416501,
      45.4150333
     ],
     [
      -122.6416499,
      45.4149648
     ],
     [
      -122.6416497,
      45.4148963
     ],
     [
      -122.6416495,
      45.4148278
     ],
     [
      -122.6416493,
      45.4147593
     ],
     [
      -122.6416491,
      45.4146908
     ],
     [
      -122.6416489,
      45.4146223
     ],
     [
      -122.6416487,
      45.4145538
     ],
     [
      -122.6416485,
      45.4144853
     ],
     [
      -122.6416483,
      45.4144168
     ],
     [
      -122.6416481,
      45.4143483
     ],
     [
      -122.6416479,
      45.4142798
     ],
     [
      -122.6416477,
      45.4142113
     ],
     [
      -122.6416475,
      45.4141428
     ],
     [
      -122.6416473,
      45.4140743
     ],
     [
      -122.6416471,
      45.4140058
     ],
     [
      -122.6416469,
      45.4139373
     ],
     [
      -122.6416467,
      45.4138688
     ],
     [
      -122.6416465,
      45.4138003
     ],
     [
      -122.6416463,
      45.4137318
     ],
     [
      -122.6416461,
      45.4136633
     ],
     [
      -122.6416459,
      45.4135948
     ],
     [
      -122.6416457,
      45.4135263
     ],
     [
      -122.6416455,
      45.4134578
     ],
     [
      -122.6416453,
      45.4133893
     ],
     [
      -122.6416447,
      45.413321
     ],
     [
      -122.64164,
      45.4132531
     ],
     [
      -122.6416303,
      45.4131855
     ],
     [
      -122.6416157,
      45.4131183
     ],
     [
      -122.6415961,
      45.4130517
     ],
     [
      -122.6415716,
      45.412986
     ],
     [
      -122.6415424,
      45.4129212
     ],
     [
      -122.6415084,
      45.4128575
     ],
     [
      -122.6414698,
      45.4127952
     ],
     [
      -122.6414267,
      45.4127344
     ],
     [
      -122.6413791,
      45.4126753
     ],
     [
      -122.6413273,
      45.4126179
     ],
     [
      -122.6412713,
      45.4125625
     ],
     [
      -122.6412113,
      45.4125093
     ],
     [
      -122.6411475,
      45.4124582
     ],
     [
      -122.6410824,
      45.4124077
     ],
     [
      -122.6410172,
      45.4123572
     ],
     [
      -122.6409521,
      45.4123068
     ],
     [
      -122.6408869,
      45.4122563
     ],
     [
      -122.6408218,
      45.4122058
     ],
     [
      -122.6407566,
      45.4121554
     ],
     [
      -122.6406914,
      45.4121049
     ],
     [
      -122.6406263,
      45.4120544
     ],
     [
      -122.6405611,
      45.412004
     ],
     [
      -122.640496,
      45.4119535
     ],
     [
      -122.6404308,
      45.411903
     ],
     [
      -122.6403657,
      45.4118526
     ],
     [
      -122.6403005,
      45.4118021
     ],
     [
      -122.6402353,
      45.4117516
     ],
     [
      -122.6401702,
      45.4117011
     ],
     [
      -122.640105,
      45.4116507
     ],
     [
      -122.6400399,
      45.4116002
     ],
     [
      -122.6399747,
      45.4115497
     ],
     [
      -122.6399096,
      45.4114993
     ],
     [
      -122.6398444,
      45.4114488
     ],
     [
      -122.6397792,
      45.4113983
     ],
     [
      -122.6397141,
      45.4113479
     ],
     [
      -122.6396489,
      45.4112974
     ],
     [
      -122.6395838,
      45.4112469
     ],
     [
      -122.6395186,
      45.4111965
     ],
     [
      -122.6394535,
      45.411146
     ],
     [
      -122.6393883,
      45.4110955
     ],
     [
      -122.6393232,
      45.411045
     ],
     [
      -122.639258,
      45.4109946
     ],
     [
      -122.6391928,
      45.4109441
     ],
     [
      -122.6391277,
      45.4108936
     ],
     [
      -122.6390625,
      45.4108432
     ],
     [
      -122.6389974,
      45.4107927
     ],
     [
      -122.6389322,
      45.4107422
     ],
     [
      -122.6388671,
      45.4106918
     ],
     [
      -122.6388018,
      45.4106409
     ],
     [
      -122.6387372,
      45.4105897
     ],
     [
      -122.6386731,
      45.410538
     ],
     [
      -122.6386097,
      45.410486
     ],
     [
      -122.638547,
      45.4104336
     ],
     [
      -122.6384849,
      45.4103808
     ],
     [
      -122.6384235,
      45.4103276
     ],
     [
      -122.6383627,
      45.410274
     ],
     [
      -122.6383026,
      45.4102201
     ],
     [
      -122.6382432,
      45.4101658
     ],
     [
      -122.6381842,
      45.4101112
     ],
     [
      -122.6381253,
      45.4100567
     ],
     [
      -122.6380663,
      45.4100022
     ],
     [
      -122.6380074,
      45.4099476
     ],
     [
      -122.6379485,
      45.4098931
     ],
     [
      -122.6378895,
      45.4098386
     ],
     [
      -122.6378306,
      45.409784
     ],
     [
      -122.6377716,
      45.4097295
     ],
     [
      -122.6377127,
      45.409675
     ],
     [
      -122.6376538,
      45.4096204
     ],
     [
      -122.6375948,
      45.4095659
     ],
     [
      -122.6375359,
      45.4095114
     ],
     [
      -122.637477,
      45.4094568
     ],
     [
      -122.637418,
      45.4094023
     ],
     [
      -122.6373591,
      45.4093478
     ],
     [
      -122.6373002,
      45.4092932
     ],
     [
      -122.6372412,
      45.4092387
     ],
     [
      -122.6371823,
      45.4091842
     ],
     [
      -122.6371234,
      45.4091296
     ],
     [
      -122.6370644,
      45.4090751
     ],
     [
      -122.6370055,
      45.4090206
     ],
     [
      -122.6369466,
      45.408966
     ],
     [
      -122.6368876,
      45.4089115
     ],
     [
      -122.6368287,
      45.408857
     ],
     [
      -122.6367698,
      45.4088024
     ],
     [
      -122.6367108,
      45.4087479
     ],
     [
      -122.6366519,
      45.4086934
     ],
     [
      -122.636593,
      45.4086388
     ],
     [
      -122.636534,
      45.4085843
     ],
     [
      -122.6364751,
      45.4085298
     ],
     [
      -122.6364162,
      45.4084752
     ],
     [
      -122.6363572,
      45.4084207
     ],
     [
      -122.6362983,
      45.4083662
     ],
     [
      -122.6362394,
      45.4083116
     ],
     [
      -122.6361804,
      45.4082571
     ],
     [
      -122.6361215,
      45.4082026
     ],
     [
      -122.6360626,
      45.408148
     ],
     [
      -122.6360036,
      45.4080935
     ],
     [
      -122.6359447,
      45.408039
     ],
     [
      -122.6358858,
      45.4079844
     ],
     [
      -122.6358268,
      45.4079299
     ],
     [
      -122.6357679,
      45.4078754
     ],
     [
      -122.635709,
      45.4078208
     ],
     [
      -122.63565,
      45.4077663
     ],
     [
      -122.6355911,
      45.4077118
     ],
     [
      -122.6355322,
      45.4076572
     ],
     [
      -122.6354732,
      45.4076027
     ],
     [
      -122.6354143,
      45.4075482
     ],
     [
      -122.6353554,
      45.4074936
     ],
     [
      -122.6352964,
      45.4074391
     ],
     [
      -122.6352375,
      45.4073846
     ],
     [
      -122.6351786,
      45.40733
     ],
     [
      -122.6351197,
      45.4072755
     ],
     [
      -122.6350607,
      45.4072209
     ],
     [
      -122.6350018,
      45.4071664
     ],
     [
      -122.6349429,
      45.4071119
     ],
     [
      -122.6348839,
      45.4070573
     ],
     [
      -122.634825,
      45.4070028
     ],
     [
      -122.6347661,
      45.4069483
     ],
     [
      -122.6347071,
      45.4068937
     ],
     [
      -122.6346482,
      45.4068392
     ],
     [
      -122.6345893,
      45.4067847
     ],
     [
      -122.6345304,
      45.4067301
     ],
     [
      -122.6344714,
      45.4066756
     ],
     [
      -122.6344125,
      45.4066211
     ],
     [
      -122.6343536,
      45.4065665
     ],
     [
      -122.6342946,
      45.406512
     ],
     [
      -122.6342357,
      45.4064575
     ],
     [
      -122.6341768,
      45.4064029
     ],
     [
      -122.6341178,
      45.4063484
     ],
     [
      -122.6340589,
      45.4062939
     ],
     [
      -122.634,
      45.4062393
     ],
     [
      -122.6339411,
      45.4061848
     ],
     [
      -122.6338821,
      45.4061302
     ],
     [
      -122.6338232,
      45.4060757
     ],
     [
      -122.6337643,
      45.4060212
     ],
     [
      -122.6337053,
      45.4059666
     ],
     [
      -122.6336464,
      45.4059121
     ],
     [
      -122.6335875,
      45.4058576
     ],
     [
      -122.6335286,
      45.405803
     ],
     [
      -122.6334696,
      45.4057485
     ],
     [
      -122.6334107,
      45.405694
     ],
     [
      -122.6333518,
      45.4056394
     ],
     [
      -122.6332929,
      45.4055849
     ],
     [
      -122.6332339,
      45.4055304
     ],
     [
      -122.633175,
      45.4054758
     ],
     [
      -122.6331161,
      45.4054213
     ],
     [
      -122.6330571,
      45.4053667
     ],
     [
      -122.6329982,
      45.4053122
     ],
     [
      -122.6329393,
      45.4052577
     ],
     [
      -122.6328804,
      45.4052031
     ],
     [
      -122.6328214,
      45.4051486
     ],
     [
      -122.6327625,
      45.4050941
     ],
     [
      -122.6327036,
      45.4050395
     ],
     [
      -122.6326447,
      45.404985
     ],
     [
      -122.6325857,
      45.4049305
     ],
     [
      -122.6325268,
      45.4048759
     ],
     [
      -122.6324679,
      45.4048214
     ],
     [
      -122.632409,
      45.4047669
     ],
     [
      -122.63235,
      45.4047123
     ],
     [
      -122.6322911,
      45.4046578
     ],
     [
      -122.6322322,
      45.4046032
     ],
     [
      -122.6321733,
      45.4045487
     ],
     [
      -122.6321143,
      45.4044942
     ],
     [
      -122.6320554,
      45.4044396
     ],
     [
      -122.6319965,
      45.4043851
     ],
     [
      -122.6319376,
      45.4043306
     ],
     [
      -122.6318786,
      45.404276
     ],
     [
      -122.6318197,
      45.4042215
     ],
     [
      -122.6317608,
      45.404167
     ],
     [
      -122.6317019,
      45.4041124
     ],
     [
      -122.6316429,
      45.4040583
     ],
     [
      -122.6315833,
      45.4040046
     ],
     [
      -122.631523,
      45.4039513
     ],
     [
      -122.6314621,
      45.4038983
     ],
     [
      -122.6314005,
      45.4038457
     ],
     [
      -122.6313383,
      45.4037935
     ],
     [
      -122.6312754,
      45.4037416
     ],
     [
      -122.6312119,
      45.4036902
     ],
     [
      -122.6311478,
      45.4036391
     ],
     [
      -122.631083,
      45.4035884
     ],
     [
      -122.6310176,
      45.4035382
     ],
     [
      -122.6309516,
      45.4034883
     ],
     [
      -122.630885,
      45.4034388
     ],
     [
      -122.6308178,
      45.4033898
     ],
     [
      -122.63075,
      45.4033411
     ],
     [
      -122.6306815,
      45.4032929
     ],
     [
      -122.6306125,
      45.4032451
     ],
     [
      -122.6305429,
      45.4031976
     ],
     [
      -122.6304728,
      45.4031502
     ],
     [
      -122.6304028,
      45.4031027
     ],
     [
      -122.6303327,
      45.4030553
     ],
     [
      -122.6302626,
      45.4030078
     ],
     [
      -122.6301926,
      45.4029604
     ],
     [
      -122.6301225,
      45.4029129
     ],
     [
      -122.6300524,
      45.4028654
     ],
     [
      -122.6299824,
      45.402818
     ],
     [
      -122.6299123,
      45.4027705
     ],
     [
      -122.6298422,
      45.4027231
     ],
     [
      -122.6297722,
      45.4026756
     ],
     [
      -122.6297021,
      45.4026281
     ],
     [
      -122.629632,
      45.4025807
     ],
     [
      -122.629562,
      45.4025332
     ],
     [
      -122.6294919,
      45.4024858
     ],
     [
      -122.6294219,
      45.4024383
     ],
     [
      -122.6293518,
      45.4023908
     ],
     [
      -122.6292817,
      45.4023434
     ],
     [
      -122.6292117,
      45.4022959
     ],
     [
      -122.6291416,
      45.4022485
     ],
     [
      -122.6290715,
      45.402201
     ],
     [
      -122.6290015,
      45.4021536
     ],
     [
      -122.6289314,
      45.4021061
     ],
     [
      -122.6288613,
      45.4020586
     ],
     [
      -122.6287913,
      45.4020112
     ],
     [
      -122.6287212,
      45.4019637
     ],
     [
      -122.6286512,
      45.4019163
     ],
     [
      -122.6285811,
      45.4018688
     ],
     [
      -122.628511,
      45.4018213
     ],
     [
      -122.628441,
      45.4017739
     ],
     [
      -122.6283709,
      45.4017264
     ],
     [
      -122.6283009,
      45.401679
     ],
     [
      -122.6282308,
      45.4016315
     ],
     [
      -122.6281607,
      45.401584
     ],
     [
      -122.6280907,
      45.4015366
     ],
     [
      -122.6280206,
      45.4014891
     ],
     [
      -122.6279505,
      45.4014417
     ],
     [
      -122.6278805,
      45.4013942
     ],
     [
      -122.6278104,
      45.4013467
     ],
     [
      -122.6277404,
      45.4012993
     ],
     [
      -122.6276703,
      45.4012518
     ],
     [
      -122.6276002,
      45.4012044
     ],
     [
      -122.6275302,
      45.4011569
     ],
     [
      -122.6274601,
      45.4011094
     ],
     [
      -122.6273901,
      45.401062
     ],
     [
      -122.62732,
      45.4010145
     ],
     [
      -122.6272499,
      45.4009671
     ],
     [
      -122.6271799,
      45.4009196
     ],
     [
      -122.6271098,
      45.4008721
     ],
     [
      -122.6270398,
      45.4008247
     ],
     [
      -122.6269697,
      45.4007772
     ],
     [
      -122.6268996,
      45.4007298
     ],
     [
      -122.6268296,
      45.4006823
     ],
     [
      -122.6267595,
      45.4006348
     ],
     [
      -122.6266895,
      45.4005874
     ],
     [
      -122.6266194,
      45.4005399
     ],
     [
      -122.6265493,
      45.4004925
     ],
     [
      -122.6264793,
      45.400445
     ],
     [
      -122.6264092,
      45.4003975
     ],
     [
      -122.6263392,
      45.4003501
     ],
     [
      -122.6262691,
      45.4003026
     ],
     [
      -122.6261991,
      45.4002552
     ],
     [
      -122.626129,
      45.4002077
     ],
     [
      -122.6260589,
      45.4001602
     ],
     [
      -122.6259889,
      45.4001128
     ],
     [
      -122.6259188,
      45.4000653
     ],
     [
      -122.6258488,
      45.4000179
     ],
     [
      -122.6257787,
      45.3999704
     ],
     [
      -122.6257087,
      45.3999229
     ],
     [
      -122.6256386,
      45.3998755
     ],
     [
      -122.6255685,
      45.399828
     ],
     [
      -122.6254985,
      45.3997806
     ],
     [
      -122.6254284,
      45.3997331
     ],
     [
      -122.6253584,
      45.3996856
     ],
     [
      -122.6252883,
      45.3996382
     ],
     [
      -122.6252183,
      45.3995907
     ],
     [
      -122.6251482,
      45.3995432
     ],
     [
      -122.6250781,
      45.3994958
     ],
     [
      -122.6250081,
      45.3994483
     ],
     [
      -122.624938,
      45.3994009
     ],
     [
      -122.624868,
      45.3993534
     ],
     [
      -122.6247979,
      45.3993059
     ],
     [
      -122.6247279,
      45.3992585
     ],
     [
      -122.6246578,
      45.399211
     ],
     [
      -122.6245878,
      45.3991636
     ],
     [
      -122.6245177,
      45.3991161
     ],
     [
      -122.6244476,
      45.3990686
     ],
     [
      -122.6243776,
      45.3990212
     ],
     [
      -122.6243075,
      45.3989737
     ],
     [
      -122.6242375,
      45.3989262
     ],
     [
      -122.6241674,
      45.3988788
     ],
     [
      -122.6240974,
      45.3988313
     ],
     [
      -122.6240273,
      45.3987839
     ],
     [
      -122.6239573,
      45.3987364
     ],
     [
      -122.6238872,
      45.3986889
     ],
     [
      -122.6238171,
      45.3986415
     ],
     [
      -122.623747,
      45.3985939
     ],
     [
      -122.6236769,
      45.3985464
     ],
     [
      -122.6236067,
      45.3984989
     ],
     [
      -122.6235366,
      45.3984514
     ],
     [
      -122.6234664,
      45.3984039
     ],
     [
      -122.6233963,
      45.3983563
     ],
     [
      -122.6233262,
      45.3983088
     ],
     [
      -122.623256,
      45.3982613
     ],
     [
      -122.6231859,
      45.3982138
     ],
     [
      -122.6231158,
      45.3981663
     ],
     [
      -122.6230456,
      45.3981188
     ],
     [
      -122.6229755,
      45.3980712
     ],
     [
      -122.6229054,
      45.3980237
     ],
     [
      -122.6228352,
      45.3979762
     ],
     [
      -122.6227651,
      45.3979287
     ],
     [
      -122.6226949,
      45.3978812
     ],
     [
      -122.6226248,
      45.3978336
     ],
     [
      -122.6225547,
      45.3977861
     ],
     [
      -122.6224845,
      45.3977386
     ],
     [
      -122.6224144,
      45.3976911
     ],
     [
      -122.6223443,
      45.3976436
     ],
     [
      -122.6222741,
      45.397596
     ],
     [
      -122.622204,
      45.3975485
     ],
     [
      -122.6221339,
      45.397501
     ],
     [
      -122.6220637,
      45.3974535
     ],
     [
      -122.6219936,
      45.397406
     ],
     [
      -122.6219235,
      45.3973584
     ],
     [
      -122.6218533,
      45.3973109
     ],
     [
      -122.6217832,
      45.3972634
     ],
     [
      -122.6217131,
      45.3972159
     ],
     [
      -122.6216429,
      45.3971684
     ],
     [
      -122.6215728,
      45.3971208
     ],
     [
      -122.6215027,
      45.3970733
     ],
     [
      -122.6214325,
      45.3970258
     ],
     [
      -122.6213624,
      45.3969783
     ],
     [
      -122.6212923,
      45.3969308
     ],
     [
      -122.6212221,
      45.3968832
     ],
     [
      -122.621152,
      45.3968357
     ],
     [
      -122.6210819,
      45.3967882
     ],
     [
      -122.6210117,
      45.3967407
     ],
     [
      -122.6209416,
      45.3966932
     ],
     [
      -122.6208715,
      45.3966456
     ],
     [
      -122.6208013,
      45.3965981
     ],
     [
      -122.6207312,
      45.3965506
     ],
     [
      -122.6206611,
      45.3965031
     ],
     [
      -122.6205909,
      45.3964556
     ],
     [
      -122.6205208,
      45.396408
     ],
     [
      -122.6204507,
      45.3963605
     ],
     [
      -122.6203805,
      45.396313
     ],
     [
      -122.6203104,
      45.3962655
     ],
     [
      -122.6202403,
      45.3962179
     ],
     [
      -122.6201701,
      45.3961704
     ],
     [
      -122.6201,
      45.3961229
     ],
     [
      -122.6200299,
      45.3960754
     ],
     [
      -122.6199597,
      45.3960279
     ],
     [
      -122.6198896,
      45.3959803
     ],
     [
      -122.6198195,
      45.3959328
     ],
     [
      -122.6197494,
      45.3958853
     ],
     [
      -122.6196792,
      45.3958378
     ],
     [
      -122.6196091,
      45.3957903
     ],
     [
      -122.619539,
      45.3957427
     ],
     [
      -122.6194688,
      45.3956952
     ],
     [
      -122.6193987,
      45.3956477
     ],
     [
      -122.6193286,
      45.3956002
     ],
     [
      -122.6192584,
      45.3955527
     ],
     [
      -122.6191883,
      45.3955051
     ],
     [
      -122.6191182,
      45.3954576
     ],
     [
      -122.6190481,
      45.3954101
     ],
     [
      -122.6189779,
      45.3953626
     ],
     [
      -122.6189078,
      45.395315
     ],
     [
      -122.6188377,
      45.3952675
     ],
     [
      -122.6187675,
      45.39522
     ],
     [
      -122.6186974,
      45.3951725
     ],
     [
      -122.6186273,
      45.395125
     ],
     [
      -122.6185571,
      45.3950774
     ],
     [
      -122.618487,
      45.3950299
     ],
     [
      -122.6184169,
      45.3949824
     ],
     [
      -122.6183468,
      45.3949349
     ],
     [
      -122.6182766,
      45.3948873
     ],
     [
      -122.6182065,
      45.3948398
     ],
     [
      -122.6181364,
      45.3947923
     ],
     [
      -122.6180662,
      45.3947448
     ],
     [
      -122.6179961,
      45.3946973
     ],
     [
      -122.617926,
      45.3946497
     ],
     [
      -122.6178559,
      45.3946022
     ],
     [
      -122.6177857,
      45.3945547
     ],
     [
      -122.6177156,
      45.3945072
     ],
     [
      -122.6176455,
      45.3944596
     ],
     [
      -122.6175754,
      45.3944121
     ],
     [
      -122.6175052,
      45.3943646
     ],
     [
      -122.6174351,
      45.3943171
     ],
     [
      -122.617365,
      45.3942696
     ],
     [
      -122.6172948,
      45.394222
     ],
     [
      -122.6172247,
      45.3941745
     ],
     [
      -122.6171546,
      45.394127
     ],
     [
      -122.6170845,
      45.3940795
     ],
     [
      -122.6170143,
      45.3940319
     ],
     [
      -122.6169442,
      45.3939844
     ],
     [
      -122.6168741,
      45.3939369
     ],
     [
      -122.616804,
      45.3938894
     ],
     [
      -122.6167338,
      45.3938418
     ],
     [
      -122.6166637,
      45.3937943
     ],
     [
      -122.6165936,
      45.3937468
     ],
     [
      -122.6165235,
      45.3936993
     ],
     [
      -122.6164533,
      45.3936518
     ],
     [
      -122.6163832,
      45.3936042
     ],
     [
      -122.6163131,
      45.3935567
     ],
     [
      -122.616243,
      45.3935092
     ],
     [
      -122.6161728,
      45.3934617
     ],
     [
      -122.6161027,
      45.3934141
     ],
     [
      -122.6160326,
      45.3933666
     ],
     [
      -122.6159625,
      45.3933191
     ],
     [
      -122.6158923,
      45.3932716
     ],
     [
      -122.6158222,
      45.393224
     ],
     [
      -122.6157521,
      45.3931765
     ],
     [
      -122.615682,
      45.393129
     ],
     [
      -122.6156118,
      45.3930815
     ],
     [
      -122.6155417,
      45.3930339
     ],
     [
      -122.6154716,
      45.3929864
     ],
     [
      -122.6154015,
      45.3929389
     ],
     [
      -122.6153314,
      45.3928914
     ],
     [
      -122.6152612,
      45.3928439
     ],
     [
      -122.6151911,
      45.3927963
     ],
     [
      -122.615121,
      45.3927488
     ],
     [
      -122.6150509,
      45.3927013
     ],
     [
      -122.6149807,
      45.3926538
     ],
     [
      -122.6149106,
      45.3926062
     ],
     [
      -122.6148405,
      45.3925587
     ],
     [
      -122.6147704,
      45.3925112
     ],
     [
      -122.6147002,
      45.3924637
     ],
     [
      -122.6146301,
      45.3924161
     ],
     [
      -122.61456,
      45.3923686
     ],
     [
      -122.6144899,
      45.3923211
     ],
     [
      -122.6144198,
      45.3922736
     ],
     [
      -122.6143496,
      45.392226
     ],
     [
      -122.6142795,
      45.3921785
     ],
     [
      -122.6142094,
      45.392131
     ],
     [
      -122.6141393,
      45.3920835
     ],
     [
      -122.6140691,
      45.3920359
     ],
     [
      -122.613999,
      45.3919884
     ],
     [
      -122.6139289,
      45.3919409
     ],
     [
      -122.6138588,
      45.3918934
     ],
     [
      -122.6137887,
      45.3918458
     ],
     [
      -122.6137185,
      45.3917983
     ],
     [
      -122.6136484,
      45.3917508
     ],
     [
      -122.6135783,
      45.3917033
     ],
     [
      -122.6135082,
      45.3916557
     ],
     [
      -122.6134381,
      45.3916082
     ],
     [
      -122.6133679,
      45.3915607
     ],
     [
      -122.6132978,
      45.3915132
     ],
     [
      -122.6132277,
      45.3914656
     ],
     [
      -122.6131576,
      45.3914181
     ],
     [
      -122.6130875,
      45.3913706
     ],
     [
      -122.6130173,
      45.3913231
     ],
     [
      -122.6129472,
      45.3912755
     ],
     [
      -122.6128771,
      45.391228
     ],
     [
      -122.612807,
      45.3911805
     ],
     [
      -122.6127369,
      45.391133
     ],
     [
      -122.6126667,
      45.3910854
     ],
     [
      -122.6125966,
      45.3910379
     ],
     [
      -122.6125265,
      45.3909904
     ],
     [
      -122.6124564,
      45.3909429
     ],
     [
      -122.6123863,
      45.3908953
     ],
     [
      -122.6123162,
      45.3908478
     ],
     [
      -122.612246,
      45.3908003
     ],
     [
      -122.6121759,
      45.3907528
     ],
     [
      -122.6121058,
      45.3907052
     ],
     [
      -122.6120357,
      45.3906577
     ],
     [
      -122.6119656,
      45.3906102
     ],
     [
      -122.6118954,
      45.3905627
     ],
     [
      -122.6118253,
      45.3905151
     ],
     [
      -122.6117552,
      45.3904676
     ],
     [
      -122.6116851,
      45.3904201
     ],
     [
      -122.611615,
      45.3903725
     ],
     [
      -122.6115449,
      45.390325
     ],
     [
      -122.6114747,
      45.3902775
     ],
     [
      -122.6114046,
      45.39023
     ],
     [
      -122.6113345,
      45.3901824
     ],
     [
      -122.6112644,
      45.3901349
     ],
     [
      -122.6111943,
      45.3900874
     ],
     [
      -122.6111242,
      45.3900399
     ],
     [
      -122.611054,
      45.3899923
     ],
     [
      -122.6109839,
      45.3899448
     ],
     [
      -122.6109138,
      45.3898973
     ],
     [
      -122.6108437,
      45.3898498
     ],
     [
      -122.6107736,
      45.3898022
     ],
     [
      -122.6107035,
      45.3897547
     ],
     [
      -122.6106333,
      45.3897072
     ],
     [
      -122.6105632,
      45.3896596
     ],
     [
      -122.6104931,
      45.3896121
     ],
     [
      -122.610423,
      45.3895646
     ],
     [
      -122.6103529,
      45.3895171
     ],
     [
      -122.6102828,
      45.3894695
     ],
     [
      -122.6102127,
      45.389422
     ],
     [
      -122.6101425,
      45.3893745
     ],
     [
      -122.6100724,
      45.389327
     ],
     [
      -122.6100023,
      45.3892794
     ],
     [
      -122.6099322,
      45.3892319
     ],
     [
      -122.6098621,
      45.3891844
     ],
     [
      -122.609792,
      45.3891368
     ],
     [
      -122.6097219,
      45.3890893
     ],
     [
      -122.6096517,
      45.3890418
     ],
     [
      -122.6095816,
      45.3889943
     ],
     [
      -122.6095115,
      45.3889467
     ],
     [
      -122.6094414,
      45.3888992
     ],
     [
      -122.6093713,
      45.3888517
     ],
     [
      -122.6093012,
      45.3888042
     ],
     [
      -122.6092311,
      45.3887566
     ],
     [
      -122.6091609,
      45.3887091
     ],
     [
      -122.6090908,
      45.3886616
     ],
     [
      -122.6090207,
      45.388614
     ],
     [
      -122.6089506,
      45.3885665
     ],
     [
      -122.6088805,
      45.388519
     ],
     [
      -122.6088104,
      45.3884715
     ],
     [
      -122.6087403,
      45.3884239
     ],
     [
      -122.6086702,
      45.3883764
     ],
     [
      -122.6086,
      45.3883289
     ],
     [
      -122.6085299,
      45.3882813
     ],
     [
      -122.6084598,
      45.3882338
     ],
     [
      -122.6083897,
      45.3881863
     ],
     [
      -122.6083196,
      45.3881388
     ],
     [
      -122.6082495,
      45.3880912
     ],
     [
      -122.6081794,
      45.3880437
     ],
     [
      -122.6081093,
      45.3879962
     ],
     [
      -122.6080392,
      45.3879486
     ],
     [
      -122.607969,
      45.3879011
     ],
     [
      -122.6078989,
      45.3878536
     ],
     [
      -122.6078288,
      45.3878061
     ],
     [
      -122.6077587,
      45.3877585
     ],
     [
      -122.6076886,
      45.387711
     ],
     [
      -122.6076185,
      45.3876635
     ],
     [
      -122.6075484,
      45.3876159
     ],
     [
      -122.6074783,
      45.3875684
     ],
     [
      -122.6074082,
      45.3875209
     ],
     [
      -122.607338,
      45.3874734
     ],
     [
      -122.6072679,
      45.3874258
     ],
     [
      -122.6071978,
      45.3873783
     ],
     [
      -122.6071277,
      45.3873308
     ],
     [
      -122.6070576,
      45.3872832
     ],
     [
      -122.6069875,
      45.3872357
     ],
     [
      -122.6069174,
      45.3871882
     ],
     [
      -122.6068473,
      45.3871407
     ],
     [
      -122.6067772,
      45.3870931
     ],
     [
      -122.6067071,
      45.3870456
     ],
     [
      -122.606637,
      45.3869981
     ],
     [
      -122.6065668,
      45.3869505
     ],
     [
      -122.6064967,
      45.386903
     ],
     [
      -122.6064266,
      45.3868555
     ],
     [
      -122.6063565,
      45.386808
     ],
     [
      -122.6062864,
      45.3867604
     ],
     [
      -122.6062163,
      45.3867129
     ],
     [
      -122.6061462,
      45.3866654
     ],
     [
      -122.6060761,
      45.3866178
     ],
     [
      -122.606006,
      45.3865703
     ],
     [
      -122.6059359,
      45.3865228
     ],
     [
      -122.6058658,
      45.3864752
     ],
     [
      -122.6057957,
      45.3864277
     ],
     [
      -122.6057255,
      45.3863802
     ],
     [
      -122.6056554,
      45.3863327
     ],
     [
      -122.6055853,
      45.3862851
     ],
     [
      -122.6055152,
      45.3862376
     ],
     [
      -122.6054451,
      45.3861901
     ],
     [
      -122.605375,
      45.3861425
     ],
     [
      -122.6053049,
      45.386095
     ],
     [
      -122.6052348,
      45.3860475
     ],
     [
      -122.6051647,
      45.3859999
     ],
     [
      -122.6050946,
      45.3859524
     ],
     [
      -122.6050245,
      45.3859049
     ],
     [
      -122.6049544,
      45.3858574
     ],
     [
      -122.6048843,
      45.3858098
     ],
     [
      -122.6048142,
      45.3857623
     ],
     [
      -122.6047441,
      45.3857148
     ],
     [
      -122.604674,
      45.3856672
     ],
     [
      -122.6046038,
      45.3856197
     ],
     [
      -122.6045337,
      45.3855722
     ],
     [
      -122.6044636,
      45.3855246
     ],
     [
      -122.6043935,
      45.3854771
     ],
     [
      -122.6043234,
      45.3854296
     ],
     [
      -122.6042533,
      45.385382
     ],
     [
      -122.6041832,
      45.3853345
     ],
     [
      -122.6041131,
      45.385287
     ],
     [
      -122.604043,
      45.3852395
     ],
     [
      -122.6039729,
      45.3851919
     ],
     [
      -122.6039028,
      45.3851444
     ],
     [
      -122.6038327,
      45.3850969
     ],
     [
      -122.6037626,
      45.3850493
     ],
     [
      -122.6036925,
      45.3850018
     ],
     [
      -122.6036224,
      45.3849543
     ],
     [
      -122.6035523,
      45.3849067
     ],
     [
      -122.6034822,
      45.3848592
     ],
     [
      -122.6034121,
      45.3848117
     ],
     [
      -122.603342,
      45.3847641
     ],
     [
      -122.6032719,
      45.3847166
     ],
     [
      -122.6032018,
      45.3846691
     ],
     [
      -122.6031317,
      45.3846215
     ],
     [
      -122.6030616,
      45.384574
     ],
     [
      -122.6029915,
      45.3845265
     ],
     [
      -122.6029214,
      45.384479
     ],
     [
      -122.6028512,
      45.3844317
     ],
     [
      -122.602779,
      45.3843864
     ],
     [
      -122.602704,
      45.3843434
     ],
     [
      -122.6026265,
      45.3843027
     ],
     [
      -122.6025466,
      45.3842644
     ],
     [
      -122.6024644,
      45.3842285
     ],
     [
      -122.60238,
      45.3841952
     ],
     [
      -122.6022937,
      45.3841645
     ],
     [
      -122.6022056,
      45.3841365
     ],
     [
      -122.6021159,
      45.3841112
     ],
     [
      -122.6020247,
      45.3840886
     ],
     [
      -122.6019321,
      45.3840689
     ],
     [
      -122.6018385,
      45.384052
     ],
     [
      -122.6017439,
      45.3840379
     ],
     [
      -122.6016485,
      45.3840268
     ],
     [
      -122.6015526,
      45.3840186
     ],
     [
      -122.6014562,
      45.3840133
     ],
     [
      -122.6013596,
      45.3840109
     ],
     [
      -122.6012628,
      45.3840115
     ],
     [
      -122.6011656,
      45.384013
     ],
     [
      -122.6010685,
      45.3840145
     ],
     [
      -122.6009713,
      45.384016
     ],
     [
      -122.6008742,
      45.3840175
     ],
     [
      -122.600777,
      45.384019
     ],
     [
      -122.6006799,
      45.3840205
     ],
     [
      -122.6005827,
      45.384022
     ],
     [
      -122.6004856,
      45.3840234
     ],
     [
      -122.6003884,
      45.3840249
     ],
     [
      -122.6002912,
      45.3840264
     ],
     [
      -122.6001941,
      45.3840279
     ],
     [
      -122.6000969,
      45.3840294
     ],
     [
      -122.5999998,
      45.3840309
     ],
     [
      -122.5999026,
      45.3840324
     ],
     [
      -122.5998055,
      45.3840339
     ],
     [
      -122.5997083,
      45.3840354
     ],
     [
      -122.5996112,
      45.3840369
     ],
     [
      -122.599514,
      45.3840384
     ],
     [
      -122.5994169,
      45.3840399
     ],
     [
      -122.5993197,
      45.3840414
     ],
     [
      -122.5992226,
      45.3840429
     ],
     [
      -122.5991254,
      45.3840444
     ],
     [
      -122.5990282,
      45.3840459
     ],
     [
      -122.5989311,
      45.3840474
     ],
     [
      -122.5988339,
      45.3840489
     ],
     [
      -122.5987368,
      45.3840504
     ],
     [
      -122.5986396,
      45.3840519
     ],
     [
      -122.5985425,
      45.3840534
     ],
     [
      -122.5984453,
      45.3840549
     ],
     [
      -122.5983482,
      45.3840564
     ],
     [
      -122.598251,
      45.3840579
     ],
     [
      -122.5981539,
      45.3840594
     ],
     [
      -122.5980567,
      45.3840609
     ],
     [
      -122.5979595,
      45.3840623
     ],
     [
      -122.5978626,
      45.3840634
     ],
     [
      -122.5977662,
      45.3840596
     ],
     [
      -122.5976706,
      45.3840499
     ],
     [
      -122.5975765,
      45.3840346
     ],
     [
      -122.5974847,
      45.3840135
     ],
     [
      -122.5973957,
      45.383987
     ],
     [
      -122.5973104,
      45.3839551
     ],
     [
      -122.5972292,
      45.3839182
     ],
     [
      -122.5971529,
      45.3838766
     ],
     [
      -122.5970819,
      45.3838304
     ],
     [
      -122.5970168,
      45.3837801
     ],
     [
      -122.5969582,
      45.3837261
     ],
     [
      -122.5969063,
      45.3836686
     ],
     [
      -122.5968616,
      45.3836083
     ],
     [
      -122.5968205,
      45.3835463
     ],
     [
      -122.5967793,
      45.3834842
     ],
     [
      -122.5967381,
      45.3834222
     ],
     [
      -122.596697,
      45.3833602
     ],
     [
      -122.5966558,
      45.3832982
     ],
     [
      -122.5966146,
      45.3832361
     ],
     [
      -122.5965734,
      45.3831741
     ],
     [
      -122.5965323,
      45.3831121
     ],
     [
      -122.5964911,
      45.38305
     ],
     [
      -122.5964499,
      45.382988
     ],
     [
      -122.5964088,
      45.382926
     ],
     [
      -122.5963676,
      45.382864
     ],
     [
      -122.5963264,
      45.3828019
     ],
     [
      -122.5962853,
      45.3827399
     ],
     [
      -122.5962441,
      45.3826779
     ],
     [
      -122.5962029,
      45.3826158
     ],
     [
      -122.5961617,
      45.3825538
     ],
     [
      -122.5961206,
      45.3824918
     ],
     [
      -122.5960794,
      45.3824298
     ],
     [
      -122.5960382,
      45.3823677
     ],
     [
      -122.5959971,
      45.3823057
     ],
     [
      -122.5959559,
      45.3822437
     ],
     [
      -122.5959147,
      45.3821816
     ],
     [
      -122.5958736,
      45.3821196
     ],
     [
      -122.5958324,
      45.3820576
     ],
     [
      -122.5957912,
      45.3819956
     ],
     [
      -122.59575,
      45.3819335
     ],
     [
      -122.5957089,
      45.3818715
     ],
     [
      -122.5956677,
      45.3818095
     ],
     [
      -122.5956265,
      45.3817475
     ],
     [
      -122.5955854,
      45.3816854
     ],
     [
      -122.5955442,
      45.3816234
     ],
     [
      -122.595503,
      45.3815614
     ],
     [
      -122.5954619,
      45.3814993
     ],
     [
      -122.5954207,
      45.3814373
     ],
     [
      -122.5953795,
      45.3813753
     ],
     [
      -122.5953384,
      45.3813133
     ],
     [
      -122.5952972,
      45.3812512
     ],
     [
      -122.595256,
      45.3811892
     ],
     [
      -122.5952148,
      45.3811272
     ],
     [
      -122.5951737,
      45.3810651
     ],
     [
      -122.5951325,
      45.3810031
     ],
     [
      -122.5950913,
      45.3809411
     ],
     [
      -122.5950502,
      45.3808791
     ],
     [
      -122.595009,
      45.380817
     ],
     [
      -122.5949678,
      45.380755
     ],
     [
      -122.5949267,
      45.380693
     ],
     [
      -122.5948855,
      45.3806309
     ],
     [
      -122.5948443,
      45.3805689
     ],
     [
      -122.5948032,
      45.3805069
     ],
     [
      -122.594762,
      45.3804449
     ],
     [
      -122.5947208,
      45.3803828
     ],
     [
      -122.5946797,
      45.3803208
     ],
     [
      -122.5946385,
      45.3802588
     ],
     [
      -122.5945973,
      45.3801967
     ],
     [
      -122.5945562,
      45.3801347
     ],
     [
      -122.594515,
      45.3800726
     ],
     [
      -122.5944738,
      45.3800106
     ],
     [
      -122.5944326,
      45.3799485
     ],
     [
      -122.5943914,
      45.3798865
     ],
     [
      -122.5943502,
      45.3798244
     ],
     [
      -122.5943091,
      45.3797624
     ],
     [
      -122.5942679,
      45.3797003
     ],
     [
      -122.5942267,
      45.3796383
     ],
     [
      -122.5941855,
      45.3795762
     ],
     [
      -122.5941443,
      45.3795142
     ],
     [
      -122.5941031,
      45.3794521
     ],
     [
      -122.594062,
      45.37939
     ],
     [
      -122.5940208,
      45.379328
     ],
     [
      -122.5939796,
      45.3792659
     ],
     [
      -122.5939384,
      45.3792039
     ],
     [
      -122.5938972,
      45.3791418
     ],
     [
      -122.5938561,
      45.3790798
     ],
     [
      -122.5938149,
      45.3790177
     ],
     [
      -122.5937737,
      45.3789557
     ],
     [
      -122.5937325,
      45.3788936
     ],
     [
      -122.5936913,
      45.3788316
     ],
     [
      -122.5936501,
      45.3787695
     ],
     [
      -122.593609,
      45.3787074
     ],
     [
      -122.5935678,
      45.3786454
     ],
     [
      -122.5935266,
      45.3785833
     ],
     [
      -122.5934854,
      45.3785213
     ],
     [
      -122.5934442,
      45.3784592
     ],
     [
      -122.5934031,
      45.3783972
     ],
     [
      -122.5933619,
      45.3783351
     ],
     [
      -122.5933207,
      45.3782731
     ],
     [
      -122.5932795,
      45.378211
     ],
     [
      -122.5932383,
      45.378149
     ],
     [
      -122.5931972,
      45.3780869
     ],
     [
      -122.593156,
      45.3780249
     ],
     [
      -122.5931148,
      45.3779628
     ],
     [
      -122.5930736,
      45.3779007
     ],
     [
      -122.5930324,
      45.3778387
     ],
     [
      -122.5929912,
      45.3777766
     ],
     [
      -122.5929501,
      45.3777146
     ],
     [
      -122.5929089,
      45.3776525
     ],
     [
      -122.5928677,
      45.3775905
     ],
     [
      -122.5928265,
      45.3775284
     ],
     [
      -122.5927854,
      45.3774664
     ],
     [
      -122.5927442,
      45.3774043
     ],
     [
      -122.592703,
      45.3773423
     ],
     [
      -122.5926618,
      45.3772802
     ],
     [
      -122.5926206,
      45.3772181
     ],
     [
      -122.5925795,
      45.3771561
     ],
     [
      -122.5925383,
      45.377094
     ],
     [
      -122.5924971,
      45.377032
     ],
     [
      -122.5924559,
      45.3769699
     ],
     [
      -122.5924147,
      45.3769079
     ],
     [
      -122.5923737,
      45.3768458
     ],
     [
      -122.5923344,
      45.3767833
     ],
     [
      -122.5922969,
      45.3767202
     ],
     [
      -122.5922615,
      45.3766566
     ],
     [
      -122.592228,
      45.3765924
     ],
     [
      -122.5921964,
      45.3765278
     ],
     [
      -122.5921669,
      45.3764626
     ],
     [
      -122.5921394,
      45.3763971
     ],
     [
      -122.592114,
      45.3763311
     ],
     [
      -122.5920905,
      45.3762648
     ],
     [
      -122.5920691,
      45.3761981
     ],
     [
      -122.5920498,
      45.3761311
     ],
     [
      -122.5920326,
      45.3760638
     ],
     [
      -122.5920174,
      45.3759962
     ],
     [
      -122.5920044,
      45.3759285
     ],
     [
      -122.5919934,
      45.3758606
     ],
     [
      -122.5919845,
      45.3757925
     ],
     [
      -122.5919777,
      45.3757243
     ],
     [
      -122.5919731,
      45.375656
     ],
     [
      -122.5919705,
      45.3755876
     ],
     [
      -122.59197,
      45.3755192
     ],
     [
      -122.5919717,
      45.3754509
     ],
     [
      -122.5919755,
      45.3753826
     ],
     [
      -122.5919813,
      45.3753143
     ],
     [
      -122.5919893,
      45.3752462
     ],
     [
      -122.5919994,
      45.3751782
     ],
     [
      -122.5920116,
      45.3751103
     ],
     [
      -122.5920258,
      45.3750427
     ],
     [
      -122.5920422,
      45.3749753
     ],
     [
      -122.5920606,
      45.3749082
     ],
     [
      -122.5920811,
      45.3748413
     ],
     [
      -122.5921036,
      45.3747748
     ],
     [
      -122.5921282,
      45.3747087
     ],
     [
      -122.5921548,
      45.374643
     ],
     [
      -122.5921835,
      45.3745776
     ],
     [
      -122.5922141,
      45.3745128
     ],
     [
      -122.5922468,
      45.3744484
     ],
     [
      -122.5922814,
      45.3743845
     ],
     [
      -122.5923179,
      45.3743211
     ],
     [
      -122.5923548,
      45.3742577
     ],
     [
      -122.5923916,
      45.3741943
     ],
     [
      -122.5924285,
      45.374131
     ],
     [
      -122.5924653,
      45.3740676
     ],
     [
      -122.5925022,
      45.3740042
     ],
     [
      -122.592539,
      45.3739408
     ],
     [
      -122.5925759,
      45.3738774
     ],
     [
      -122.5926127,
      45.373814
     ],
     [
      -122.5926496,
      45.3737507
     ],
     [
      -122.5926864,
      45.3736873
     ],
     [
      -122.5927233,
      45.3736239
     ],
     [
      -122.5927602,
      45.3735605
     ],
     [
      -122.592797,
      45.3734971
     ],
     [
      -122.5928339,
      45.3734338
     ],
     [
      -122.5928707,
      45.3733704
     ],
     [
      -122.5929076,
      45.373307
     ],
     [
      -122.5929444,
      45.3732436
     ],
     [
      -122.5929813,
      45.3731802
     ],
     [
      -122.5930181,
      45.3731168
     ],
     [
      -122.593055,
      45.3730535
     ],
     [
      -122.5930918,
      45.3729901
     ],
     [
      -122.5931287,
      45.3729267
     ],
     [
      -122.5931655,
      45.3728633
     ],
     [
      -122.5932024,
      45.3727999
     ],
     [
      -122.5932393,
      45.3727365
     ],
     [
      -122.5932761,
      45.3726732
     ],
     [
      -122.593313,
      45.3726098
     ],
     [
      -122.5933498,
      45.3725464
     ],
     [
      -122.5933867,
      45.372483
     ],
     [
      -122.5934235,
      45.3724196
     ],
     [
      -122.5934604,
      45.3723562
     ],
     [
      -122.5934972,
      45.3722929
     ],
     [
      -122.5935341,
      45.3722295
     ],
     [
      -122.5935709,
      45.3721661
     ],
     [
      -122.5936078,
      45.3721027
     ],
     [
      -122.5936446,
      45.3720393
     ],
     [
      -122.5936815,
      45.371976
     ],
     [
      -122.5937183,
      45.3719126
     ],
     [
      -122.5937552,
      45.3718492
     ],
     [
      -122.593792,
      45.3717858
     ],
     [
      -122.5938289,
      45.3717224
     ],
     [
      -122.5938658,
      45.371659
     ],
     [
      -122.5939026,
      45.3715957
     ],
     [
      -122.5939395,
      45.3715323
     ],
     [
      -122.5939763,
      45.3714689
     ],
     [
      -122.5940132,
      45.3714055
     ],
     [
      -122.59405,
      45.3713421
     ],
     [
      -122.5940869,
      45.3712787
     ],
     [
      -122.5941237,
      45.3712154
     ],
     [
      -122.5941606,
      45.371152
     ],
     [
      -122.5941974,
      45.3710886
     ],
     [
      -122.5942343,
      45.3710252
     ],
     [
      -122.5942711,
      45.3709618
     ],
     [
      -122.594308,
      45.3708984
     ],
     [
      -122.5943448,
      45.3708351
     ],
     [
      -122.5943817,
      45.3707717
     ],
     [
      -122.5944185,
      45.3707083
     ],
     [
      -122.5944554,
      45.3706449
     ],
     [
      -122.5944922,
      45.3705815
     ],
     [
      -122.5945291,
      45.3705182
     ],
     [
      -122.5945659,
      45.3704548
     ],
     [
      -122.5946028,
      45.3703914
     ],
     [
      -122.5946396,
      45.370328
     ],
     [
      -122.5946765,
      45.3702646
     ],
     [
      -122.5947133,
      45.3702012
     ],
     [
      -122.5947502,
      45.3701379
     ],
     [
      -122.594787,
      45.3700745
     ],
     [
      -122.5948239,
      45.3700111
     ],
     [
      -122.5948607,
      45.3699477
     ],
     [
      -122.5948976,
      45.3698843
     ],
     [
      -122.5949344,
      45.3698209
     ],
     [
      -122.5949713,
      45.3697576
     ],
     [
      -122.5950081,
      45.3696942
     ],
     [
      -122.595045,
      45.3696308
     ],
     [
      -122.5950818,
      45.3695674
     ],
     [
      -122.5951187,
      45.369504
     ],
     [
      -122.5951555,
      45.3694406
     ],
     [
      -122.5951924,
      45.3693773
     ],
     [
      -122.5952292,
      45.3693139
     ],
     [
      -122.5952661,
      45.3692505
     ],
     [
      -122.5953029,
      45.3691871
     ],
     [
      -122.5953398,
      45.3691237
     ],
     [
      -122.5953766,
      45.3690603
     ],
     [
      -122.5954135,
      45.368997
     ],
     [
      -122.5954503,
      45.3689336
     ],
     [
      -122.5954872,
      45.3688702
     ],
     [
      -122.595524,
      45.3688068
     ],
     [
      -122.5955609,
      45.3687434
     ],
     [
      -122.5955977,
      45.36868
     ],
     [
      -122.5956345,
      45.3686168
     ],
     [
      -122.5956719,
      45.368554
     ],
     [
      -122.59571,
      45.3684914
     ],
     [
      -122.5957488,
      45.3684291
     ],
     [
      -122.5957885,
      45.368367
     ],
     [
      -122.5958288,
      45.3683051
     ],
     [
      -122.59587,
      45.3682435
     ],
     [
      -122.5959119,
      45.3681822
     ],
     [
      -122.5959546,
      45.3681211
     ],
     [
      -122.595998,
      45.3680602
     ],
     [
      -122.5960421,
      45.3679997
     ],
     [
      -122.596087,
      45.3679394
     ],
     [
      -122.5961327,
      45.3678794
     ],
     [
      -122.596179,
      45.3678196
     ],
     [
      -122.5962262,
      45.3677602
     ],
     [
      -122.596274,
      45.367701
     ],
     [
      -122.5963226,
      45.3676421
     ],
     [
      -122.5963718,
      45.3675836
     ],
     [
      -122.5964218,
      45.3675253
     ],
     [
      -122.5964726,
      45.3674673
     ],
     [
      -122.596524,
      45.3674097
     ],
     [
      -122.5965761,
      45.3673524
     ],
     [
      -122.5966289,
      45.3672954
     ],
     [
      -122.5966825,
      45.3672387
     ],
     [
      -122.5967367,
      45.3671823
     ],
     [
      -122.5967916,
      45.3671263
     ],
     [
      -122.5968472,
      45.3670706
     ],
     [
      -122.5969024,
      45.3670159
     ],
     [
      -122.5969576,
      45.3669612
     ],
     [
      -122.5970127,
      45.3669064
     ],
     [
      -122.5970679,
      45.3668517
     ],
     [
      -122.597123,
      45.366797
     ],
     [
      -122.5971782,
      45.3667422
     ],
     [
      -122.5972334,
      45.3666875
     ],
     [
      -122.5972885,
      45.3666328
     ],
     [
      -122.5973448,
      45.3665769
     ],
     [
      -122.5974011,
      45.366521
     ],
     [
      -122.5974575,
      45.3664651
     ],
     [
      -122.5975138,
      45.3664092
     ],
     [
      -122.5975701,
      45.3663534
     ],
     [
      -122.5976264,
      45.3662975
     ],
     [
      -122.5976827,
      45.3662416
     ],
     [
      -122.597739,
      45.3661857
     ],
     [
      -122.5977954,
      45.3661298
     ],
     [
      -122.5978517,
      45.3660739
     ],
     [
      -122.597908,
      45.3660181
     ],
     [
      -122.5979643,
      45.3659622
     ],
     [
      -122.5980206,
      45.3659063
     ],
     [
      -122.5980769,
      45.3658504
     ],
     [
      -122.5981333,
      45.3657945
     ],
     [
      -122.5981896,
      45.3657387
     ],
     [
      -122.5982459,
      45.3656828
     ],
     [
      -122.5983022,
      45.3656269
     ],
     [
      -122.5983585,
      45.365571
     ],
     [
      -122.5984148,
      45.3655151
     ],
     [
      -122.5984711,
      45.3654593
     ],
     [
      -122.5985275,
      45.3654034
     ],
     [
      -122.5985838,
      45.3653475
     ],
     [
      -122.5986401,
      45.3652916
     ],
     [
      -122.5986964,
      45.3652357
     ],
     [
      -122.5987527,
      45.3651798
     ],
     [
      -122.598809,
      45.365124
     ],
     [
      -122.5988654,
      45.3650681
     ],
     [
      -122.5989217,
      45.3650122
     ],
     [
      -122.598978,
      45.3649563
     ],
     [
      -122.5990343,
      45.3649004
     ],
     [
      -122.5990906,
      45.3648446
     ],
     [
      -122.5991469,
      45.3647887
     ],
     [
      -122.5992032,
      45.3647328
     ],
     [
      -122.5992595,
      45.3646769
     ],
     [
      -122.5993159,
      45.364621
     ],
     [
      -122.5993722,
      45.3645651
     ],
     [
      -122.5994285,
      45.3645093
     ],
     [
      -122.5994848,
      45.3644534
     ],
     [
      -122.5995411,
      45.3643975
     ],
     [
      -122.5995974,
      45.3643416
     ],
     [
      -122.5996537,
      45.3642857
     ],
     [
      -122.5997101,
      45.3642298
     ],
     [
      -122.5997664,
      45.364174
     ],
     [
      -122.5998227,
      45.3641181
     ],
     [
      -122.599879,
      45.3640622
     ],
     [
      -122.5999353,
      45.3640063
     ],
     [
      -122.5999916,
      45.3639504
     ],
     [
      -122.6000479,
      45.3638946
     ],
     [
      -122.6001042,
      45.3638387
     ],
     [
      -122.6001605,
      45.3637828
     ],
     [
      -122.6002169,
      45.3637269
     ],
     [
      -122.6002732,
      45.363671
     ],
     [
      -122.6003295,
      45.3636151
     ],
     [
      -122.6003858,
      45.3635593
     ],
     [
      -122.6004421,
      45.3635034
     ],
     [
      -122.6004984,
      45.3634475
     ],
     [
      -122.6005547,
      45.3633916
     ],
     [
      -122.600611,
      45.3633357
     ],
     [
      -122.6006662,
      45.3632812
     ],
     [
      -122.6007196,
      45.3632336
     ],
     [
      -122.6007713,
      45.363192
     ],
     [
      -122.6008265,
      45.3631441
     ],
     [
      -122.6008809,
      45.3630907
     ],
     [
      -122.600937,
      45.3630347
     ],
     [
      -122.6009932,
      45.3629788
     ],
     [
      -122.6010494,
      45.3629229
     ],
     [
      -122.6011055,
      45.3628669
     ],
     [
      -122.6011617,
      45.362811
     ],
     [
      -122.6012178,
      45.3627551
     ],
     [
      -122.601274,
      45.3626991
     ],
     [
      -122.6013301,
      45.3626432
     ],
     [
      -122.6013863,
      45.3625873
     ],
     [
      -122.6014425,
      45.3625314
     ],
     [
      -122.6014986,
      45.3624754
     ],
     [
      -122.6015548,
      45.3624195
     ],
     [
      -122.6016109,
      45.3623636
     ],
     [
      -122.6016671,
      45.3623076
     ],
     [
      -122.6017232,
      45.3622517
     ],
     [
      -122.6017794,
      45.3621958
     ],
     [
      -122.6018356,
      45.3621398
     ],
     [
      -122.6018917,
      45.3620839
     ],
     [
      -122.6019479,
      45.362028
     ],
     [
      -122.602004,
      45.3619721
     ],
     [
      -122.6020602,
      45.3619161
     ],
     [
      -122.6021163,
      45.3618602
     ],
     [
      -122.6021725,
      45.3618043
     ],
     [
      -122.6022286,
      45.3617483
     ],
     [
      -122.6022848,
      45.3616924
     ],
     [
      -122.602341,
      45.3616365
     ],
     [
      -122.6023971,
      45.3615805
     ],
     [
      -122.6024533,
      45.3615246
     ],
     [
      -122.6025094,
      45.3614687
     ],
     [
      -122.6025656,
      45.3614128
     ],
     [
      -122.6026217,
      45.3613568
     ],
     [
      -122.6026779,
      45.3613009
     ],
     [
      -122.602734,
      45.361245
     ],
     [
      -122.6027902,
      45.361189
     ],
     [
      -122.6028464,
      45.3611331
     ],
     [
      -122.6029025,
      45.3610772
     ],
     [
      -122.6029587,
      45.3610212
     ],
     [
      -122.6030148,
      45.3609653
     ],
     [
      -122.603071,
      45.3609094
     ],
     [
      -122.6031271,
      45.3608534
     ],
     [
      -122.6031833,
      45.3607975
     ],
     [
      -122.6032394,
      45.3607416
     ],
     [
      -122.6032956,
      45.3606857
     ],
     [
      -122.6033517,
      45.3606297
     ],
     [
      -122.6034079,
      45.3605738
     ],
     [
      -122.6034641,
      45.3605179
     ],
     [
      -122.6035202,
      45.3604619
     ],
     [
      -122.6035764,
      45.360406
     ],
     [
      -122.6036325,
      45.3603501
     ],
     [
      -122.6036887,
      45.3602941
     ],
     [
      -122.6037448,
      45.3602391
     ],
     [
      -122.6038036,
      45.360186
     ],
     [
      -122.6038656,
      45.3601348
     ],
     [
      -122.6039306,
      45.3600854
     ],
     [
      -122.6039985,
      45.3600381
     ],
     [
      -122.6040693,
      45.3599929
     ],
     [
      -122.6041427,
      45.3599498
     ],
     [
      -122.6042187,
      45.359909
     ],
     [
      -122.6042974,
      45.3598697
     ],
     [
      -122.6043768,
      45.3598304
     ],
     [
      -122.6044561,
      45.3597911
     ],
     [
      -122.6045355,
      45.3597518
     ],
     [
      -122.6046149,
      45.3597125
     ],
     [
      -122.6046942,
      45.3596732
     ],
     [
      -122.6047736,
      45.3596338
     ],
     [
      -122.604853,
      45.3595945
     ],
     [
      -122.6049324,
      45.3595552
     ],
     [
      -122.6050117,
      45.3595159
     ],
     [
      -122.6050911,
      45.3594766
     ],
     [
      -122.6051705,
      45.3594373
     ],
     [
      -122.6052498,
      45.3593979
     ],
     [
      -122.6053292,
      45.3593586
     ],
     [
      -122.6054086,
      45.3593193
     ],
     [
      -122.6054879,
      45.35928
     ],
     [
      -122.6055673,
      45.3592407
     ],
     [
      -122.6056467,
      45.3592014
     ],
     [
      -122.605726,
      45.359162
     ],
     [
      -122.6058054,
      45.3591227
     ],
     [
      -122.6058848,
      45.3590834
     ],
     [
      -122.6059641,
      45.3590441
     ],
     [
      -122.6060435,
      45.3590048
     ],
     [
      -122.6061229,
      45.3589655
     ],
     [
      -122.6062022,
      45.3589261
     ],
     [
      -122.6062816,
      45.3588868
     ],
     [
      -122.606361,
      45.3588475
     ],
     [
      -122.6064403,
      45.3588082
     ],
     [
      -122.6065197,
      45.3587689
     ],
     [
      -122.6065991,
      45.3587296
     ],
     [
      -122.6066784,
      45.3586902
     ],
     [
      -122.6067578,
      45.3586509
     ],
     [
      -122.6068372,
      45.3586116
     ],
     [
      -122.6069165,
      45.3585723
     ],
     [
      -122.6069959,
      45.358533
     ],
     [
      -122.6070753,
      45.3584936
     ],
     [
      -122.6071546,
      45.3584543
     ],
     [
      -122.607234,
      45.358415
     ],
     [
      -122.6073134,
      45.3583757
     ],
     [
      -122.6073927,
      45.3583364
     ],
     [
      -122.6074721,
      45.3582971
     ],
     [
      -122.6075515,
      45.3582577
     ],
     [
      -122.6076308,
      45.3582184
     ],
     [
      -122.6077102,
      45.3581791
     ],
     [
      -122.6077896,
      45.3581398
     ],
     [
      -122.6078689,
      45.3581005
     ],
     [
      -122.6079483,
      45.3580611
     ],
     [
      -122.6080277,
      45.3580218
     ],
     [
      -122.608107,
      45.3579825
     ],
     [
      -122.6081864,
      45.3579432
     ],
     [
      -122.6082658,
      45.3579039
     ],
     [
      -122.6083451,
      45.3578645
     ],
     [
      -122.6084245,
      45.3578252
     ],
     [
      -122.6085039,
      45.3577859
     ],
     [
      -122.6085832,
      45.3577466
     ],
     [
      -122.6086626,
      45.3577073
     ],
     [
      -122.6087419,
      45.357668
     ],
     [
      -122.6088213,
      45.3576286
     ],
     [
      -122.6089007,
      45.3575893
     ],
     [
      -122.60898,
      45.35755
     ],
     [
      -122.6090594,
      45.3575107
     ],
     [
      -122.6091384,
      45.3574714
     ],
     [
      -122.609213,
      45.3574295
     ],
     [
      -122.6092823,
      45.3573834
     ],
     [
      -122.6093457,
      45.3573332
     ],
     [
      -122.6094038,
      45.3572793
     ],
     [
      -122.6094614,
      45.3572243
     ],
     [
      -122.6095189,
      45.3571692
     ],
     [
      -122.6095764,
      45.3571141
     ],
     [
      -122.6096339,
      45.3570591
     ],
     [
      -122.6096914,
      45.357004
     ],
     [
      -122.6097489,
      45.356949
     ],
     [
      -122.6098064,
      45.3568939
     ],
     [
      -122.6098639,
      45.3568388
     ],
     [
      -122.6099214,
      45.3567838
     ],
     [
      -122.6099789,
      45.3567287
     ],
     [
      -122.6100365,
      45.3566737
     ],
     [
      -122.610094,
      45.3566186
     ],
     [
      -122.6101515,
      45.3565635
     ],
     [
      -122.610209,
      45.3565085
     ],
     [
      -122.6102665,
      45.3564534
     ],
     [
      -122.610324,
      45.3563983
     ],
     [
      -122.6103815,
      45.3563433
     ],
     [
      -122.610439,
      45.3562882
     ],
     [
      -122.6104965,
      45.3562332
     ],
     [
      -122.610554,
      45.3561781
     ],
     [
      -122.6106116,
      45.356123
     ],
     [
      -122.6106691,
      45.356068
     ],
     [
      -122.6107266,
      45.3560129
     ],
     [
      -122.6107841,
      45.3559578
     ],
     [
      -122.6108416,
      45.3559028
     ],
     [
      -122.6108991,
      45.3558477
     ],
     [
      -122.6109566,
      45.3557927
     ],
     [
      -122.6110141,
      45.3557376
     ],
     [
      -122.6110716,
      45.3556825
     ],
     [
      -122.6111291,
      45.3556275
     ],
     [
      -122.6111866,
      45.3555724
     ],
     [
      -122.6112441,
      45.3555173
     ],
     [
      -122.6113017,
      45.3554623
     ],
     [
      -122.6113592,
      45.3554072
     ],
     [
      -122.6114167,
      45.3553522
     ],
     [
      -122.6114742,
      45.3552971
     ],
     [
      -122.6115317,
      45.355242
     ],
     [
      -122.6115892,
      45.355187
     ],
     [
      -122.6116467,
      45.3551319
     ],
     [
      -122.6117042,
      45.3550768
     ],
     [
      -122.6117617,
      45.3550218
     ],
     [
      -122.6118192,
      45.3549667
     ],
     [
      -122.6118767,
      45.3549117
     ],
     [
      -122.6119342,
      45.3548566
     ],
     [
      -122.6119917,
      45.3548015
     ],
     [
      -122.6120492,
      45.3547465
     ],
     [
      -122.6121067,
      45.3546914
     ],
     [
      -122.6121643,
      45.3546363
     ],
     [
      -122.6122218,
      45.3545813
     ],
     [
      -122.6122793,
      45.3545262
     ],
     [
      -122.6123368,
      45.3544712
     ],
     [
      -122.6123943,
      45.3544161
     ],
     [
      -122.6124518,
      45.354361
     ],
     [
      -122.6125093,
      45.354306
     ],
     [
      -122.6125835,
      45.3542255
     ],
     [
      -122.6126025,
      45.3541989
     ],
     [
      -122.6126219,
      45.354172
     ],
     [
      -122.6126414,
      45.354145
     ],
     [
      -122.6126607,
      45.3541181
     ],
     [
      -122.6126795,
      45.3540917
     ],
     [
      -122.6126974,
      45.3540659
     ],
     [
      -122.6127141,
      45.3540409
     ],
     [
      -122.6127293,
      45.3540171
     ],
     [
      -122.6127427,
      45.3539947
     ],
     [
      -122.6127537,
      45.3539741
     ],
     [
      -122.6127623,
      45.3539555
     ],
     [
      -122.6127692,
      45.3539384
     ],
     [
      -122.6127747,
      45.3539222
     ],
     [
      -122.6127796,
      45.3539065
     ],
     [
      -122.6127843,
      45.3538907
     ],
     [
      -122.6127894,
      45.3538745
     ],
     [
      -122.6127954,
      45.3538573
     ],
     [
      -122.6128029,
      45.3538387
     ],
     [
      -122.6128125,
      45.3538181
     ],
     [
      -122.612823,
      45.3537966
     ],
     [
      -122.6128332,
      45.3537753
     ],
     [
      -122.6128437,
      45.3537538
     ],
     [
      -122.6128547,
      45.3537317
     ],
     [
      -122.6128668,
      45.3537084
     ],
     [
      -122.6128804,
      45.3536835
     ],
     [
      -122.6128958,
      45.3536567
     ],
     [
      -122.6129136,
      45.3536275
     ],
     [
      -122.612934,
      45.3535954
     ],
     [
      -122.6129576,
      45.35356
     ],
     [
      -122.6129847,
      45.3535203
     ],
     [
      -122.6130152,
      45.3534762
     ],
     [
      -122.6130484,
      45.3534287
     ],
     [
      -122.613084,
      45.3533786
     ],
     [
      -122.6131215,
      45.3533268
     ],
     [
      -122.6131602,
      45.3532743
     ],
     [
      -122.6131998,
      45.3532218
     ],
     [
      -122.6132398,
      45.3531704
     ],
     [
      -122.6132796,
      45.3531208
     ],
     [
      -122.6133187,
      45.3530741
     ],
     [
      -122.6133574,
      45.3530296
     ],
     [
      -122.6133962,
      45.3529862
     ],
     [
      -122.6134354,
      45.3529438
     ],
     [
      -122.613475,
      45.3529021
     ],
     [
      -122.6135152,
      45.352861
     ],
     [
      -122.6135562,
      45.3528204
     ],
     [
      -122.6135981,
      45.35278
     ],
     [
      -122.6136411,
      45.3527398
     ],
     [
      -122.6136854,
      45.3526996
     ],
     [
      -122.613731,
      45.3526591
     ],
     [
      -122.6137792,
      45.3526181
     ],
     [
      -122.6138303,
      45.3525767
     ],
     [
      -122.6138835,
      45.352535
     ],
     [
      -122.6139381,
      45.3524934
     ],
     [
      -122.6139931,
      45.3524521
     ],
     [
      -122.6140478,
      45.3524115
     ],
     [
      -122.6141013,
      45.352372
     ],
     [
      -122.6141529,
      45.3523336
     ],
     [
      -122.6142017,
      45.3522969
     ],
     [
      -122.6142469,
      45.352262
     ],
     [
      -122.6142872,
      45.3522304
     ],
     [
      -122.6143225,
      45.3522025
     ],
     [
      -122.6143544,
      45.3521772
     ],
     [
      -122.6143841,
      45.3521535
     ],
     [
      -122.614413,
      45.3521303
     ],
     [
      -122.6144425,
      45.3521063
     ],
     [
      -122.614474,
      45.3520806
     ],
     [
      -122.6145087,
      45.3520521
     ],
     [
      -122.6145481,
      45.3520195
     ],
     [
      -122.6145935,
      45.3519819
     ],
     [
      -122.6146443,
      45.3519396
     ],
     [
      -122.6146988,
      45.351894
     ],
     [
      -122.6147567,
      45.3518453
     ],
     [
      -122.6148175,
      45.351794
     ],
     [
      -122.614881,
      45.3517404
     ],
     [
      -122.6149466,
      45.351685
     ],
     [
      -122.6150141,
      45.3516281
     ],
     [
      -122.6150831,
      45.35157
     ],
     [
      -122.6151533,
      45.3515112
     ],
     [
      -122.6152241,
      45.351452
     ],
     [
      -122.6152989,
      45.3513897
     ],
     [
      -122.6153798,
      45.3513224
     ],
     [
      -122.6154649,
      45.3512517
     ],
     [
      -122.6155522,
      45.3511792
     ],
     [
      -122.6156398,
      45.3511065
     ],
     [
      -122.6157259,
      45.3510352
     ],
     [
      -122.6158085,
      45.3509671
     ],
     [
      -122.6158857,
      45.3509036
     ],
     [
      -122.6159556,
      45.3508464
     ],
     [
      -122.6160162,
      45.3507971
     ],
     [
      -122.6160678,
      45.3507558
     ],
     [
      -122.6161123,
      45.3507207
     ],
     [
      -122.6161508,
      45.350691
     ],
     [
      -122.6161841,
      45.3506657
     ],
     [
      -122.6162134,
      45.350644
     ],
     [
      -122.6162396,
      45.3506249
     ],
     [
      -122.6162635,
      45.3506075
     ],
     [
      -122.6162864,
      45.350591
     ],
     [
      -122.616309,
      45.3505743
     ],
     [
      -122.6163323,
      45.3505567
     ],
     [
      -122.6163544,
      45.3505399
     ],
     [
      -122.616373,
      45.3505259
     ],
     [
      -122.616389,
      45.3505141
     ],
     [
      -122.6164032,
      45.3505036
     ],
     [
      -122.6164164,
      45.3504937
     ],
     [
      -122.6164296,
      45.3504837
     ],
     [
      -122.6164435,
      45.3504729
     ],
     [
      -122.616459,
      45.3504605
     ],
     [
      -122.6164769,
      45.3504457
     ],
     [
      -122.6164981,
      45.3504278
     ],
     [
      -122.6165222,
      45.3504072
     ],
     [
      -122.6165482,
      45.350385
     ],
     [
      -122.6165759,
      45.3503612
     ],
     [
      -122.6166049,
      45.3503361
     ],
     [
      -122.6166351,
      45.3503096
     ],
     [
      -122.6166662,
      45.3502821
     ],
     [
      -122.616698,
      45.3502535
     ],
     [
      -122.6167301,
      45.3502241
     ],
     [
      -122.6167624,
      45.350194
     ],
     [
      -122.6167947,
      45.3501632
     ],
     [
      -122.6168274,
      45.3501309
     ],
     [
      -122.6168613,
      45.3500964
     ],
     [
      -122.616896,
      45.3500601
     ],
     [
      -122.6169313,
      45.3500228
     ],
     [
      -122.6169669,
      45.3499849
     ],
     [
      -122.6170025,
      45.3499471
     ],
     [
      -122.6170379,
      45.34991
     ],
     [
      -122.6170728,
      45.349874
     ],
     [
      -122.617107,
      45.3498398
     ],
     [
      -122.6171401,
      45.349808
     ],
     [
      -122.6171723,
      45.3497785
     ],
     [
      -122.6172037,
      45.3497508
     ],
     [
      -122.6172346,
      45.3497245
     ],
     [
      -122.6172651,
      45.3496993
     ],
     [
      -122.6172952,
      45.3496749
     ],
     [
      -122.6173251,
      45.349651
     ],
     [
      -122.6173549,
      45.3496273
     ],
     [
      -122.6173848,
      45.3496035
     ],
     [
      -122.6174149,
      45.3495793
     ],
     [
      -122.6174452,
      45.3495544
     ],
     [
      -122.6183891,
      45.3489025
     ],
     [
      -122.6184028,
      45.3488928
     ],
     [
      -122.6184165,
      45.3488832
     ],
     [
      -122.6184302,
      45.3488736
     ],
     [
      -122.618444,
      45.3488639
     ],
     [
      -122.6184577,
      45.3488543
     ],
     [
      -122.6184714,
      45.3488446
     ],
     [
      -122.6184852,
      45.348835
     ],
     [
      -122.6184989,
      45.3488253
     ],
     [
      -122.6185126,
      45.3488157
     ],
     [
      -122.6185263,
      45.348806
     ],
     [
      -122.6185401,
      45.3487964
     ],
     [
      -122.6185538,
      45.3487867
     ],
     [
      -122.6185675,
      45.3487771
     ],
     [
      -122.6185813,
      45.3487675
     ],
     [
      -122.618595,
      45.3487578
     ],
     [
      -122.6186087,
      45.3487482
     ],
     [
      -122.6186225,
      45.3487385
     ],
     [
      -122.6186362,
      45.3487289
     ],
     [
      -122.6186499,
      45.3487192
     ],
     [
      -122.6186636,
      45.3487096
     ],
     [
      -122.6186774,
      45.3486999
     ],
     [
      -122.6186911,
      45.3486903
     ],
     [
      -122.6187048,
      45.3486807
     ],
     [
      -122.6187186,
      45.348671
     ],
     [
      -122.6187323,
      45.3486614
     ],
     [
      -122.618746,
      45.3486517
     ],
     [
      -122.6187598,
      45.3486421
     ],
     [
      -122.6187735,
      45.3486324
     ],
     [
      -122.6187872,
      45.3486228
     ],
     [
      -122.6188009,
      45.3486131
     ],
     [
      -122.6188147,
      45.3486035
     ],
     [
      -122.6188284,
      45.3485938
     ],
     [
      -122.6188421,
      45.3485842
     ],
     [
      -122.6188559,
      45.3485746
     ],
     [
      -122.6188696,
      45.3485649
     ],
     [
      -122.6188833,
      45.3485553
     ],
     [
      -122.618897,
      45.3485456
     ],
     [
      -122.6189108,
      45.348536
     ],
     [
      -122.6189245,
      45.3485263
     ],
     [
      -122.6189382,
      45.3485167
     ],
     [
      -122.618952,
      45.348507
     ],
     [
      -122.6189657,
      45.3484974
     ],
     [
      -122.6189794,
      45.3484877
     ],
     [
      -122.6189931,
      45.3484781
     ],
     [
      -122.6190069,
      45.3484685
     ],
     [
      -122.6190206,
      45.3484588
     ],
     [
      -122.6190343,
      45.3484492
     ],
     [
      -122.6190481,
      45.3484395
     ],
     [
      -122.6190618,
      45.3484299
     ],
     [
      -122.6190755,
      45.3484202
     ],
     [
      -122.6190893,
      45.3484106
     ],
     [
      -122.619103,
      45.3484009
     ],
     [
      -122.6191167,
      45.3483913
     ],
     [
      -122.6191304,
      45.3483816
     ],
     [
      -122.6191442,
      45.348372
     ],
     [
      -122.6191579,
      45.3483624
     ],
     [
      -122.6191716,
      45.3483527
     ],
     [
      -122.6191848,
      45.3483433
     ],
     [
      -122.6191977,
      45.3483338
     ],
     [
      -122.6192103,
      45.3483242
     ],
     [
      -122.6192228,
      45.3483144
     ],
     [
      -122.619235,
      45.3483044
     ],
     [
      -122.619247,
      45.3482943
     ],
     [
      -122.6192588,
      45.3482841
     ],
     [
      -122.6192703,
      45.3482737
     ],
     [
      -122.6192816,
      45.3482633
     ],
     [
      -122.6192927,
      45.3482527
     ],
     [
      -122.6193039,
      45.3482417
     ],
     [
      -122.6193151,
      45.3482308
     ],
     [
      -122.6193263,
      45.3482198
     ],
     [
      -122.6193375,
      45.3482089
     ],
     [
      -122.6193487,
      45.3481979
     ],
     [
      -122.6193599,
      45.348187
     ],
     [
      -122.6193711,
      45.348176
     ],
     [
      -122.6193823,
      45.3481651
     ],
     [
      -122.6193935,
      45.3481542
     ],
     [
      -122.6194047,
      45.3481432
     ],
     [
      -122.6194159,
      45.3481323
     ],
     [
      -122.6194271,
      45.3481213
     ],
     [
      -122.6194383,
      45.3481104
     ],
     [
      -122.6194495,
      45.3480994
     ],
     [
      -122.6194607,
      45.3480885
     ],
     [
      -122.6194719,
      45.3480776
     ],
     [
      -122.6194831,
      45.3480666
     ],
     [
      -122.6194943,
      45.3480557
     ],
     [
      -122.6195055,
      45.3480447
     ],
     [
      -122.6195167,
      45.3480338
     ],
     [
      -122.6195279,
      45.3480228
     ],
     [
      -122.6195391,
      45.3480119
     ],
     [
      -122.6195503,
      45.348001
     ],
     [
      -122.6195615,
      45.34799
     ],
     [
      -122.6195727,
      45.3479791
     ],
     [
      -122.6195839,
      45.3479681
     ],
     [
      -122.6195951,
      45.3479572
     ],
     [
      -122.6196063,
      45.3479462
     ],
     [
      -122.6196175,
      45.3479353
     ],
     [
      -122.6196287,
      45.3479243
     ],
     [
      -122.6196399,
      45.3479134
     ],
     [
      -122.6196511,
      45.3479025
     ],
     [
      -122.6196623,
      45.3478915
     ],
     [
      -122.6196735,
      45.3478806
     ],
     [
      -122.6196847,
      45.3478696
     ],
     [
      -122.6196959,
      45.3478587
     ],
     [
      -122.6197071,
      45.3478477
     ],
     [
      -122.6197183,
      45.3478368
     ],
     [
      -122.6197295,
      45.3478259
     ],
     [
      -122.6197407,
      45.3478149
     ],
     [
      -122.619752,
      45.347804
     ],
     [
      -122.6197632,
      45.347793
     ],
     [
      -122.6197744,
      45.3477821
     ],
     [
      -122.6197856,
      45.3477711
     ],
     [
      -122.6197968,
      45.3477602
     ],
     [
      -122.619808,
      45.3477493
     ],
     [
      -122.6198192,
      45.3477383
     ],
     [
      -122.6198304,
      45.3477274
     ],
     [
      -122.6198416,
      45.3477164
     ],
     [
      -122.6198528,
      45.3477055
     ],
     [
      -122.619864,
      45.3476945
     ],
     [
      -122.6198752,
      45.3476836
     ],
     [
      -122.6198864,
      45.3476726
     ],
     [
      -122.6198976,
      45.3476617
     ],
     [
      -122.6199088,
      45.3476508
     ],
     [
      -122.61992,
      45.3476398
     ],
     [
      -122.6199312,
      45.3476289
     ],
     [
      -122.6199424,
      45.3476179
     ],
     [
      -122.6199539,
      45.347607
     ],
     [
      -122.6199659,
      45.3475962
     ],
     [
      -122.6199783,
      45.3475857
     ],
     [
      -122.619991,
      45.3475754
     ],
     [
      -122.6200042,
      45.3475654
     ],
     [
      -122.6200177,
      45.3475556
     ],
     [
      -122.6200316,
      45.3475461
     ],
     [
      -122.6200459,
      45.3475369
     ],
     [
      -122.6200605,
      45.3475279
     ],
     [
      -122.6200755,
      45.3475192
     ],
     [
      -122.6200907,
      45.3475108
     ],
     [
      -122.6201063,
      45.3475027
     ],
     [
      -122.6201222,
      45.3474949
     ],
     [
      -122.6201384,
      45.3474874
     ],
     [
      -122.6201549,
      45.3474802
     ],
     [
      -122.6201716,
      45.3474733
     ],
     [
      -122.6201886,
      45.3474668
     ],
     [
      -122.6202059,
      45.3474606
     ],
     [
      -122.6202233,
      45.3474547
     ],
     [
      -122.620241,
      45.3474491
     ],
     [
      -122.6202589,
      45.3474439
     ],
     [
      -122.620277,
      45.347439
     ],
     [
      -122.6202953,
      45.3474345
     ],
     [
      -122.6203137,
      45.3474303
     ],
     [
      -122.6203323,
      45.3474262
     ],
     [
      -122.6203508,
      45.3474222
     ],
     [
      -122.6203694,
      45.3474182
     ],
     [
      -122.6203879,
      45.3474142
     ],
     [
      -122.6204064,
      45.3474102
     ],
     [
      -122.620425,
      45.3474062
     ],
     [
      -122.6204435,
      45.3474021
     ],
     [
      -122.6204621,
      45.3473981
     ],
     [
      -122.6204806,
      45.3473941
     ],
     [
      -122.6204992,
      45.3473901
     ],
     [
      -122.6205177,
      45.3473861
     ],
     [
      -122.6205363,
      45.3473821
     ],
     [
      -122.6205548,
      45.347378
     ],
     [
      -122.6205734,
      45.347374
     ],
     [
      -122.6205919,
      45.34737
     ],
     [
      -122.6206104,
      45.347366
     ],
     [
      -122.620629,
      45.347362
     ],
     [
      -122.6206475,
      45.3473579
     ],
     [
      -122.6206661,
      45.3473539
     ],
     [
      -122.6206846,
      45.3473499
     ],
     [
      -122.6207032,
      45.3473459
     ],
     [
      -122.6207217,
      45.3473419
     ],
     [
      -122.6207403,
      45.3473379
     ],
     [
      -122.6207588,
      45.3473338
     ],
     [
      -122.6207774,
      45.3473298
     ],
     [
      -122.6207959,
      45.3473258
     ],
     [
      -122.6208144,
      45.3473218
     ],
     [
      -122.620833,
      45.3473178
     ],
     [
      -122.6208515,
      45.3473137
     ],
     [
      -122.6208701,
      45.3473097
     ],
     [
      -122.6208886,
      45.3473057
     ],
     [
      -122.6209072,
      45.3473017
     ],
     [
      -122.6209257,
      45.3472977
     ],
     [
      -122.6209443,
      45.3472937
     ],
     [
      -122.6209628,
      45.3472896
     ],
     [
      -122.6209814,
      45.3472856
     ],
     [
      -122.6209999,
      45.3472816
     ],
     [
      -122.6210184,
      45.3472776
     ],
     [
      -122.621037,
      45.3472736
     ],
     [
      -122.6210555,
      45.3472695
     ],
     [
      -122.6210741,
      45.3472655
     ],
     [
      -122.6210926,
      45.3472615
     ],
     [
      -122.6211112,
      45.3472575
     ],
     [
      -122.6211297,
      45.3472535
     ],
     [
      -122.6211483,
      45.3472495
     ],
     [
      -122.6211668,
      45.3472454
     ],
     [
      -122.6211854,
      45.3472414
     ],
     [
      -122.6212039,
      45.3472374
     ],
     [
      -122.6212224,
      45.3472334
     ],
     [
      -122.621241,
      45.3472294
     ],
     [
      -122.6212595,
      45.3472253
     ],
     [
      -122.6212781,
      45.3472213
     ],
     [
      -122.6212966,
      45.3472173
     ],
     [
      -122.6213152,
      45.3472133
     ],
     [
      -122.6213337,
      45.3472093
     ],
     [
      -122.6213523,
      45.3472053
     ],
     [
      -122.6213708,
      45.3472012
     ],
     [
      -122.6213894,
      45.3471972
     ],
     [
      -122.6214079,
      45.3471932
     ],
     [
      -122.6214264,
      45.3471892
     ],
     [
      -122.621445,
      45.3471852
     ],
     [
      -122.6214635,
      45.3471811
     ],
     [
      -122.6214821,
      45.3471771
     ],
     [
      -122.6215006,
      45.3471731
     ],
     [
      -122.6215192,
      45.3471691
     ],
     [
      -122.6215377,
      45.3471651
     ],
     [
      -122.6215563,
      45.3471611
     ],
     [
      -122.6215748,
      45.347157
     ],
     [
      -122.6215934,
      45.347153
     ],
     [
      -122.6216119,
      45.347149
     ],
     [
      -122.6216304,
      45.347145
     ],
     [
      -122.621649,
      45.347141
     ],
     [
      -122.6216675,
      45.347137
     ],
     [
      -122.6216861,
      45.3471329
     ],
     [
      -122.6217046,
      45.3471289
     ],
     [
      -122.6217232,
      45.3471249
     ],
     [
      -122.6217417,
      45.3471209
     ],
     [
      -122.6217603,
      45.3471169
     ],
     [
      -122.6217788,
      45.3471128
     ],
     [
      -122.6217974,
      45.3471088
     ],
     [
      -122.6218159,
      45.3471048
     ],
     [
      -122.6218344,
      45.3471008
     ],
     [
      -122.621853,
      45.3470968
     ],
     [
      -122.6218715,
      45.3470928
     ],
     [
      -122.6218901,
      45.3470887
     ],
     [
      -122.6219086,
      45.3470847
     ],
     [
      -122.6219272,
      45.3470807
     ],
     [
      -122.6219457,
      45.3470767
     ],
     [
      -122.6219643,
      45.3470727
     ],
     [
      -122.6219828,
      45.3470686
     ],
     [
      -122.6220014,
      45.3470646
     ],
     [
      -122.6220199,
      45.3470606
     ],
     [
      -122.6220384,
      45.3470566
     ],
     [
      -122.622057,
      45.3470526
     ],
     [
      -122.6220755,
      45.3470486
     ],
     [
      -122.6220941,
      45.3470445
     ],
     [
      -122.6221126,
      45.3470405
     ],
     [
      -122.6221312,
      45.3470365
     ],
     [
      -122.6221497,
      45.3470325
     ],
     [
      -122.6221683,
      45.3470285
     ],
     [
      -122.6221868,
      45.3470244
     ],
     [
      -122.6222054,
      45.3470204
     ],
     [
      -122.6222239,
      45.3470164
     ],
     [
      -122.6222424,
      45.3470124
     ],
     [
      -122.622261,
      45.3470084
     ],
     [
      -122.6222795,
      45.3470044
     ],
     [
      -122.6222981,
      45.3470003
     ],
     [
      -122.6223166,
      45.3469963
     ],
     [
      -122.6223352,
      45.3469923
     ],
     [
      -122.6223537,
      45.3469883
     ],
     [
      -122.6223723,
      45.3469843
     ],
     [
      -122.6223908,
      45.3469802
     ],
     [
      -122.6224093,
      45.3469762
     ],
     [
      -122.6224279,
      45.3469722
     ],
     [
      -122.6224464,
      45.3469682
     ],
     [
      -122.622465,
      45.3469642
     ],
     [
      -122.6224835,
      45.3469601
     ],
     [
      -122.6225021,
      45.3469561
     ],
     [
      -122.6225206,
      45.3469521
     ],
     [
      -122.6225392,
      45.3469481
     ],
     [
      -122.6225577,
      45.3469441
     ],
     [
      -122.6225763,
      45.3469401
     ],
     [
      -122.6225948,
      45.346936
     ],
     [
      -122.6226133,
      45.346932
     ],
     [
      -122.6226319,
      45.346928
     ],
     [
      -122.6226504,
      45.346924
     ],
     [
      -122.622669,
      45.34692
     ],
     [
      -122.6226875,
      45.3469159
     ],
     [
      -122.6227061,
      45.3469119
     ],
     [
      -122.6227246,
      45.3469079
     ],
     [
      -122.6227432,
      45.3469039
     ],
     [
      -122.6227617,
      45.3468999
     ],
     [
      -122.6227803,
      45.3468959
     ],
     [
      -122.6227988,
      45.3468918
     ],
     [
      -122.6228173,
      45.3468878
     ],
     [
      -122.6228359,
      45.3468838
     ],
     [
      -122.6228544,
      45.3468798
     ],
     [
      -122.622873,
      45.3468758
     ],
     [
      -122.6228915,
      45.3468717
     ],
     [
      -122.6229101,
      45.3468677
     ],
     [
      -122.6229286,
      45.3468637
     ],
     [
      -122.6229472,
      45.3468597
     ],
     [
      -122.6229657,
      45.3468557
     ],
     [
      -122.6229842,
      45.3468517
     ],
     [
      -122.6230028,
      45.3468476
     ],
     [
      -122.6230213,
      45.3468436
     ],
     [
      -122.6230399,
      45.3468396
     ],
     [
      -122.6230584,
      45.3468356
     ],
     [
      -122.623077,
      45.3468316
     ],
     [
      -122.6230955,
      45.3468275
     ],
     [
      -122.6231141,
      45.3468235
     ],
     [
      -122.6231326,
      45.3468195
     ],
     [
      -122.6231512,
      45.3468155
     ],
     [
      -122.6231697,
      45.3468115
     ],
     [
      -122.6231882,
      45.3468075
     ],
     [
      -122.6232068,
      45.3468034
     ],
     [
      -122.6232253,
      45.3467994
     ],
     [
      -122.6232439,
      45.3467954
     ],
     [
      -122.6232624,
      45.3467914
     ],
     [
      -122.623281,
      45.3467874
     ],
     [
      -122.6232995,
      45.3467833
     ],
     [
      -122.6233181,
      45.3467793
     ],
     [
      -122.6233366,
      45.3467753
     ],
     [
      -122.6233552,
      45.3467713
     ],
     [
      -122.6233737,
      45.3467673
     ],
     [
      -122.6233922,
      45.3467633
     ],
     [
      -122.6234108,
      45.3467592
     ],
     [
      -122.6234293,
      45.3467552
     ],
     [
      -122.6234479,
      45.3467512
     ],
     [
      -122.6234664,
      45.3467472
     ],
     [
      -122.623485,
      45.3467432
     ],
     [
      -122.6235035,
      45.3467391
     ],
     [
      -122.6235221,
      45.3467351
     ],
     [
      -122.6235406,
      45.3467311
     ],
     [
      -122.6235591,
      45.3467271
     ],
     [
      -122.6235777,
      45.3467231
     ],
     [
      -122.6235962,
      45.346719
     ],
     [
      -122.6236148,
      45.346715
     ],
     [
      -122.6236333,
      45.346711
     ],
     [
      -122.6236519,
      45.346707
     ],
     [
      -122.6236704,
      45.346703
     ],
     [
      -122.623689,
      45.346699
     ],
     [
      -122.6237075,
      45.3466949
     ],
     [
      -122.6237261,
      45.3466909
     ],
     [
      -122.6237446,
      45.3466869
     ],
     [
      -122.6237631,
      45.3466829
     ],
     [
      -122.6237817,
      45.3466789
     ],
     [
      -122.6238002,
      45.3466748
     ],
     [
      -122.6238188,
      45.3466708
     ],
     [
      -122.6238373,
      45.3466668
     ],
     [
      -122.6238559,
      45.3466628
     ],
     [
      -122.6238744,
      45.3466588
     ],
     [
      -122.623893,
      45.3466548
     ],
     [
      -122.6239115,
      45.3466507
     ],
     [
      -122.62393,
      45.3466467
     ],
     [
      -122.6239486,
      45.3466427
     ],
     [
      -122.6239671,
      45.3466387
     ],
     [
      -122.6239857,
      45.3466347
     ],
     [
      -122.6240042,
      45.3466306
     ],
     [
      -122.6240228,
      45.3466266
     ],
     [
      -122.6240413,
      45.3466226
     ],
     [
      -122.6240599,
      45.3466186
     ],
     [
      -122.6240784,
      45.3466146
     ],
     [
      -122.624097,
      45.3466105
     ],
     [
      -122.6241155,
      45.3466065
     ],
     [
      -122.624134,
      45.3466025
     ],
     [
      -122.6241526,
      45.3465985
     ],
     [
      -122.6241711,
      45.3465945
     ],
     [
      -122.6241897,
      45.3465905
     ],
     [
      -122.6242082,
      45.3465864
     ],
     [
      -122.6242268,
      45.3465824
     ],
     [
      -122.6242453,
      45.3465784
     ],
     [
      -122.6242639,
      45.3465744
     ],
     [
      -122.6242824,
      45.3465704
     ],
     [
      -122.6243009,
      45.3465663
     ],
     [
      -122.6243195,
      45.3465623
     ],
     [
      -122.624338,
      45.3465583
     ],
     [
      -122.6243566,
      45.3465543
     ],
     [
      -122.6243751,
      45.3465503
     ],
     [
      -122.6243937,
      45.3465463
     ],
     [
      -122.6244122,
      45.3465422
     ],
     [
      -122.6244308,
      45.3465382
     ],
     [
      -122.6244493,
      45.3465342
     ],
     [
      -122.6244679,
      45.3465302
     ],
     [
      -122.6244864,
      45.3465262
     ],
     [
      -122.6245049,
      45.3465221
     ],
     [
      -122.6245235,
      45.3465181
     ],
     [
      -122.624542,
      45.3465141
     ],
     [
      -122.6245606,
      45.3465101
     ],
     [
      -122.6245791,
      45.3465061
     ],
     [
      -122.6245977,
      45.346502
     ],
     [
      -122.6246162,
      45.346498
     ],
     [
      -122.6246348,
      45.346494
     ],
     [
      -122.6246533,
      45.34649
     ],
     [
      -122.6246718,
      45.346486
     ],
     [
      -122.6246904,
      45.346482
     ],
     [
      -122.6247089,
      45.3464779
     ],
     [
      -122.6247275,
      45.3464739
     ],
     [
      -122.624746,
      45.3464699
     ],
     [
      -122.6247646,
      45.3464659
     ],
     [
      -122.6247831,
      45.3464619
     ],
     [
      -122.6248017,
      45.3464578
     ],
     [
      -122.6248202,
      45.3464538
     ],
     [
      -122.6248388,
      45.3464498
     ],
     [
      -122.6248573,
      45.3464458
     ],
     [
      -122.6248758,
      45.3464418
     ],
     [
      -122.6248944,
      45.3464377
     ],
     [
      -122.6249129,
      45.3464337
     ],
     [
      -122.6249315,
      45.3464297
     ],
     [
      -122.62495,
      45.3464257
     ],
     [
      -122.6249686,
      45.3464217
     ],
     [
      -122.6249871,
      45.3464177
     ],
     [
      -122.6250057,
      45.3464136
     ],
     [
      -122.6250242,
      45.3464096
     ],
     [
      -122.6250427,
      45.3464056
     ],
     [
      -122.6250613,
      45.3464016
     ],
     [
      -122.6250798,
      45.3463976
     ],
     [
      -122.6250984,
      45.3463935
     ],
     [
      -122.6251169,
      45.3463895
     ],
     [
      -122.6251355,
      45.3463855
     ],
     [
      -122.625154,
      45.3463815
     ],
     [
      -122.6251726,
      45.3463775
     ],
     [
      -122.6251911,
      45.3463735
     ],
     [
      -122.6252096,
      45.3463694
     ],
     [
      -122.6252282,
      45.3463654
     ],
     [
      -122.6252467,
      45.3463614
     ],
     [
      -122.6252653,
      45.3463574
     ],
     [
      -122.6252838,
      45.3463534
     ],
     [
      -122.6253024,
      45.3463493
     ],
     [
      -122.6253209,
      45.3463453
     ],
     [
      -122.6253395,
      45.3463413
     ],
     [
      -122.625358,
      45.3463373
     ],
     [
      -122.6253766,
      45.3463333
     ],
     [
      -122.6253951,
      45.3463292
     ],
     [
      -122.6254136,
      45.3463252
     ],
     [
      -122.6254322,
      45.3463212
     ],
     [
      -122.6254507,
      45.3463172
     ],
     [
      -122.6254693,
      45.3463132
     ],
     [
      -122.6254878,
      45.3463092
     ],
     [
      -122.6255064,
      45.3463051
     ],
     [
      -122.6255249,
      45.3463011
     ],
     [
      -122.6255435,
      45.3462971
     ],
     [
      -122.625562,
      45.3462931
     ],
     [
      -122.6255805,
      45.3462891
     ],
     [
      -122.6255991,
      45.346285
     ],
     [
      -122.6256176,
      45.346281
     ],
     [
      -122.6256361,
      45.3462773
     ],
     [
      -122.6256548,
      45.346274
     ],
     [
      -122.6256736,
      45.3462711
     ],
     [
      -122.6256925,
      45.3462687
     ],
     [
      -122.6257115,
      45.3462668
     ],
     [
      -122.6257306,
      45.3462653
     ],
     [
      -122.6257498,
      45.3462644
     ],
     [
      -122.625769,
      45.3462638
     ],
     [
      -122.6257883,
      45.3462638
     ],
     [
      -122.6258075,
      45.3462642
     ],
     [
      -122.6258267,
      45.3462651
     ],
     [
      -122.6258458,
      45.3462665
     ],
     [
      -122.6258649,
      45.3462683
     ],
     [
      -122.6258838,
      45.3462706
     ],
     [
      -122.6259026,
      45.3462733
     ],
     [
      -122.6259213,
      45.3462765
     ],
     [
      -122.6259398,
      45.3462802
     ],
     [
      -122.6259582,
      45.3462843
     ],
     [
      -122.6259763,
      45.3462888
     ],
     [
      -122.6259941,
      45.3462938
     ],
     [
      -122.6260118,
      45.3462993
     ],
     [
      -122.6260291,
      45.3463051
     ],
     [
      -122.6260462,
      45.3463114
     ],
     [
      -122.6260629,
      45.3463181
     ],
     [
      -122.6260793,
      45.3463252
     ],
     [
      -122.6260953,
      45.3463327
     ],
     [
      -122.6261109,
      45.3463406
     ],
     [
      -122.6261262,
      45.3463488
     ],
     [
      -122.626141,
      45.3463574
     ],
     [
      -122.6261555,
      45.3463664
     ],
     [
      -122.6261694,
      45.3463757
     ],
     [
      -122.6261829,
      45.3463854
     ],
     [
      -122.6261959,
      45.3463954
     ]
    ]
   }
  }
 ]
}