{
 "type": "FeatureCollection",
 "features": [
  {
   "type": "Feature",
   "properties": {
    "id": "main",
    "name": "PRL&P Springwater line",
    "source": "Oregon City Line track to the Springwater Corridor; City of Portland Springwater Corridor trail to Boring; approximate join; Portland Traction Co. V-B sheets 1-4 and the 1911 Estacada survey (Clackamas Co. SN1911-019) curve data 1192+00 to 1837+74, placed by the printed bearings and the 1967 highway survey SN1967-034, then centred on the right-of-way parcel strip (Boring to near Estacada); approximate join; 1923 Oak Grove Project sheet 23e (SN1923-007) Faraday to Cazadero"
   },
   "geometry": {
    "type": "LineString",
    "coordinates": [
     [
      -122.6749263,
      45.5142741
     ],
     [
      -122.6752403,
      45.5143561
     ],
     [
      -122.6752758,
      45.5143653
     ],
     [
      -122.6753096,
      45.5143742
     ],
     [
      -122.6753408,
      45.5143823
     ],
     [
      -122.6753682,
      45.5143895
     ],
     [
      -122.6753896,
      45.5144544
     ],
     [
      -122.6753776,
      45.5144757
     ],
     [
      -122.6753642,
      45.5144995
     ],
     [
      -122.6753507,
      45.5145235
     ],
     [
      -122.6732475,
      45.5184104
     ],
     [
      -122.6728907,
      45.5190578
     ],
     [
      -122.6725956,
      45.5196086
     ],
     [
      -122.6725813,
      45.5196334
     ],
     [
      -122.672568,
      45.5196564
     ],
     [
      -122.6725558,
      45.5196776
     ],
     [
      -122.6725452,
      45.5196961
     ],
     [
      -122.672607,
      45.519759
     ],
     [
      -122.6726374,
      45.5197671
     ],
     [
      -122.6726717,
      45.5197763
     ],
     [
      -122.6727057,
      45.5197854
     ],
     [
      -122.6732962,
      45.5199435
     ],
     [
      -122.6733309,
      45.5199528
     ],
     [
      -122.6733651,
      45.5199619
     ],
     [
      -122.673396,
      45.5199702
     ],
     [
      -122.6734907,
      45.5199521
     ],
     [
      -122.6735016,
      45.5199329
     ],
     [
      -122.6735144,
      45.5199104
     ],
     [
      -122.6735279,
      45.5198867
     ],
     [
      -122.6735418,
      45.5198621
     ],
     [
      -122.6738329,
      45.5193161
     ],
     [
      -122.6742154,
      45.5186635
     ],
     [
      -122.6745482,
      45.5179969
     ],
     [
      -122.6762915,
      45.5147687
     ],
     [
      -122.676305,
      45.5147437
     ],
     [
      -122.6763182,
      45.5147194
     ],
     [
      -122.6763298,
      45.5146978
     ],
     [
      -122.6763401,
      45.5146788
     ],
     [
      -122.6762943,
      45.5146428
     ],
     [
      -122.676263,
      45.5146342
     ],
     [
      -122.6762284,
      45.5146247
     ],
     [
      -122.6761936,
      45.5146152
     ],
     [
      -122.6743435,
      45.5141219
     ],
     [
      -122.6740272,
      45.514035
     ],
     [
      -122.6740272,
      45.514035
     ],
     [
      -122.6735802,
      45.5139188
     ],
     [
      -122.6735802,
      45.5139188
     ],
     [
      -122.673284,
      45.513839
     ],
     [
      -122.673284,
      45.513839
     ],
     [
      -122.6713186,
      45.5133239
     ],
     [
      -122.6713186,
      45.5133239
     ],
     [
      -122.6680311,
      45.5124827
     ],
     [
      -122.6680311,
      45.5124827
     ],
     [
      -122.6678987,
      45.5124515
     ],
     [
      -122.6658434,
      45.5123711
     ],
     [
      -122.6658424,
      45.5123703
     ],
     [
      -122.6658423,
      45.5122904
     ],
     [
      -122.6658423,
      45.5122904
     ],
     [
      -122.6658443,
      45.5122299
     ],
     [
      -122.6658443,
      45.5122299
     ],
     [
      -122.6658531,
      45.511539
     ],
     [
      -122.6658531,
      45.511539
     ],
     [
      -122.6658745,
      45.5108652
     ],
     [
      -122.6658745,
      45.5108652
     ],
     [
      -122.6658772,
      45.5107871
     ],
     [
      -122.6658777,
      45.5105943
     ],
     [
      -122.6658777,
      45.5105943
     ],
     [
      -122.6658814,
      45.5093185
     ],
     [
      -122.6658619,
      45.5092322
     ],
     [
      -122.665817,
      45.5091157
     ],
     [
      -122.6657079,
      45.5089394
     ],
     [
      -122.665575,
      45.5087986
     ],
     [
      -122.665575,
      45.5087986
     ],
     [
      -122.6654423,
      45.5087032
     ],
     [
      -122.665315,
      45.5086424
     ],
     [
      -122.665198,
      45.5086041
     ],
     [
      -122.6650377,
      45.5085632
     ],
     [
      -122.6650377,
      45.5085632
     ],
     [
      -122.6649229,
      45.5085583
     ],
     [
      -122.6642388,
      45.5085482
     ],
     [
      -122.6640577,
      45.5085278
     ],
     [
      -122.6639363,
      45.5085011
     ],
     [
      -122.6638333,
      45.5084612
     ],
     [
      -122.6637282,
      45.5084046
     ],
     [
      -122.6636233,
      45.5083471
     ],
     [
      -122.6635171,
      45.5082832
     ],
     [
      -122.6635171,
      45.5082832
     ],
     [
      -122.6634612,
      45.5082496
     ],
     [
      -122.6633826,
      45.5081972
     ],
     [
      -122.6633193,
      45.5081445
     ],
     [
      -122.6632616,
      45.5081025
     ],
     [
      -122.6632019,
      45.5080576
     ],
     [
      -122.6632019,
      45.5080576
     ],
     [
      -122.6630778,
      45.5079695
     ],
     [
      -122.6629828,
      45.5078887
     ],
     [
      -122.6629035,
      45.5078184
     ],
     [
      -122.6628257,
      45.5077491
     ],
     [
      -122.6627572,
      45.5076967
     ],
     [
      -122.6627061,
      45.5076509
     ],
     [
      -122.6626445,
      45.5075862
     ],
     [
      -122.6625807,
      45.5075229
     ],
     [
      -122.6625447,
      45.5074766
     ],
     [
      -122.6624898,
      45.5074168
     ],
     [
      -122.6624307,
      45.507339
     ],
     [
      -122.6623581,
      45.5072442
     ],
     [
      -122.6623581,
      45.5072442
     ],
     [
      -122.6622906,
      45.5071477
     ],
     [
      -122.6622201,
      45.5070377
     ],
     [
      -122.6621492,
      45.5069205
     ],
     [
      -122.6621039,
      45.5068029
     ],
     [
      -122.6620685,
      45.5066779
     ],
     [
      -122.6620296,
      45.5065425
     ],
     [
      -122.6620285,
      45.5065375
     ],
     [
      -122.6620285,
      45.5065375
     ],
     [
      -122.6620025,
      45.5064206
     ],
     [
      -122.6619827,
      45.5063024
     ],
     [
      -122.6619691,
      45.5062129
     ],
     [
      -122.6619604,
      45.5061197
     ],
     [
      -122.6619511,
      45.5060086
     ],
     [
      -122.6619446,
      45.5058765
     ],
     [
      -122.6617732,
      45.5058095
     ],
     [
      -122.6617811,
      45.5046323
     ],
     [
      -122.6618572,
      45.5041246
     ],
     [
      -122.6618647,
      45.5040084
     ],
     [
      -122.661874,
      45.5038655
     ],
     [
      -122.6618683,
      45.5034692
     ],
     [
      -122.6618554,
      45.5032461
     ],
     [
      -122.6618287,
      45.50302
     ],
     [
      -122.6617945,
      45.5028799
     ],
     [
      -122.6617438,
      45.502682
     ],
     [
      -122.661718,
      45.5025862
     ],
     [
      -122.6615509,
      45.502161
     ],
     [
      -122.6614476,
      45.5019508
     ],
     [
      -122.6613938,
      45.5018329
     ],
     [
      -122.6611261,
      45.5013093
     ],
     [
      -122.6611088,
      45.5012642
     ],
     [
      -122.6610845,
      45.5012014
     ],
     [
      -122.6609831,
      45.5009224
     ],
     [
      -122.6608785,
      45.5006313
     ],
     [
      -122.6608056,
      45.5003745
     ],
     [
      -122.6606942,
      45.4999721
     ],
     [
      -122.6606295,
      45.4997161
     ],
     [
      -122.660552,
      45.4994276
     ],
     [
      -122.6605513,
      45.4994247
     ],
     [
      -122.6604779,
      45.4991592
     ],
     [
      -122.6604094,
      45.4989236
     ],
     [
      -122.660357,
      45.4987086
     ],
     [
      -122.6602898,
      45.4984647
     ],
     [
      -122.6602489,
      45.4983285
     ],
     [
      -122.660187,
      45.4981225
     ],
     [
      -122.6601174,
      45.4978449
     ],
     [
      -122.6600935,
      45.4977575
     ],
     [
      -122.6599689,
      45.497348
     ],
     [
      -122.659906,
      45.4970786
     ],
     [
      -122.6598708,
      45.4969259
     ],
     [
      -122.6598049,
      45.496658
     ],
     [
      -122.6597138,
      45.4963244
     ],
     [
      -122.6596684,
      45.4961624
     ],
     [
      -122.659664,
      45.4961465
     ],
     [
      -122.6595843,
      45.4958489
     ],
     [
      -122.6595052,
      45.495551
     ],
     [
      -122.659503,
      45.4955432
     ],
     [
      -122.659411,
      45.4952186
     ],
     [
      -122.6591121,
      45.4941298
     ],
     [
      -122.6590743,
      45.4939739
     ],
     [
      -122.6590482,
      45.4938801
     ],
     [
      -122.6589386,
      45.4935403
     ],
     [
      -122.6588243,
      45.49323
     ],
     [
      -122.6587192,
      45.4930154
     ],
     [
      -122.6586083,
      45.4927999
     ],
     [
      -122.6583748,
      45.4924303
     ],
     [
      -122.6581701,
      45.4921578
     ],
     [
      -122.6581097,
      45.4920797
     ],
     [
      -122.6581097,
      45.4920796
     ],
     [
      -122.6579877,
      45.4919218
     ],
     [
      -122.6578389,
      45.4917596
     ],
     [
      -122.6577125,
      45.4916285
     ],
     [
      -122.6575951,
      45.4915126
     ],
     [
      -122.6574953,
      45.4914159
     ],
     [
      -122.6573569,
      45.4912967
     ],
     [
      -122.6571558,
      45.4911286
     ],
     [
      -122.6570356,
      45.4910315
     ],
     [
      -122.6567194,
      45.4908078
     ],
     [
      -122.6565371,
      45.4906908
     ],
     [
      -122.6565234,
      45.4906821
     ],
     [
      -122.6563518,
      45.4905658
     ],
     [
      -122.6561608,
      45.4904557
     ],
     [
      -122.6558752,
      45.490303
     ],
     [
      -122.6555067,
      45.4901219
     ],
     [
      -122.6551687,
      45.489968
     ],
     [
      -122.6544091,
      45.489634
     ],
     [
      -122.654409,
      45.489634
     ],
     [
      -122.6544061,
      45.4896327
     ],
     [
      -122.654036,
      45.4894646
     ],
     [
      -122.6537999,
      45.4893433
     ],
     [
      -122.6536126,
      45.4892371
     ],
     [
      -122.6533471,
      45.4890789
     ],
     [
      -122.6532445,
      45.4890147
     ],
     [
      -122.6530027,
      45.4888414
     ],
     [
      -122.652847,
      45.4887094
     ],
     [
      -122.6527878,
      45.4886538
     ],
     [
      -122.6527375,
      45.4886068
     ],
     [
      -122.6525642,
      45.4884344
     ],
     [
      -122.6524357,
      45.488291
     ],
     [
      -122.6523074,
      45.4881593
     ],
     [
      -122.6521608,
      45.4879755
     ],
     [
      -122.65207,
      45.4878411
     ],
     [
      -122.6519418,
      45.4876163
     ],
     [
      -122.6518346,
      45.4874008
     ],
     [
      -122.6517424,
      45.4871743
     ],
     [
      -122.6516895,
      45.4870006
     ],
     [
      -122.6516389,
      45.4868203
     ],
     [
      -122.6516184,
      45.4867398
     ],
     [
      -122.6516183,
      45.4867398
     ],
     [
      -122.6516016,
      45.4866744
     ],
     [
      -122.6515725,
      45.4864038
     ],
     [
      -122.6515701,
      45.4861447
     ],
     [
      -122.6516236,
      45.4857222
     ],
     [
      -122.6516886,
      45.4854252
     ],
     [
      -122.6518005,
      45.4850945
     ],
     [
      -122.6519606,
      45.4847768
     ],
     [
      -122.6520686,
      45.4845988
     ],
     [
      -122.6524631,
      45.4840175
     ],
     [
      -122.6527034,
      45.4836685
     ],
     [
      -122.6529149,
      45.483383
     ],
     [
      -122.6529606,
      45.4833159
     ],
     [
      -122.6529606,
      45.4833159
     ],
     [
      -122.6533763,
      45.4827062
     ],
     [
      -122.6537128,
      45.4822235
     ],
     [
      -122.6540624,
      45.4817266
     ],
     [
      -122.6542213,
      45.4814998
     ],
     [
      -122.6543874,
      45.4812778
     ],
     [
      -122.6547525,
      45.4808711
     ],
     [
      -122.6547777,
      45.4808073
     ],
     [
      -122.6549047,
      45.4805624
     ],
     [
      -122.6549048,
      45.4805624
     ],
     [
      -122.655009,
      45.4803884
     ],
     [
      -122.6552391,
      45.4800244
     ],
     [
      -122.6553868,
      45.479819
     ],
     [
      -122.6555173,
      45.4796236
     ],
     [
      -122.6556678,
      45.4794197
     ],
     [
      -122.656016,
      45.4789121
     ],
     [
      -122.6563711,
      45.4784097
     ],
     [
      -122.6565336,
      45.4781727
     ],
     [
      -122.6566628,
      45.477993
     ],
     [
      -122.6569422,
      45.477598
     ],
     [
      -122.6569685,
      45.477561
     ],
     [
      -122.6571483,
      45.477305
     ],
     [
      -122.6572277,
      45.477192
     ],
     [
      -122.6575385,
      45.4767395
     ],
     [
      -122.6577975,
      45.4763717
     ],
     [
      -122.6580334,
      45.4760284
     ],
     [
      -122.6583195,
      45.475621
     ],
     [
      -122.6588323,
      45.4748904
     ],
     [
      -122.6592134,
      45.4743493
     ],
     [
      -122.6593915,
      45.4740965
     ],
     [
      -122.6594194,
      45.4740564
     ],
     [
      -122.6602056,
      45.4729257
     ],
     [
      -122.6604305,
      45.4726645
     ],
     [
      -122.6605313,
      45.4725526
     ],
     [
      -122.6606076,
      45.4724514
     ],
     [
      -122.6608106,
      45.4721585
     ],
     [
      -122.6608845,
      45.4720472
     ],
     [
      -122.6609199,
      45.4719874
     ],
     [
      -122.6610207,
      45.4717851
     ],
     [
      -122.6610986,
      45.4716644
     ],
     [
      -122.6612208,
      45.471485
     ],
     [
      -122.6613487,
      45.4712912
     ],
     [
      -122.6614604,
      45.4711115
     ],
     [
      -122.6615854,
      45.4709021
     ],
     [
      -122.6617016,
      45.4706891
     ],
     [
      -122.6618016,
      45.4704867
     ],
     [
      -122.6619118,
      45.4702405
     ],
     [
      -122.662044,
      45.4698902
     ],
     [
      -122.6621193,
      45.4696685
     ],
     [
      -122.6622336,
      45.4692666
     ],
     [
      -122.6623111,
      45.4689467
     ],
     [
      -122.6623633,
      45.4686399
     ],
     [
      -122.6624033,
      45.4681721
     ],
     [
      -122.662418,
      45.4678772
     ],
     [
      -122.6624087,
      45.4674776
     ],
     [
      -122.6623986,
      45.4673551
     ],
     [
      -122.6623986,
      45.4673551
     ],
     [
      -122.6623718,
      45.4670309
     ],
     [
      -122.6623563,
      45.4668853
     ],
     [
      -122.6623351,
      45.4667482
     ],
     [
      -122.6622885,
      45.4665177
     ],
     [
      -122.6622291,
      45.4662663
     ],
     [
      -122.6621344,
      45.4659244
     ],
     [
      -122.6619973,
      45.4655188
     ],
     [
      -122.6618967,
      45.4652303
     ],
     [
      -122.6618378,
      45.4651067
     ],
     [
      -122.6618338,
      45.4650983
     ],
     [
      -122.6617839,
      45.4649926
     ],
     [
      -122.6617685,
      45.4649522
     ],
     [
      -122.6614617,
      45.4643298
     ],
     [
      -122.661148,
      45.4637751
     ],
     [
      -122.6610799,
      45.4636573
     ],
     [
      -122.6610094,
      45.4635403
     ],
     [
      -122.6609365,
      45.463424
     ],
     [
      -122.6608611,
      45.4633085
     ],
     [
      -122.6607833,
      45.4631937
     ],
     [
      -122.6607031,
      45.4630798
     ],
     [
      -122.6606205,
      45.4629668
     ],
     [
      -122.6605386,
      45.4628589
     ],
     [
      -122.6599991,
      45.4621874
     ],
     [
      -122.6594612,
      45.461474
     ],
     [
      -122.6589974,
      45.4608615
     ],
     [
      -122.6588922,
      45.4607606
     ],
     [
      -122.658439,
      45.4603263
     ],
     [
      -122.658184,
      45.4601295
     ],
     [
      -122.6578746,
      45.4598887
     ],
     [
      -122.6577876,
      45.4598195
     ],
     [
      -122.6577853,
      45.4598177
     ],
     [
      -122.6577853,
      45.4598177
     ],
     [
      -122.6575349,
      45.4596187
     ],
     [
      -122.6571127,
      45.4593868
     ],
     [
      -122.6571127,
      45.4593868
     ],
     [
      -122.6571105,
      45.4592737
     ],
     [
      -122.6568619,
      45.4592472
     ],
     [
      -122.6567722,
      45.4592123
     ],
     [
      -122.6567722,
      45.4592123
     ],
     [
      -122.6563614,
      45.4590525
     ],
     [
      -122.6560844,
      45.4589452
     ],
     [
      -122.6558885,
      45.4588699
     ],
     [
      -122.6557802,
      45.4588409
     ],
     [
      -122.6553169,
      45.4587035
     ],
     [
      -122.6551105,
      45.4586574
     ],
     [
      -122.6548766,
      45.4586058
     ],
     [
      -122.6542731,
      45.4584725
     ],
     [
      -122.6536715,
      45.45839
     ],
     [
      -122.6534403,
      45.4583583
     ],
     [
      -122.6531164,
      45.4583145
     ],
     [
      -122.6531155,
      45.4583144
     ],
     [
      -122.6530967,
      45.4583909
     ],
     [
      -122.6528674,
      45.4583778
     ],
     [
      -122.6519669,
      45.458426
     ],
     [
      -122.6519669,
      45.458426
     ],
     [
      -122.6518643,
      45.4584315
     ],
     [
      -122.6494789,
      45.4585697
     ],
     [
      -122.6471544,
      45.4586851
     ],
     [
      -122.646843,
      45.4587299
     ],
     [
      -122.646843,
      45.4587299
     ],
     [
      -122.6460506,
      45.4587248
     ],
     [
      -122.6451773,
      45.4587255
     ],
     [
      -122.6450266,
      45.4587524
     ],
     [
      -122.6450266,
      45.4587524
     ],
     [
      -122.6450119,
      45.4587526
     ],
     [
      -122.6449974,
      45.4587544
     ],
     [
      -122.6449835,
      45.4587578
     ],
     [
      -122.6449705,
      45.4587628
     ],
     [
      -122.6449588,
      45.4587691
     ],
     [
      -122.6449487,
      45.4587766
     ],
     [
      -122.6447997,
      45.4588566
     ],
     [
      -122.6447729,
      45.4588709
     ],
     [
      -122.6447444,
      45.4588834
     ],
     [
      -122.6447143,
      45.458894
     ],
     [
      -122.6446829,
      45.4589026
     ],
     [
      -122.6446506,
      45.4589091
     ],
     [
      -122.6446175,
      45.4589135
     ],
     [
      -122.6443616,
      45.4589549
     ],
     [
      -122.644166,
      45.458995
     ],
     [
      -122.6439707,
      45.4590374
     ],
     [
      -122.6435511,
      45.4591289
     ],
     [
      -122.6431903,
      45.4592269
     ],
     [
      -122.6426975,
      45.4593627
     ],
     [
      -122.6426975,
      45.4593627
     ],
     [
      -122.6423051,
      45.4594709
     ],
     [
      -122.6419223,
      45.459578
     ],
     [
      -122.6419223,
      45.459578
     ],
     [
      -122.6415949,
      45.4596696
     ],
     [
      -122.6413595,
      45.4597343
     ],
     [
      -122.6413518,
      45.4597365
     ],
     [
      -122.6413458,
      45.4597382
     ],
     [
      -122.6398834,
      45.4601351
     ],
     [
      -122.6397232,
      45.4601786
     ],
     [
      -122.6397232,
      45.4601786
     ],
     [
      -122.6396306,
      45.4602038
     ],
     [
      -122.6396306,
      45.4602038
     ],
     [
      -122.6395148,
      45.4602353
     ],
     [
      -122.6391329,
      45.4603465
     ],
     [
      -122.6391329,
      45.4603465
     ],
     [
      -122.6390388,
      45.4603739
     ],
     [
      -122.6390388,
      45.4603739
     ],
     [
      -122.6390308,
      45.4603762
     ],
     [
      -122.6388899,
      45.460415
     ],
     [
      -122.6388037,
      45.4604387
     ],
     [
      -122.6388037,
      45.4604387
     ],
     [
      -122.6368767,
      45.4609678
     ],
     [
      -122.6368767,
      45.4609678
     ],
     [
      -122.6368594,
      45.4609726
     ],
     [
      -122.6368594,
      45.4609726
     ],
     [
      -122.6368003,
      45.4609888
     ],
     [
      -122.6366016,
      45.4610436
     ],
     [
      -122.6361578,
      45.4611649
     ],
     [
      -122.6361578,
      45.4611649
     ],
     [
      -122.6351218,
      45.4614611
     ],
     [
      -122.6350584,
      45.4614792
     ],
     [
      -122.6347774,
      45.4615582
     ],
     [
      -122.6347774,
      45.4615582
     ],
     [
      -122.634771,
      45.46156
     ],
     [
      -122.6337996,
      45.461836
     ],
     [
      -122.6326586,
      45.4621335
     ],
     [
      -122.6317099,
      45.4624023
     ],
     [
      -122.6313721,
      45.4624929
     ],
     [
      -122.6313721,
      45.4624929
     ],
     [
      -122.6313721,
      45.4624929
     ],
     [
      -122.6306877,
      45.4626765
     ],
     [
      -122.6305237,
      45.4627216
     ],
     [
      -122.6303586,
      45.4627647
     ],
     [
      -122.6301925,
      45.4628058
     ],
     [
      -122.6300254,
      45.4628449
     ],
     [
      -122.6298574,
      45.462882
     ],
     [
      -122.6296886,
      45.4629172
     ],
     [
      -122.6295189,
      45.4629502
     ],
     [
      -122.6293485,
      45.4629813
     ],
     [
      -122.6291773,
      45.4630103
     ],
     [
      -122.6284303,
      45.4631308
     ],
     [
      -122.6282635,
      45.4631551
     ],
     [
      -122.6280961,
      45.4631778
     ],
     [
      -122.6279283,
      45.4631987
     ],
     [
      -122.6277601,
      45.4632178
     ],
     [
      -122.6275915,
      45.4632352
     ],
     [
      -122.6274225,
      45.4632509
     ],
     [
      -122.6272533,
      45.4632648
     ],
     [
      -122.6266708,
      45.4633065
     ],
     [
      -122.6263884,
      45.4633196
     ],
     [
      -122.6263884,
      45.4633196
     ],
     [
      -122.6263884,
      45.4633196
     ],
     [
      -122.6263683,
      45.4633205
     ],
     [
      -122.6260237,
      45.4633281
     ],
     [
      -122.6255345,
      45.4633317
     ],
     [
      -122.6246959,
      45.4633218
     ],
     [
      -122.6244165,
      45.4633047
     ],
     [
      -122.6244028,
      45.4633041
     ],
     [
      -122.6242251,
      45.4632956
     ],
     [
      -122.6240642,
      45.4632919
     ],
     [
      -122.6240642,
      45.4632919
     ],
     [
      -122.6239752,
      45.4632785
     ],
     [
      -122.6234157,
      45.4632325
     ],
     [
      -122.6232297,
      45.4632121
     ],
     [
      -122.6229398,
      45.4631755
     ],
     [
      -122.6225931,
      45.4631315
     ],
     [
      -122.6222126,
      45.4630708
     ],
     [
      -122.6214805,
      45.4629372
     ],
     [
      -122.6211143,
      45.4628594
     ],
     [
      -122.6211143,
      45.4628594
     ],
     [
      -122.6210914,
      45.4628545
     ],
     [
      -122.6209553,
      45.4628232
     ],
     [
      -122.6209553,
      45.4628232
     ],
     [
      -122.6208949,
      45.4628093
     ],
     [
      -122.6206529,
      45.4627537
     ],
     [
      -122.6206529,
      45.4627537
     ],
     [
      -122.6203317,
      45.4626725
     ],
     [
      -122.6202062,
      45.4626407
     ],
     [
      -122.6202062,
      45.4626407
     ],
     [
      -122.6201291,
      45.462618
     ],
     [
      -122.6195269,
      45.46244
     ],
     [
      -122.6185945,
      45.4621497
     ],
     [
      -122.6180709,
      45.4621018
     ],
     [
      -122.6178622,
      45.4620444
     ],
     [
      -122.6175842,
      45.4619501
     ],
     [
      -122.6168168,
      45.4616879
     ],
     [
      -122.616733,
      45.4616607
     ],
     [
      -122.616733,
      45.4616607
     ],
     [
      -122.6167008,
      45.4616502
     ],
     [
      -122.6166723,
      45.4616422
     ],
     [
      -122.6166449,
      45.4616324
     ],
     [
      -122.6166188,
      45.4616209
     ],
     [
      -122.6165942,
      45.461608
     ],
     [
      -122.6165714,
      45.4615935
     ],
     [
      -122.6165504,
      45.4615777
     ],
     [
      -122.6165315,
      45.4615606
     ],
     [
      -122.6165148,
      45.4615425
     ],
     [
      -122.6164994,
      45.461522
     ],
     [
      -122.6164814,
      45.4615026
     ],
     [
      -122.6164609,
      45.4614844
     ],
     [
      -122.616438,
      45.4614677
     ],
     [
      -122.616413,
      45.4614526
     ],
     [
      -122.6163862,
      45.4614392
     ],
     [
      -122.6163576,
      45.4614276
     ],
     [
      -122.6158999,
      45.4612812
     ],
     [
      -122.6157501,
      45.4612399
     ],
     [
      -122.6144934,
      45.460836
     ],
     [
      -122.6144761,
      45.4608308
     ],
     [
      -122.6144146,
      45.4608123
     ],
     [
      -122.6136334,
      45.4605658
     ],
     [
      -122.6128128,
      45.460305
     ],
     [
      -122.6126451,
      45.4602515
     ],
     [
      -122.6126001,
      45.4602371
     ],
     [
      -122.6125524,
      45.4602219
     ],
     [
      -122.6121334,
      45.4600899
     ],
     [
      -122.6121334,
      45.4600899
     ],
     [
      -122.6121334,
      45.4600899
     ],
     [
      -122.6116352,
      45.459933
     ],
     [
      -122.6116001,
      45.4599221
     ],
     [
      -122.6115208,
      45.4598975
     ],
     [
      -122.6107969,
      45.4596696
     ],
     [
      -122.6101577,
      45.4594637
     ],
     [
      -122.6101304,
      45.4594547
     ],
     [
      -122.6101005,
      45.4594449
     ],
     [
      -122.6097101,
      45.4593264
     ],
     [
      -122.6095484,
      45.4592752
     ],
     [
      -122.6094377,
      45.4592343
     ],
     [
      -122.6094029,
      45.459223
     ],
     [
      -122.6093351,
      45.4592009
     ],
     [
      -122.6091693,
      45.4591448
     ],
     [
      -122.6090054,
      45.4590886
     ],
     [
      -122.6088179,
      45.4590269
     ],
     [
      -122.6085417,
      45.4589382
     ],
     [
      -122.6079264,
      45.4587461
     ],
     [
      -122.6074474,
      45.4585967
     ],
     [
      -122.6074474,
      45.4585967
     ],
     [
      -122.6074474,
      45.4585967
     ],
     [
      -122.6073979,
      45.4585813
     ],
     [
      -122.6073784,
      45.4585752
     ],
     [
      -122.6073229,
      45.4585578
     ],
     [
      -122.6070153,
      45.4584628
     ],
     [
      -122.6069443,
      45.4584409
     ],
     [
      -122.6063883,
      45.458269
     ],
     [
      -122.606343,
      45.4582556
     ],
     [
      -122.6062838,
      45.458238
     ],
     [
      -122.6056925,
      45.4580619
     ],
     [
      -122.6051206,
      45.457884
     ],
     [
      -122.6046908,
      45.4577394
     ],
     [
      -122.6046129,
      45.4577109
     ],
     [
      -122.6044987,
      45.4576749
     ],
     [
      -122.6040196,
      45.4575261
     ],
     [
      -122.6034812,
      45.4573572
     ],
     [
      -122.6028341,
      45.4571457
     ],
     [
      -122.6027514,
      45.4571195
     ],
     [
      -122.6027514,
      45.4571194
     ],
     [
      -122.6027514,
      45.4571194
     ],
     [
      -122.6023469,
      45.4569912
     ],
     [
      -122.6019845,
      45.4568748
     ],
     [
      -122.6019261,
      45.4568553
     ],
     [
      -122.6018625,
      45.4568365
     ],
     [
      -122.601554,
      45.4567409
     ],
     [
      -122.601335,
      45.4566698
     ],
     [
      -122.6008789,
      45.4565195
     ],
     [
      -122.6007876,
      45.4564915
     ],
     [
      -122.6006838,
      45.4564586
     ],
     [
      -122.6002699,
      45.4563315
     ],
     [
      -122.5992818,
      45.4560179
     ],
     [
      -122.5992642,
      45.4560133
     ],
     [
      -122.5992522,
      45.4560103
     ],
     [
      -122.5992398,
      45.4560083
     ],
     [
      -122.5992237,
      45.4560071
     ],
     [
      -122.5992075,
      45.4560076
     ],
     [
      -122.5991915,
      45.4560097
     ],
     [
      -122.5991762,
      45.4560134
     ],
     [
      -122.5991617,
      45.4560185
     ],
     [
      -122.5990952,
      45.456036
     ],
     [
      -122.5990888,
      45.4560341
     ],
     [
      -122.5990888,
      45.4560341
     ],
     [
      -122.5989782,
      45.4560013
     ],
     [
      -122.5988606,
      45.4559742
     ],
     [
      -122.5988606,
      45.4559742
     ],
     [
      -122.5988288,
      45.4559669
     ],
     [
      -122.5986937,
      45.4558495
     ],
     [
      -122.598543,
      45.4558066
     ],
     [
      -122.5982028,
      45.4557238
     ],
     [
      -122.5981144,
      45.4557061
     ],
     [
      -122.5978159,
      45.4556457
     ],
     [
      -122.5974512,
      45.4555875
     ],
     [
      -122.5970497,
      45.4555359
     ],
     [
      -122.596729,
      45.4555067
     ],
     [
      -122.5964046,
      45.4554861
     ],
     [
      -122.5960008,
      45.4554779
     ],
     [
      -122.5958352,
      45.455479
     ],
     [
      -122.5955099,
      45.4554858
     ],
     [
      -122.5950838,
      45.4555063
     ],
     [
      -122.5948508,
      45.4555292
     ],
     [
      -122.5944723,
      45.4555737
     ],
     [
      -122.5941545,
      45.4556237
     ],
     [
      -122.5938907,
      45.4556732
     ],
     [
      -122.5938907,
      45.4556732
     ],
     [
      -122.5937286,
      45.4557037
     ],
     [
      -122.593652,
      45.4557208
     ],
     [
      -122.5933591,
      45.4557864
     ],
     [
      -122.5933231,
      45.4557933
     ],
     [
      -122.5932866,
      45.4557987
     ],
     [
      -122.5932497,
      45.4558026
     ],
     [
      -122.5932125,
      45.4558049
     ],
     [
      -122.5931752,
      45.4558057
     ],
     [
      -122.593147,
      45.4558076
     ],
     [
      -122.5931191,
      45.4558112
     ],
     [
      -122.5930918,
      45.4558166
     ],
     [
      -122.5930653,
      45.4558238
     ],
     [
      -122.5930399,
      45.4558326
     ],
     [
      -122.5930157,
      45.4558431
     ],
     [
      -122.592993,
      45.455855
     ],
     [
      -122.5929719,
      45.4558683
     ],
     [
      -122.5929719,
      45.4558683
     ],
     [
      -122.5929608,
      45.4558764
     ],
     [
      -122.592705,
      45.455871
     ],
     [
      -122.5927013,
      45.4560379
     ],
     [
      -122.5927013,
      45.4560379
     ],
     [
      -122.5927011,
      45.4560453
     ],
     [
      -122.5927033,
      45.4560805
     ],
     [
      -122.5927033,
      45.4560805
     ],
     [
      -122.5925838,
      45.4561347
     ],
     [
      -122.5925199,
      45.4561636
     ],
     [
      -122.5923777,
      45.4561963
     ],
     [
      -122.5922375,
      45.4562331
     ],
     [
      -122.592079,
      45.4562718
     ],
     [
      -122.5920367,
      45.456285
     ],
     [
      -122.5919059,
      45.4563345
     ],
     [
      -122.5917277,
      45.4564177
     ],
     [
      -122.5914192,
      45.4565615
     ],
     [
      -122.5912797,
      45.4566371
     ],
     [
      -122.5911537,
      45.4567095
     ],
     [
      -122.5909877,
      45.4568075
     ],
     [
      -122.5907759,
      45.456933
     ],
     [
      -122.5906426,
      45.4570174
     ],
     [
      -122.5904373,
      45.4571581
     ],
     [
      -122.5901461,
      45.4573515
     ],
     [
      -122.5887668,
      45.458293
     ],
     [
      -122.5887668,
      45.458293
     ],
     [
      -122.5885204,
      45.4584611
     ],
     [
      -122.5885204,
      45.4584611
     ],
     [
      -122.5884493,
      45.4585096
     ],
     [
      -122.5873604,
      45.4592438
     ],
     [
      -122.5873604,
      45.4592438
     ],
     [
      -122.5867305,
      45.4596685
     ],
     [
      -122.5860609,
      45.4601199
     ],
     [
      -122.5853006,
      45.4606261
     ],
     [
      -122.5853006,
      45.4606261
     ],
     [
      -122.5850478,
      45.4607944
     ],
     [
      -122.5850478,
      45.4607944
     ],
     [
      -122.5846473,
      45.461061
     ],
     [
      -122.5845487,
      45.4611315
     ],
     [
      -122.5844119,
      45.4612004
     ],
     [
      -122.5841981,
      45.461331
     ],
     [
      -122.5841981,
      45.461331
     ],
     [
      -122.58364,
      45.4616719
     ],
     [
      -122.5832808,
      45.4618937
     ],
     [
      -122.5828298,
      45.4621632
     ],
     [
      -122.5822962,
      45.4624937
     ],
     [
      -122.5818056,
      45.4627884
     ],
     [
      -122.5814599,
      45.4629928
     ],
     [
      -122.5810974,
      45.4632217
     ],
     [
      -122.5809821,
      45.4632967
     ],
     [
      -122.5808407,
      45.4633913
     ],
     [
      -122.5806503,
      45.4635
     ],
     [
      -122.5803107,
      45.4637017
     ],
     [
      -122.5803107,
      45.4637017
     ],
     [
      -122.5803107,
      45.4637017
     ],
     [
      -122.5802477,
      45.4637392
     ],
     [
      -122.5794968,
      45.4642093
     ],
     [
      -122.579457,
      45.4642414
     ],
     [
      -122.5794119,
      45.4642874
     ],
     [
      -122.5793801,
      45.4643235
     ],
     [
      -122.5793425,
      45.4643619
     ],
     [
      -122.5793425,
      45.4643619
     ],
     [
      -122.579341,
      45.4643771
     ],
     [
      -122.5793369,
      45.4643921
     ],
     [
      -122.5793303,
      45.4644066
     ],
     [
      -122.5793211,
      45.4644204
     ],
     [
      -122.5793096,
      45.4644333
     ],
     [
      -122.579296,
      45.4644452
     ],
     [
      -122.5792804,
      45.4644558
     ],
     [
      -122.5792631,
      45.4644649
     ],
     [
      -122.5792443,
      45.4644725
     ],
     [
      -122.5792243,
      45.4644784
     ],
     [
      -122.5792035,
      45.4644826
     ],
     [
      -122.5791821,
      45.4644849
     ],
     [
      -122.5791821,
      45.4644849
     ],
     [
      -122.5791794,
      45.4644851
     ],
     [
      -122.5790425,
      45.4644829
     ],
     [
      -122.5789345,
      45.4644812
     ],
     [
      -122.5789345,
      45.4644812
     ],
     [
      -122.5789063,
      45.4644808
     ],
     [
      -122.5788901,
      45.4644819
     ],
     [
      -122.5788744,
      45.4644847
     ],
     [
      -122.5788594,
      45.4644892
     ],
     [
      -122.5788457,
      45.4644952
     ],
     [
      -122.5788333,
      45.4645026
     ],
     [
      -122.5788227,
      45.4645113
     ],
     [
      -122.5788141,
      45.464521
     ],
     [
      -122.5787239,
      45.464612
     ],
     [
      -122.5787239,
      45.464612
     ],
     [
      -122.5787729,
      45.4645071
     ],
     [
      -122.5787798,
      45.4644955
     ],
     [
      -122.5787892,
      45.4644847
     ],
     [
      -122.578801,
      45.4644753
     ],
     [
      -122.5788148,
      45.4644672
     ],
     [
      -122.5788302,
      45.4644608
     ],
     [
      -122.5788469,
      45.4644563
     ],
     [
      -122.5788645,
      45.4644537
     ],
     [
      -122.5789034,
      45.4644525
     ],
     [
      -122.5789341,
      45.4644524
     ],
     [
      -122.5789341,
      45.4644524
     ],
     [
      -122.5790433,
      45.4644518
     ],
     [
      -122.5791812,
      45.4644511
     ],
     [
      -122.5791812,
      45.4644511
     ],
     [
      -122.579184,
      45.464451
     ],
     [
      -122.5792054,
      45.4644482
     ],
     [
      -122.579226,
      45.4644433
     ],
     [
      -122.5792455,
      45.4644366
     ],
     [
      -122.5792636,
      45.464428
     ],
     [
      -122.5792799,
      45.4644178
     ],
     [
      -122.5792941,
      45.4644062
     ],
     [
      -122.5793059,
      45.4643933
     ],
     [
      -122.5793425,
      45.4643619
     ],
     [
      -122.5787239,
      45.464612
     ],
     [
      -122.5787184,
      45.464622
     ],
     [
      -122.5786813,
      45.4646736
     ],
     [
      -122.578657,
      45.4647015
     ],
     [
      -122.5786172,
      45.4647333
     ],
     [
      -122.5785563,
      45.4647736
     ],
     [
      -122.5779521,
      45.4651498
     ],
     [
      -122.5777268,
      45.4652808
     ],
     [
      -122.5773259,
      45.4655127
     ],
     [
      -122.5768855,
      45.4657849
     ],
     [
      -122.5763917,
      45.4660907
     ],
     [
      -122.5760333,
      45.4663127
     ],
     [
      -122.575659,
      45.4665266
     ],
     [
      -122.5753119,
      45.4667388
     ],
     [
      -122.5751982,
      45.4668158
     ],
     [
      -122.5750919,
      45.4668786
     ],
     [
      -122.574925,
      45.4669807
     ],
     [
      -122.574881,
      45.4670074
     ],
     [
      -122.574881,
      45.4670074
     ],
     [
      -122.574881,
      45.4670074
     ],
     [
      -122.5746179,
      45.4671669
     ],
     [
      -122.5745018,
      45.467243
     ],
     [
      -122.5742348,
      45.4674068
     ],
     [
      -122.5740286,
      45.4675254
     ],
     [
      -122.5738109,
      45.4676596
     ],
     [
      -122.5738109,
      45.4676596
     ],
     [
      -122.5737769,
      45.4676805
     ],
     [
      -122.5735613,
      45.4678098
     ],
     [
      -122.5732505,
      45.4680016
     ],
     [
      -122.5729491,
      45.4681818
     ],
     [
      -122.5726047,
      45.4683943
     ],
     [
      -122.5725284,
      45.4684383
     ],
     [
      -122.5725284,
      45.4684383
     ],
     [
      -122.5724077,
      45.468508
     ],
     [
      -122.5722823,
      45.4685918
     ],
     [
      -122.5722823,
      45.4685918
     ],
     [
      -122.5722459,
      45.4686162
     ],
     [
      -122.5719955,
      45.4687647
     ],
     [
      -122.5716334,
      45.4689914
     ],
     [
      -122.5712594,
      45.4692151
     ],
     [
      -122.5709275,
      45.4694179
     ],
     [
      -122.5706528,
      45.4695825
     ],
     [
      -122.5703056,
      45.469792
     ],
     [
      -122.5698535,
      45.4700659
     ],
     [
      -122.5697354,
      45.470142
     ],
     [
      -122.5691802,
      45.4704759
     ],
     [
      -122.5689807,
      45.4705956
     ],
     [
      -122.5689577,
      45.4706073
     ],
     [
      -122.5689361,
      45.4706203
     ],
     [
      -122.5689161,
      45.4706345
     ],
     [
      -122.5688978,
      45.4706498
     ],
     [
      -122.5688813,
      45.470666
     ],
     [
      -122.5688668,
      45.4706832
     ],
     [
      -122.5688543,
      45.4707011
     ],
     [
      -122.5688375,
      45.4707242
     ],
     [
      -122.5688181,
      45.4707464
     ],
     [
      -122.5687963,
      45.4707673
     ],
     [
      -122.5687721,
      45.4707869
     ],
     [
      -122.5687457,
      45.4708051
     ],
     [
      -122.5687447,
      45.4708055
     ],
     [
      -122.5687447,
      45.4708055
     ],
     [
      -122.5686252,
      45.4708578
     ],
     [
      -122.5685177,
      45.4709004
     ],
     [
      -122.5685176,
      45.4709004
     ],
     [
      -122.5598713,
      45.4755583
     ],
     [
      -122.559854,
      45.4755641
     ],
     [
      -122.5597534,
      45.4755866
     ],
     [
      -122.5596164,
      45.475627
     ],
     [
      -122.5594486,
      45.475676
     ],
     [
      -122.5590394,
      45.4757908
     ],
     [
      -122.5586126,
      45.4759065
     ],
     [
      -122.5578887,
      45.4760772
     ],
     [
      -122.5578026,
      45.4761016
     ],
     [
      -122.5578026,
      45.4761016
     ],
     [
      -122.5577062,
      45.4761132
     ],
     [
      -122.5571714,
      45.4762231
     ],
     [
      -122.5566953,
      45.4763205
     ],
     [
      -122.5566675,
      45.4763271
     ],
     [
      -122.5566389,
      45.4763316
     ],
     [
      -122.5566098,
      45.476334
     ],
     [
      -122.5565805,
      45.4763344
     ],
     [
      -122.5565513,
      45.4763326
     ],
     [
      -122.5565225,
      45.4763287
     ],
     [
      -122.5564844,
      45.4763234
     ],
     [
      -122.5564459,
      45.4763196
     ],
     [
      -122.5564072,
      45.4763174
     ],
     [
      -122.5563683,
      45.4763168
     ],
     [
      -122.5563295,
      45.4763179
     ],
     [
      -122.5562908,
      45.4763205
     ],
     [
      -122.5562524,
      45.4763248
     ],
     [
      -122.5559315,
      45.4763915
     ],
     [
      -122.5559047,
      45.4764046
     ],
     [
      -122.5559047,
      45.4764046
     ],
     [
      -122.555796,
      45.4764721
     ],
     [
      -122.5557559,
      45.4764953
     ],
     [
      -122.5557559,
      45.4764953
     ],
     [
      -122.5556567,
      45.4765545
     ],
     [
      -122.555644,
      45.4765642
     ],
     [
      -122.555644,
      45.4765642
     ],
     [
      -122.5556377,
      45.476569
     ],
     [
      -122.5555955,
      45.476595
     ],
     [
      -122.5555679,
      45.4766081
     ],
     [
      -122.5555391,
      45.4766197
     ],
     [
      -122.555509,
      45.4766298
     ],
     [
      -122.555478,
      45.4766382
     ],
     [
      -122.5554461,
      45.4766449
     ],
     [
      -122.5554136,
      45.4766499
     ],
     [
      -122.5553807,
      45.4766532
     ],
     [
      -122.5553475,
      45.4766547
     ],
     [
      -122.5552021,
      45.4766601
     ],
     [
      -122.5551693,
      45.476661
     ],
     [
      -122.5551366,
      45.4766634
     ],
     [
      -122.5551043,
      45.4766675
     ],
     [
      -122.5550724,
      45.4766731
     ],
     [
      -122.5550411,
      45.4766802
     ],
     [
      -122.5546155,
      45.4767725
     ],
     [
      -122.5539482,
      45.4769227
     ],
     [
      -122.5535166,
      45.4770108
     ],
     [
      -122.5528587,
      45.4771517
     ],
     [
      -122.552373,
      45.4772554
     ],
     [
      -122.5518835,
      45.4773607
     ],
     [
      -122.5513418,
      45.4774789
     ],
     [
      -122.5511734,
      45.4775143
     ],
     [
      -122.5507325,
      45.4776046
     ],
     [
      -122.5507325,
      45.4776046
     ],
     [
      -122.5507325,
      45.4776046
     ],
     [
      -122.5507282,
      45.4776054
     ],
     [
      -122.550374,
      45.4776793
     ],
     [
      -122.5500316,
      45.477754
     ],
     [
      -122.549391,
      45.4778881
     ],
     [
      -122.5491676,
      45.47794
     ],
     [
      -122.5489841,
      45.4779894
     ],
     [
      -122.5489841,
      45.4779894
     ],
     [
      -122.5488397,
      45.4780168
     ],
     [
      -122.5485128,
      45.478084
     ],
     [
      -122.5481062,
      45.4781656
     ],
     [
      -122.5478992,
      45.4782098
     ],
     [
      -122.5474636,
      45.4782966
     ],
     [
      -122.5468791,
      45.47842
     ],
     [
      -122.546767,
      45.478445
     ],
     [
      -122.5463855,
      45.4785192
     ],
     [
      -122.5459675,
      45.4786091
     ],
     [
      -122.5456753,
      45.4786718
     ],
     [
      -122.5452397,
      45.4787567
     ],
     [
      -122.5446647,
      45.4788738
     ],
     [
      -122.5445758,
      45.4788942
     ],
     [
      -122.5440461,
      45.4790077
     ],
     [
      -122.544046,
      45.4790077
     ],
     [
      -122.544046,
      45.4790077
     ],
     [
      -122.543943,
      45.4790298
     ],
     [
      -122.5433663,
      45.4791507
     ],
     [
      -122.5428496,
      45.4792614
     ],
     [
      -122.5422634,
      45.4793896
     ],
     [
      -122.5418705,
      45.479472
     ],
     [
      -122.5413925,
      45.4795731
     ],
     [
      -122.541137,
      45.4796281
     ],
     [
      -122.5406493,
      45.4797287
     ],
     [
      -122.5400398,
      45.4798616
     ],
     [
      -122.5394476,
      45.4799865
     ],
     [
      -122.5391202,
      45.4800559
     ],
     [
      -122.5391202,
      45.4800559
     ],
     [
      -122.5391202,
      45.4800559
     ],
     [
      -122.539047,
      45.4800715
     ],
     [
      -122.5386058,
      45.4801667
     ],
     [
      -122.5378859,
      45.4803196
     ],
     [
      -122.5376403,
      45.4803713
     ],
     [
      -122.5374893,
      45.4804054
     ],
     [
      -122.5374893,
      45.4804054
     ],
     [
      -122.5373537,
      45.480436
     ],
     [
      -122.5372124,
      45.4804611
     ],
     [
      -122.5372124,
      45.4804611
     ],
     [
      -122.5371871,
      45.4804656
     ],
     [
      -122.5369182,
      45.4805242
     ],
     [
      -122.5362602,
      45.480665
     ],
     [
      -122.5357957,
      45.4807629
     ],
     [
      -122.5352442,
      45.4808804
     ],
     [
      -122.5351204,
      45.4809095
     ],
     [
      -122.5345301,
      45.4810326
     ],
     [
      -122.5339262,
      45.4811608
     ],
     [
      -122.5335352,
      45.4812423
     ],
     [
      -122.5331985,
      45.4813132
     ],
     [
      -122.5328927,
      45.4813773
     ],
     [
      -122.5327961,
      45.481403
     ],
     [
      -122.5322883,
      45.4815129
     ],
     [
      -122.5322883,
      45.4815129
     ],
     [
      -122.5322883,
      45.4815129
     ],
     [
      -122.5322233,
      45.481527
     ],
     [
      -122.5321826,
      45.4815306
     ],
     [
      -122.5321071,
      45.4815488
     ],
     [
      -122.5316473,
      45.4816156
     ],
     [
      -122.531228,
      45.4816691
     ],
     [
      -122.5307657,
      45.481719
     ],
     [
      -122.5304527,
      45.4817459
     ],
     [
      -122.52997,
      45.4817721
     ],
     [
      -122.5296234,
      45.4817855
     ],
     [
      -122.5293191,
      45.4817845
     ],
     [
      -122.5289327,
      45.4817757
     ],
     [
      -122.5289327,
      45.4817757
     ],
     [
      -122.528841,
      45.4817736
     ],
     [
      -122.5282276,
      45.4817449
     ],
     [
      -122.5278875,
      45.4817215
     ],
     [
      -122.5275214,
      45.4816806
     ],
     [
      -122.5270865,
      45.4816269
     ],
     [
      -122.5266339,
      45.4815663
     ],
     [
      -122.5261834,
      45.4815106
     ],
     [
      -122.5261834,
      45.4815106
     ],
     [
      -122.5260091,
      45.481489
     ],
     [
      -122.5254331,
      45.4814145
     ],
     [
      -122.5253743,
      45.4814069
     ],
     [
      -122.5253687,
      45.4814062
     ],
     [
      -122.5253687,
      45.4814062
     ],
     [
      -122.5248612,
      45.4813448
     ],
     [
      -122.5244008,
      45.4812838
     ],
     [
      -122.5236235,
      45.4811947
     ],
     [
      -122.523554,
      45.481177
     ],
     [
      -122.5235314,
      45.4811836
     ],
     [
      -122.5235287,
      45.4811832
     ],
     [
      -122.5235287,
      45.4811832
     ],
     [
      -122.5229868,
      45.4811136
     ],
     [
      -122.5225755,
      45.4810632
     ],
     [
      -122.5217781,
      45.4809591
     ],
     [
      -122.5215236,
      45.4809297
     ],
     [
      -122.5209021,
      45.4808508
     ],
     [
      -122.5209021,
      45.4808508
     ],
     [
      -122.5207988,
      45.4808377
     ],
     [
      -122.5204227,
      45.4807892
     ],
     [
      -122.5198858,
      45.4807179
     ],
     [
      -122.519831,
      45.4807107
     ],
     [
      -122.519831,
      45.4807107
     ],
     [
      -122.5192707,
      45.480637
     ],
     [
      -122.5181758,
      45.480503
     ],
     [
      -122.5170492,
      45.4803521
     ],
     [
      -122.5169376,
      45.4803378
     ],
     [
      -122.5169376,
      45.4803378
     ],
     [
      -122.5159659,
      45.4802127
     ],
     [
      -122.5154039,
      45.4801458
     ],
     [
      -122.514665,
      45.4800478
     ],
     [
      -122.514665,
      45.4800478
     ],
     [
      -122.5143381,
      45.4800045
     ],
     [
      -122.5135173,
      45.4798978
     ],
     [
      -122.5132,
      45.4798588
     ],
     [
      -122.5125516,
      45.479775
     ],
     [
      -122.5121267,
      45.4797259
     ],
     [
      -122.512,
      45.4797126
     ],
     [
      -122.512,
      45.4797126
     ],
     [
      -122.5114645,
      45.4796384
     ],
     [
      -122.5110316,
      45.4795839
     ],
     [
      -122.5109217,
      45.47957
     ],
     [
      -122.510493,
      45.4795161
     ],
     [
      -122.5098681,
      45.4794359
     ],
     [
      -122.5091805,
      45.4793467
     ],
     [
      -122.5087635,
      45.4792979
     ],
     [
      -122.5080209,
      45.4791988
     ],
     [
      -122.5076292,
      45.4791506
     ],
     [
      -122.5071786,
      45.4790901
     ],
     [
      -122.5069381,
      45.4790603
     ],
     [
      -122.5069381,
      45.4790603
     ],
     [
      -122.5069381,
      45.4790603
     ],
     [
      -122.5065225,
      45.4790088
     ],
     [
      -122.5058095,
      45.4789182
     ],
     [
      -122.5053983,
      45.4788689
     ],
     [
      -122.5045559,
      45.478758
     ],
     [
      -122.5042445,
      45.4787193
     ],
     [
      -122.5031946,
      45.4785837
     ],
     [
      -122.5029067,
      45.4785484
     ],
     [
      -122.5026073,
      45.4785224
     ],
     [
      -122.502048,
      45.4784739
     ],
     [
      -122.5018638,
      45.4784666
     ],
     [
      -122.5018638,
      45.4784666
     ],
     [
      -122.5018638,
      45.4784666
     ],
     [
      -122.5016243,
      45.4784572
     ],
     [
      -122.5013279,
      45.4784555
     ],
     [
      -122.5012897,
      45.4784551
     ],
     [
      -122.5012615,
      45.4784548
     ],
     [
      -122.5009596,
      45.4784647
     ],
     [
      -122.5004928,
      45.4784965
     ],
     [
      -122.5002758,
      45.4785191
     ],
     [
      -122.5001411,
      45.4785332
     ],
     [
      -122.4998365,
      45.4785753
     ],
     [
      -122.4995669,
      45.4786157
     ],
     [
      -122.4992705,
      45.4786721
     ],
     [
      -122.4989436,
      45.4787464
     ],
     [
      -122.4986634,
      45.4788195
     ],
     [
      -122.4985291,
      45.4788517
     ],
     [
      -122.4984776,
      45.4788803
     ],
     [
      -122.4984178,
      45.478885
     ],
     [
      -122.4981368,
      45.4789815
     ],
     [
      -122.4977211,
      45.4791372
     ],
     [
      -122.4976173,
      45.4791814
     ],
     [
      -122.4972829,
      45.479319
     ],
     [
      -122.4970152,
      45.4794439
     ],
     [
      -122.4970152,
      45.4794439
     ],
     [
      -122.4970152,
      45.4794439
     ],
     [
      -122.4969529,
      45.4794729
     ],
     [
      -122.4967708,
      45.4795615
     ],
     [
      -122.4965275,
      45.4796857
     ],
     [
      -122.4961735,
      45.4798795
     ],
     [
      -122.4960225,
      45.479966
     ],
     [
      -122.4953299,
      45.4803991
     ],
     [
      -122.4950265,
      45.4805879
     ],
     [
      -122.4947917,
      45.4807329
     ],
     [
      -122.4943939,
      45.4809725
     ],
     [
      -122.4943939,
      45.4809725
     ],
     [
      -122.4943907,
      45.4809745
     ],
     [
      -122.4939782,
      45.4812425
     ],
     [
      -122.4939782,
      45.4812425
     ],
     [
      -122.4938454,
      45.4813288
     ],
     [
      -122.4937923,
      45.481362
     ],
     [
      -122.4934638,
      45.4815675
     ],
     [
      -122.493195,
      45.4817439
     ],
     [
      -122.4931099,
      45.4817968
     ],
     [
      -122.4931098,
      45.4817969
     ],
     [
      -122.4931098,
      45.4817969
     ],
     [
      -122.4925233,
      45.4821617
     ],
     [
      -122.4919431,
      45.4825225
     ],
     [
      -122.4918058,
      45.4826116
     ],
     [
      -122.4917733,
      45.4826216
     ],
     [
      -122.4917717,
      45.4826226
     ],
     [
      -122.4917717,
      45.4826226
     ],
     [
      -122.4917287,
      45.4826482
     ],
     [
      -122.491583,
      45.4827405
     ],
     [
      -122.4913765,
      45.4828728
     ],
     [
      -122.4910182,
      45.4831188
     ],
     [
      -122.490537,
      45.4834095
     ],
     [
      -122.4902756,
      45.4835745
     ],
     [
      -122.4899437,
      45.4837866
     ],
     [
      -122.4897644,
      45.4839022
     ],
     [
      -122.4895106,
      45.4840612
     ],
     [
      -122.489263,
      45.4841987
     ],
     [
      -122.4892629,
      45.4841987
     ],
     [
      -122.4892629,
      45.4841987
     ],
     [
      -122.4892562,
      45.4842025
     ],
     [
      -122.489038,
      45.4843203
     ],
     [
      -122.4889634,
      45.4843612
     ],
     [
      -122.4887544,
      45.4844631
     ],
     [
      -122.4885033,
      45.4845867
     ],
     [
      -122.4882879,
      45.4846726
     ],
     [
      -122.488134,
      45.4847344
     ],
     [
      -122.4880532,
      45.4847664
     ],
     [
      -122.4879628,
      45.484801
     ],
     [
      -122.4876199,
      45.4849225
     ],
     [
      -122.4872957,
      45.4850199
     ],
     [
      -122.4870156,
      45.4850954
     ],
     [
      -122.4870049,
      45.4850976
     ],
     [
      -122.4870049,
      45.4850976
     ],
     [
      -122.4867213,
      45.4851579
     ],
     [
      -122.4860495,
      45.4852971
     ],
     [
      -122.4854546,
      45.4854051
     ],
     [
      -122.4852582,
      45.485445
     ],
     [
      -122.4850776,
      45.4854863
     ],
     [
      -122.4850776,
      45.4854863
     ],
     [
      -122.4846043,
      45.4855712
     ],
     [
      -122.4841198,
      45.4856593
     ],
     [
      -122.4835192,
      45.4857736
     ],
     [
      -122.4829593,
      45.4858783
     ],
     [
      -122.4827519,
      45.485916
     ],
     [
      -122.482376,
      45.4859859
     ],
     [
      -122.4818433,
      45.4860865
     ],
     [
      -122.4814382,
      45.4861592
     ],
     [
      -122.4809712,
      45.4862449
     ],
     [
      -122.480386,
      45.4863514
     ],
     [
      -122.4800992,
      45.486405
     ],
     [
      -122.4800992,
      45.486405
     ],
     [
      -122.4800992,
      45.486405
     ],
     [
      -122.4800527,
      45.4864137
     ],
     [
      -122.4789548,
      45.4866182
     ],
     [
      -122.4787539,
      45.4866526
     ],
     [
      -122.4785238,
      45.486694
     ],
     [
      -122.4779892,
      45.4867991
     ],
     [
      -122.4774292,
      45.4869037
     ],
     [
      -122.4771618,
      45.4869534
     ],
     [
      -122.4765281,
      45.487068
     ],
     [
      -122.4760959,
      45.4871478
     ],
     [
      -122.4758693,
      45.4871922
     ],
     [
      -122.4757314,
      45.4872175
     ],
     [
      -122.4756052,
      45.4872438
     ],
     [
      -122.4756052,
      45.4872438
     ],
     [
      -122.4754766,
      45.4872705
     ],
     [
      -122.4753443,
      45.4872933
     ],
     [
      -122.4751513,
      45.487327
     ],
     [
      -122.4751513,
      45.487327
     ],
     [
      -122.4749082,
      45.4873696
     ],
     [
      -122.4742923,
      45.487492
     ],
     [
      -122.4737829,
      45.4875928
     ],
     [
      -122.4732463,
      45.4876977
     ],
     [
      -122.4727851,
      45.4877825
     ],
     [
      -122.472351,
      45.4878635
     ],
     [
      -122.4718608,
      45.4879554
     ],
     [
      -122.4709867,
      45.4881136
     ],
     [
      -122.4706494,
      45.4881723
     ],
     [
      -122.4702034,
      45.488246
     ],
     [
      -122.470175,
      45.4882506
     ],
     [
      -122.470175,
      45.4882506
     ],
     [
      -122.470175,
      45.4882506
     ],
     [
      -122.46987,
      45.4882995
     ],
     [
      -122.46987,
      45.4882995
     ],
     [
      -122.4698291,
      45.4883061
     ],
     [
      -122.4694182,
      45.4883773
     ],
     [
      -122.4692482,
      45.4884088
     ],
     [
      -122.4691581,
      45.4884145
     ],
     [
      -122.4690941,
      45.4884235
     ],
     [
      -122.4681579,
      45.4885349
     ],
     [
      -122.4677072,
      45.488587
     ],
     [
      -122.4676273,
      45.4885982
     ],
     [
      -122.4674822,
      45.4886227
     ],
     [
      -122.4673713,
      45.4886284
     ],
     [
      -122.4672038,
      45.4886352
     ],
     [
      -122.4668945,
      45.488658
     ],
     [
      -122.4660965,
      45.4887055
     ],
     [
      -122.46552,
      45.4887261
     ],
     [
      -122.4654442,
      45.4887298
     ],
     [
      -122.4654442,
      45.4887298
     ],
     [
      -122.4653156,
      45.4887359
     ],
     [
      -122.4651187,
      45.4887392
     ],
     [
      -122.4645112,
      45.4887677
     ],
     [
      -122.463831,
      45.4887962
     ],
     [
      -122.463831,
      45.4887962
     ],
     [
      -122.4609435,
      45.4889172
     ],
     [
      -122.4603066,
      45.4889481
     ],
     [
      -122.4603066,
      45.4889481
     ],
     [
      -122.4603066,
      45.4889481
     ],
     [
      -122.4597344,
      45.4889759
     ],
     [
      -122.4597344,
      45.4889759
     ],
     [
      -122.4569813,
      45.4891096
     ],
     [
      -122.455825,
      45.4891547
     ],
     [
      -122.455825,
      45.4891547
     ],
     [
      -122.4551701,
      45.4891802
     ],
     [
      -122.4551701,
      45.4891802
     ],
     [
      -122.4551701,
      45.4891802
     ],
     [
      -122.455096,
      45.4891831
     ],
     [
      -122.4532053,
      45.4892706
     ],
     [
      -122.4519324,
      45.4893447
     ],
     [
      -122.4516838,
      45.4893719
     ],
     [
      -122.4516838,
      45.4893719
     ],
     [
      -122.4514773,
      45.4893945
     ],
     [
      -122.4498703,
      45.4896675
     ],
     [
      -122.4484048,
      45.4900986
     ],
     [
      -122.4481226,
      45.4902118
     ],
     [
      -122.4480036,
      45.4902564
     ],
     [
      -122.4480036,
      45.4902564
     ],
     [
      -122.4478932,
      45.4902977
     ],
     [
      -122.4478932,
      45.4902977
     ],
     [
      -122.4478164,
      45.4903305
     ],
     [
      -122.4478164,
      45.4903305
     ],
     [
      -122.4477353,
      45.4903652
     ],
     [
      -122.447051,
      45.4906594
     ],
     [
      -122.4468795,
      45.4907606
     ],
     [
      -122.4462487,
      45.4910924
     ],
     [
      -122.4455612,
      45.4915207
     ],
     [
      -122.4449544,
      45.4919688
     ],
     [
      -122.4443653,
      45.4924798
     ],
     [
      -122.4440596,
      45.4927628
     ],
     [
      -122.4440596,
      45.4927628
     ],
     [
      -122.4440596,
      45.4927628
     ],
     [
      -122.4436154,
      45.4931739
     ],
     [
      -122.4430758,
      45.493667
     ],
     [
      -122.4425185,
      45.494107
     ],
     [
      -122.4423337,
      45.494242
     ],
     [
      -122.4419143,
      45.4944968
     ],
     [
      -122.4419143,
      45.4944968
     ],
     [
      -122.4416603,
      45.4946512
     ],
     [
      -122.4412929,
      45.4948332
     ],
     [
      -122.4407937,
      45.4950492
     ],
     [
      -122.4404128,
      45.4951902
     ],
     [
      -122.44035,
      45.4952096
     ],
     [
      -122.4403499,
      45.4952096
     ],
     [
      -122.4403499,
      45.4952096
     ],
     [
      -122.4400951,
      45.4952884
     ],
     [
      -122.4400951,
      45.4952884
     ],
     [
      -122.4398549,
      45.4954954
     ],
     [
      -122.4398377,
      45.4954996
     ],
     [
      -122.4398377,
      45.4954996
     ],
     [
      -122.4397125,
      45.4955298
     ],
     [
      -122.439621,
      45.4955452
     ],
     [
      -122.439621,
      45.4955452
     ],
     [
      -122.4396078,
      45.4955474
     ],
     [
      -122.4395327,
      45.4955451
     ],
     [
      -122.4394913,
      45.4955473
     ],
     [
      -122.4394497,
      45.4955475
     ],
     [
      -122.4394082,
      45.4955455
     ],
     [
      -122.4393671,
      45.4955415
     ],
     [
      -122.4391791,
      45.4955133
     ],
     [
      -122.4391791,
      45.4955133
     ],
     [
      -122.4388428,
      45.4955777
     ],
     [
      -122.4383862,
      45.4956401
     ],
     [
      -122.4379767,
      45.4956793
     ],
     [
      -122.4376303,
      45.4956977
     ],
     [
      -122.4368111,
      45.4957101
     ],
     [
      -122.436397,
      45.4957099
     ],
     [
      -122.4347509,
      45.495682
     ],
     [
      -122.4346107,
      45.4956757
     ],
     [
      -122.4344627,
      45.4956767
     ],
     [
      -122.4340583,
      45.4956623
     ],
     [
      -122.4340583,
      45.4956623
     ],
     [
      -122.4340583,
      45.4956623
     ],
     [
      -122.4336685,
      45.4956483
     ],
     [
      -122.4333876,
      45.4956506
     ],
     [
      -122.4333474,
      45.4956381
     ],
     [
      -122.433181,
      45.4956265
     ],
     [
      -122.4330125,
      45.4956109
     ],
     [
      -122.4328442,
      45.4955935
     ],
     [
      -122.4326764,
      45.4955743
     ],
     [
      -122.4325091,
      45.4955533
     ],
     [
      -122.4323421,
      45.4955305
     ],
     [
      -122.4321758,
      45.495506
     ],
     [
      -122.4316152,
      45.4953836
     ],
     [
      -122.4313592,
      45.4953231
     ],
     [
      -122.4312232,
      45.4952837
     ],
     [
      -122.4312232,
      45.4952837
     ],
     [
      -122.430953,
      45.4952053
     ],
     [
      -122.430854,
      45.4951811
     ],
     [
      -122.4308013,
      45.4951641
     ],
     [
      -122.4307479,
      45.4951482
     ],
     [
      -122.4306135,
      45.4950997
     ],
     [
      -122.4304805,
      45.4950493
     ],
     [
      -122.430349,
      45.494997
     ],
     [
      -122.430219,
      45.4949429
     ],
     [
      -122.4300906,
      45.494887
     ],
     [
      -122.4299638,
      45.4948293
     ],
     [
      -122.4298386,
      45.4947699
     ],
     [
      -122.4297152,
      45.4947087
     ],
     [
      -122.4295935,
      45.4946457
     ],
     [
      -122.4294736,
      45.4945811
     ],
     [
      -122.4293556,
      45.4945148
     ],
     [
      -122.4293035,
      45.4944857
     ],
     [
      -122.4293035,
      45.4944857
     ],
     [
      -122.4293035,
      45.4944857
     ],
     [
      -122.4291055,
      45.4943748
     ],
     [
      -122.428662,
      45.4940841
     ],
     [
      -122.4284103,
      45.493886
     ],
     [
      -122.4280965,
      45.4936202
     ],
     [
      -122.4278024,
      45.4933429
     ],
     [
      -122.4276219,
      45.4931227
     ],
     [
      -122.427576,
      45.4930706
     ],
     [
      -122.4271707,
      45.4925474
     ],
     [
      -122.426923,
      45.4921812
     ],
     [
      -122.4267902,
      45.4919717
     ],
     [
      -122.426519,
      45.491561
     ],
     [
      -122.4264809,
      45.4915075
     ],
     [
      -122.4264809,
      45.4915074
     ],
     [
      -122.4264809,
      45.4915074
     ],
     [
      -122.4262845,
      45.4912312
     ],
     [
      -122.4260714,
      45.4909458
     ],
     [
      -122.4257294,
      45.490563
     ],
     [
      -122.4255394,
      45.4903698
     ],
     [
      -122.4253493,
      45.4901753
     ],
     [
      -122.4245111,
      45.4894583
     ],
     [
      -122.4244531,
      45.4894099
     ],
     [
      -122.4244006,
      45.4893737
     ],
     [
      -122.4239964,
      45.4890378
     ],
     [
      -122.4234579,
      45.488595
     ],
     [
      -122.4234578,
      45.4885949
     ],
     [
      -122.4234578,
      45.4885949
     ],
     [
      -122.4231657,
      45.4883547
     ],
     [
      -122.4224333,
      45.4877498
     ],
     [
      -122.4218437,
      45.4872825
     ],
     [
      -122.4217576,
      45.4872111
     ],
     [
      -122.4217576,
      45.4872111
     ],
     [
      -122.4216532,
      45.4871246
     ],
     [
      -122.4216532,
      45.4871246
     ],
     [
      -122.4215125,
      45.4870042
     ],
     [
      -122.421008,
      45.4865835
     ],
     [
      -122.4200855,
      45.4858261
     ],
     [
      -122.419593,
      45.4854145
     ],
     [
      -122.4188012,
      45.48477
     ],
     [
      -122.418307,
      45.484374
     ],
     [
      -122.418307,
      45.484374
     ],
     [
      -122.418307,
      45.484374
     ],
     [
      -122.4182788,
      45.4843514
     ],
     [
      -122.4182274,
      45.4843048
     ],
     [
      -122.4181457,
      45.4842386
     ],
     [
      -122.417493,
      45.4836923
     ],
     [
      -122.416749,
      45.4830918
     ],
     [
      -122.4162071,
      45.4826309
     ],
     [
      -122.4151269,
      45.4817532
     ],
     [
      -122.4151269,
      45.4817532
     ],
     [
      -122.4148259,
      45.4815086
     ],
     [
      -122.4148259,
      45.4815086
     ],
     [
      -122.4145246,
      45.4812638
     ],
     [
      -122.4144632,
      45.4811967
     ],
     [
      -122.4144033,
      45.4811291
     ],
     [
      -122.4143449,
      45.4810607
     ],
     [
      -122.4142254,
      45.4809606
     ],
     [
      -122.4142254,
      45.4809606
     ],
     [
      -122.4141108,
      45.4808693
     ],
     [
      -122.4140442,
      45.4808093
     ],
     [
      -122.4140416,
      45.4808072
     ],
     [
      -122.4140386,
      45.4808055
     ],
     [
      -122.4140352,
      45.4808041
     ],
     [
      -122.4140315,
      45.4808032
     ],
     [
      -122.4140277,
      45.4808027
     ],
     [
      -122.4140237,
      45.4808027
     ],
     [
      -122.4140199,
      45.4808032
     ],
     [
      -122.4140162,
      45.4808041
     ],
     [
      -122.4140128,
      45.4808054
     ],
     [
      -122.4140097,
      45.4808072
     ],
     [
      -122.4140072,
      45.4808093
     ],
     [
      -122.4140051,
      45.4808116
     ],
     [
      -122.4140037,
      45.4808142
     ],
     [
      -122.4140029,
      45.4808169
     ],
     [
      -122.4140028,
      45.4808196
     ],
     [
      -122.4140034,
      45.4808224
     ],
     [
      -122.4140046,
      45.480825
     ],
     [
      -122.4140486,
      45.4809181
     ],
     [
      -122.4140502,
      45.4809218
     ],
     [
      -122.4140509,
      45.4809256
     ],
     [
      -122.4140506,
      45.4809295
     ],
     [
      -122.4140495,
      45.4809333
     ],
     [
      -122.4140475,
      45.4809369
     ],
     [
      -122.4140446,
      45.4809402
     ],
     [
      -122.4140411,
      45.4809431
     ],
     [
      -122.4140368,
      45.4809456
     ],
     [
      -122.4140321,
      45.4809476
     ],
     [
      -122.414027,
      45.480949
     ],
     [
      -122.4140216,
      45.4809497
     ],
     [
      -122.4140161,
      45.4809499
     ],
     [
      -122.4140106,
      45.4809494
     ],
     [
      -122.4140054,
      45.4809482
     ],
     [
      -122.4140004,
      45.4809465
     ],
     [
      -122.413996,
      45.4809442
     ],
     [
      -122.4139921,
      45.4809415
     ],
     [
      -122.4139921,
      45.4809415
     ],
     [
      -122.4139144,
      45.4808885
     ],
     [
      -122.4138696,
      45.480846
     ],
     [
      -122.4138696,
      45.480846
     ],
     [
      -122.4138661,
      45.4808313
     ],
     [
      -122.4138652,
      45.4808165
     ],
     [
      -122.413867,
      45.4808017
     ],
     [
      -122.4138713,
      45.4807871
     ],
     [
      -122.4138783,
      45.4807731
     ],
     [
      -122.4138877,
      45.4807598
     ],
     [
      -122.4138993,
      45.4807474
     ],
     [
      -122.4136806,
      45.4805761
     ],
     [
      -122.4136806,
      45.4805761
     ],
     [
      -122.4127358,
      45.4797786
     ],
     [
      -122.4125032,
      45.4796046
     ],
     [
      -122.4116637,
      45.4789618
     ],
     [
      -122.4114022,
      45.4787754
     ],
     [
      -122.4106967,
      45.4783103
     ],
     [
      -122.4102282,
      45.4780137
     ],
     [
      -122.4101354,
      45.4779593
     ],
     [
      -122.4101354,
      45.4779592
     ],
     [
      -122.4101354,
      45.4779592
     ],
     [
      -122.4097848,
      45.4777532
     ],
     [
      -122.4096038,
      45.4776468
     ],
     [
      -122.4092211,
      45.4774389
     ],
     [
      -122.4084855,
      45.4770588
     ],
     [
      -122.4081046,
      45.4768772
     ],
     [
      -122.4076985,
      45.4766826
     ],
     [
      -122.4069204,
      45.4763541
     ],
     [
      -122.4069204,
      45.4763541
     ],
     [
      -122.4067195,
      45.4762693
     ],
     [
      -122.4057635,
      45.4758433
     ],
     [
      -122.4050176,
      45.4754627
     ],
     [
      -122.4043052,
      45.4750326
     ],
     [
      -122.4038867,
      45.4747432
     ],
     [
      -122.4038288,
      45.4747081
     ],
     [
      -122.4038288,
      45.4747081
     ],
     [
      -122.4038266,
      45.4747068
     ],
     [
      -122.4036422,
      45.474573
     ],
     [
      -122.4035474,
      45.474495
     ],
     [
      -122.4035474,
      45.474495
     ],
     [
      -122.4034291,
      45.4743994
     ],
     [
      -122.4030413,
      45.4740749
     ],
     [
      -122.4025938,
      45.4736307
     ],
     [
      -122.4020058,
      45.4730329
     ],
     [
      -122.4010859,
      45.4720567
     ],
     [
      -122.4005873,
      45.4715371
     ],
     [
      -122.4005873,
      45.4715371
     ],
     [
      -122.4005873,
      45.4715371
     ],
     [
      -122.4005468,
      45.4714948
     ],
     [
      -122.4002094,
      45.4711511
     ],
     [
      -122.3993811,
      45.4702882
     ],
     [
      -122.3987316,
      45.4696116
     ],
     [
      -122.3987092,
      45.4695834
     ],
     [
      -122.3987092,
      45.4695834
     ],
     [
      -122.3987028,
      45.4695753
     ],
     [
      -122.3987028,
      45.4695753
     ],
     [
      -122.3986731,
      45.4695479
     ],
     [
      -122.3980145,
      45.4688507
     ],
     [
      -122.3978373,
      45.4686596
     ],
     [
      -122.3978094,
      45.4686371
     ],
     [
      -122.3977829,
      45.4686113
     ],
     [
      -122.3971949,
      45.4680066
     ],
     [
      -122.3965301,
      45.4673105
     ],
     [
      -122.3965301,
      45.4673105
     ],
     [
      -122.3966985,
      45.4672458
     ],
     [
      -122.3965301,
      45.4673105
     ],
     [
      -122.3965132,
      45.4672928
     ],
     [
      -122.3964916,
      45.4672639
     ],
     [
      -122.3964655,
      45.4672386
     ],
     [
      -122.3960624,
      45.4668572
     ],
     [
      -122.3955519,
      45.4664172
     ],
     [
      -122.3955519,
      45.4664172
     ],
     [
      -122.3957145,
      45.4663326
     ],
     [
      -122.3955519,
      45.4664172
     ],
     [
      -122.3955436,
      45.46641
     ],
     [
      -122.3954826,
      45.4663679
     ],
     [
      -122.3954615,
      45.4663427
     ],
     [
      -122.3950379,
      45.4659965
     ],
     [
      -122.3942469,
      45.4653485
     ],
     [
      -122.3942164,
      45.4653153
     ],
     [
      -122.394184,
      45.465296
     ],
     [
      -122.3937814,
      45.4649576
     ],
     [
      -122.3929478,
      45.4642619
     ],
     [
      -122.392451,
      45.4638602
     ],
     [
      -122.3922142,
      45.463664
     ],
     [
      -122.3922142,
      45.463664
     ],
     [
      -122.3922142,
      45.463664
     ],
     [
      -122.3914735,
      45.4630502
     ],
     [
      -122.3914441,
      45.4630234
     ],
     [
      -122.3914082,
      45.4629991
     ],
     [
      -122.3910519,
      45.4627048
     ],
     [
      -122.389754,
      45.4616311
     ],
     [
      -122.3890718,
      45.4610729
     ],
     [
      -122.3888761,
      45.4609094
     ],
     [
      -122.3888761,
      45.4609094
     ],
     [
      -122.3888761,
      45.4609094
     ],
     [
      -122.3886126,
      45.4606891
     ],
     [
      -122.3882974,
      45.460435
     ],
     [
      -122.3882126,
      45.4603591
     ],
     [
      -122.3882126,
      45.4603591
     ],
     [
      -122.3860295,
      45.4585403
     ],
     [
      -122.3852805,
      45.4579255
     ],
     [
      -122.3848844,
      45.4575985
     ],
     [
      -122.3848844,
      45.4575984
     ],
     [
      -122.3848844,
      45.4575984
     ],
     [
      -122.3844275,
      45.4572211
     ],
     [
      -122.383656,
      45.4565814
     ],
     [
      -122.3835658,
      45.4565052
     ],
     [
      -122.3834776,
      45.4564278
     ],
     [
      -122.3833916,
      45.4563492
     ],
     [
      -122.3833077,
      45.4562695
     ],
     [
      -122.383226,
      45.4561887
     ],
     [
      -122.3831466,
      45.4561068
     ],
     [
      -122.3830694,
      45.4560238
     ],
     [
      -122.3829944,
      45.4559398
     ],
     [
      -122.3829218,
      45.4558548
     ],
     [
      -122.3828515,
      45.4557688
     ],
     [
      -122.3827835,
      45.4556819
     ],
     [
      -122.382718,
      45.4555941
     ],
     [
      -122.3824705,
      45.4552294
     ],
     [
      -122.3824117,
      45.4551219
     ],
     [
      -122.3823556,
      45.4550137
     ],
     [
      -122.3823024,
      45.4549048
     ],
     [
      -122.382252,
      45.4547952
     ],
     [
      -122.3822044,
      45.454685
     ],
     [
      -122.3821597,
      45.4545742
     ],
     [
      -122.3821596,
      45.4545742
     ],
     [
      -122.3821596,
      45.4545742
     ],
     [
      -122.3821212,
      45.4544723
     ],
     [
      -122.3820852,
      45.45437
     ],
     [
      -122.3820516,
      45.4542673
     ],
     [
      -122.3820205,
      45.4541642
     ],
     [
      -122.3819952,
      45.4540656
     ],
     [
      -122.3819726,
      45.4539665
     ],
     [
      -122.3819528,
      45.4538672
     ],
     [
      -122.3819357,
      45.4537677
     ],
     [
      -122.3819213,
      45.4536679
     ],
     [
      -122.3819097,
      45.453568
     ],
     [
      -122.3819008,
      45.4534679
     ],
     [
      -122.3818946,
      45.4533677
     ],
     [
      -122.3818912,
      45.4532675
     ],
     [
      -122.3818906,
      45.4531672
     ],
     [
      -122.3818927,
      45.4530669
     ],
     [
      -122.3818976,
      45.4529667
     ],
     [
      -122.3819052,
      45.4528666
     ],
     [
      -122.3819156,
      45.4527666
     ],
     [
      -122.3819284,
      45.452663
     ],
     [
      -122.3819441,
      45.4525595
     ],
     [
      -122.3819626,
      45.4524563
     ],
     [
      -122.381984,
      45.4523534
     ],
     [
      -122.3820082,
      45.4522508
     ],
     [
      -122.3820352,
      45.4521485
     ],
     [
      -122.3820649,
      45.4520466
     ],
     [
      -122.3820975,
      45.4519451
     ],
     [
      -122.3821329,
      45.4518441
     ],
     [
      -122.3821711,
      45.4517436
     ],
     [
      -122.382212,
      45.4516437
     ],
     [
      -122.3822556,
      45.4515443
     ],
     [
      -122.382302,
      45.4514455
     ],
     [
      -122.382351,
      45.4513474
     ],
     [
      -122.3824248,
      45.4511863
     ],
     [
      -122.3824995,
      45.4510253
     ],
     [
      -122.3824995,
      45.4510253
     ],
     [
      -122.3824995,
      45.4510253
     ],
     [
      -122.3826204,
      45.4507692
     ],
     [
      -122.3827435,
      45.4505136
     ],
     [
      -122.3828688,
      45.4502586
     ],
     [
      -122.3829963,
      45.4500041
     ],
     [
      -122.3837387,
      45.4484624
     ],
     [
      -122.3841572,
      45.4475982
     ],
     [
      -122.3841572,
      45.4475981
     ],
     [
      -122.3841572,
      45.4475981
     ],
     [
      -122.3844264,
      45.4470422
     ],
     [
      -122.3845848,
      45.4466525
     ],
     [
      -122.3846196,
      45.446554
     ],
     [
      -122.3846517,
      45.4464551
     ],
     [
      -122.3846812,
      45.4463558
     ],
     [
      -122.3847079,
      45.4462561
     ],
     [
      -122.3847319,
      45.4461561
     ],
     [
      -122.3847532,
      45.4460557
     ],
     [
      -122.3847718,
      45.4459551
     ],
     [
      -122.3847877,
      45.4458543
     ],
     [
      -122.3848008,
      45.4457532
     ],
     [
      -122.3848112,
      45.445652
     ],
     [
      -122.3848188,
      45.4455507
     ],
     [
      -122.3848186,
      45.4450018
     ],
     [
      -122.3848107,
      45.4449164
     ],
     [
      -122.3848,
      45.4448313
     ],
     [
      -122.3847866,
      45.4447463
     ],
     [
      -122.3847705,
      45.4446616
     ],
     [
      -122.3847516,
      45.4445771
     ],
     [
      -122.38473,
      45.444493
     ],
     [
      -122.3847058,
      45.4444092
     ],
     [
      -122.3846788,
      45.4443259
     ],
     [
      -122.3846492,
      45.444243
     ],
     [
      -122.3845701,
      45.4440579
     ],
     [
      -122.3845701,
      45.4440579
     ],
     [
      -122.3845701,
      45.4440579
     ],
     [
      -122.3842681,
      45.4433512
     ],
     [
      -122.3835644,
      45.4421125
     ],
     [
      -122.3831856,
      45.441427
     ],
     [
      -122.3831859,
      45.4413333
     ],
     [
      -122.3831321,
      45.4412845
     ],
     [
      -122.3830302,
      45.441176
     ],
     [
      -122.3829276,
      45.4409972
     ],
     [
      -122.3827653,
      45.4407136
     ],
     [
      -122.38275,
      45.440687
     ],
     [
      -122.38275,
      45.440687
     ],
     [
      -122.38275,
      45.440687
     ],
     [
      -122.3820623,
      45.4394939
     ],
     [
      -122.3814555,
      45.4384535
     ],
     [
      -122.3813829,
      45.4383441
     ],
     [
      -122.3813078,
      45.4382354
     ],
     [
      -122.3812302,
      45.4381277
     ],
     [
      -122.3811501,
      45.4380208
     ],
     [
      -122.3810676,
      45.4379149
     ],
     [
      -122.3809827,
      45.4378099
     ],
     [
      -122.3808953,
      45.4377059
     ],
     [
      -122.3808056,
      45.437603
     ],
     [
      -122.3807135,
      45.437501
     ],
     [
      -122.380619,
      45.4374002
     ],
     [
      -122.3806189,
      45.4374001
     ],
     [
      -122.3806189,
      45.4374001
     ],
     [
      -122.3805232,
      45.4373013
     ],
     [
      -122.3804252,
      45.4372036
     ],
     [
      -122.3803249,
      45.4371071
     ],
     [
      -122.3802225,
      45.4370117
     ],
     [
      -122.3801179,
      45.4369174
     ],
     [
      -122.3800112,
      45.4368244
     ],
     [
      -122.3799024,
      45.4367326
     ],
     [
      -122.3797914,
      45.436642
     ],
     [
      -122.3796785,
      45.4365527
     ],
     [
      -122.3795635,
      45.4364646
     ],
     [
      -122.3794465,
      45.4363779
     ],
     [
      -122.3793276,
      45.4362926
     ],
     [
      -122.3775458,
      45.4349858
     ],
     [
      -122.3771953,
      45.4347051
     ],
     [
      -122.3771952,
      45.434705
     ],
     [
      -122.3771952,
      45.434705
     ],
     [
      -122.3769208,
      45.4344852
     ],
     [
      -122.3766071,
      45.4341607
     ],
     [
      -122.3765254,
      45.4340785
     ],
     [
      -122.376446,
      45.4339951
     ],
     [
      -122.376369,
      45.4339106
     ],
     [
      -122.3762945,
      45.433825
     ],
     [
      -122.3762224,
      45.4337384
     ],
     [
      -122.3761528,
      45.4336508
     ],
     [
      -122.3760858,
      45.4335622
     ],
     [
      -122.3760213,
      45.4334726
     ],
     [
      -122.3759594,
      45.4333822
     ],
     [
      -122.3759001,
      45.4332909
     ],
     [
      -122.3758435,
      45.4331988
     ],
     [
      -122.3757895,
      45.4331058
     ],
     [
      -122.3757382,
      45.4330122
     ],
     [
      -122.3756895,
      45.4329178
     ],
     [
      -122.3756436,
      45.4328228
     ],
     [
      -122.3756005,
      45.4327271
     ],
     [
      -122.3755601,
      45.4326308
     ],
     [
      -122.3755224,
      45.432534
     ],
     [
      -122.3754876,
      45.4324367
     ],
     [
      -122.3754555,
      45.4323388
     ],
     [
      -122.3752761,
      45.4317654
     ],
     [
      -122.3752873,
      45.4316264
     ],
     [
      -122.3752766,
      45.431537
     ],
     [
      -122.3752649,
      45.4314252
     ],
     [
      -122.3752564,
      45.4313137
     ],
     [
      -122.375251,
      45.4312021
     ],
     [
      -122.3752485,
      45.4310902
     ],
     [
      -122.3752483,
      45.430978
     ],
     [
      -122.3752507,
      45.4308653
     ],
     [
      -122.3752561,
      45.4307519
     ],
     [
      -122.375266,
      45.4306381
     ],
     [
      -122.3752804,
      45.4305238
     ],
     [
      -122.3753001,
      45.4304091
     ],
     [
      -122.3753241,
      45.4302939
     ],
     [
      -122.375352,
      45.4301781
     ],
     [
      -122.3753825,
      45.4300616
     ],
     [
      -122.3754156,
      45.4299444
     ],
     [
      -122.3754519,
      45.4298266
     ],
     [
      -122.3754935,
      45.4297088
     ],
     [
      -122.3755408,
      45.4295912
     ],
     [
      -122.3755937,
      45.429474
     ],
     [
      -122.3756523,
      45.4293573
     ],
     [
      -122.375716,
      45.4292411
     ],
     [
      -122.3757832,
      45.4291249
     ],
     [
      -122.3758538,
      45.4290089
     ],
     [
      -122.375928,
      45.4288932
     ],
     [
      -122.376006,
      45.4287781
     ],
     [
      -122.3760879,
      45.4286636
     ],
     [
      -122.3761742,
      45.4285501
     ],
     [
      -122.3762649,
      45.4284378
     ],
     [
      -122.3763598,
      45.4283266
     ],
     [
      -122.3764587,
      45.4282169
     ],
     [
      -122.3765617,
      45.4281085
     ],
     [
      -122.3766686,
      45.4280018
     ],
     [
      -122.3767793,
      45.4278967
     ],
     [
      -122.3768937,
      45.4277934
     ],
     [
      -122.3770116,
      45.4276921
     ],
     [
      -122.3771331,
      45.4275927
     ],
     [
      -122.377258,
      45.4274956
     ],
     [
      -122.3773861,
      45.4274007
     ],
     [
      -122.3775173,
      45.4273081
     ],
     [
      -122.3776515,
      45.427218
     ],
     [
      -122.3777885,
      45.4271305
     ],
     [
      -122.3779282,
      45.4270456
     ],
     [
      -122.3780703,
      45.4269633
     ],
     [
      -122.3782146,
      45.4268837
     ],
     [
      -122.378361,
      45.4268069
     ],
     [
      -122.3785093,
      45.426733
     ],
     [
      -122.378659,
      45.4266617
     ],
     [
      -122.3788102,
      45.4265933
     ],
     [
      -122.3789626,
      45.4265277
     ],
     [
      -122.3791158,
      45.4264649
     ],
     [
      -122.3792698,
      45.4264048
     ],
     [
      -122.3794243,
      45.4263476
     ],
     [
      -122.3795792,
      45.4262932
     ],
     [
      -122.3797343,
      45.4262416
     ],
     [
      -122.3798894,
      45.4261929
     ],
     [
      -122.3800443,
      45.4261473
     ],
     [
      -122.3801682,
      45.4261119
     ],
     [
      -122.3803789,
      45.4260995
     ],
     [
      -122.380401,
      45.4260923
     ],
     [
      -122.3804278,
      45.4260836
     ],
     [
      -122.3804592,
      45.4260735
     ],
     [
      -122.3804953,
      45.426062
     ],
     [
      -122.3805361,
      45.426049
     ],
     [
      -122.3805774,
      45.4260361
     ],
     [
      -122.3806191,
      45.4260232
     ],
     [
      -122.3806613,
      45.4260103
     ],
     [
      -122.3807035,
      45.4259976
     ],
     [
      -122.3807458,
      45.425985
     ],
     [
      -122.3807882,
      45.4259726
     ],
     [
      -122.3808307,
      45.4259603
     ],
     [
      -122.3808733,
      45.4259482
     ],
     [
      -122.3809159,
      45.4259363
     ],
     [
      -122.3809587,
      45.4259245
     ],
     [
      -122.3810015,
      45.4259128
     ],
     [
      -122.3810444,
      45.4259013
     ],
     [
      -122.3810873,
      45.42589
     ],
     [
      -122.3811304,
      45.4258788
     ],
     [
      -122.3811735,
      45.4258678
     ],
     [
      -122.3812167,
      45.425857
     ],
     [
      -122.3812599,
      45.4258462
     ],
     [
      -122.3813032,
      45.4258355
     ],
     [
      -122.3813465,
      45.425825
     ],
     [
      -122.3813899,
      45.4258145
     ],
     [
      -122.3814333,
      45.4258041
     ],
     [
      -122.3814767,
      45.4257938
     ],
     [
      -122.3815202,
      45.4257836
     ],
     [
      -122.3815637,
      45.4257735
     ],
     [
      -122.3816072,
      45.4257635
     ],
     [
      -122.3816508,
      45.4257537
     ],
     [
      -122.3816941,
      45.425744
     ],
     [
      -122.3817375,
      45.4257346
     ],
     [
      -122.3817806,
      45.4257254
     ],
     [
      -122.3818194,
      45.4257173
     ],
     [
      -122.3818577,
      45.4257096
     ],
     [
      -122.3818953,
      45.425702
     ],
     [
      -122.3819323,
      45.4256948
     ],
     [
      -122.3819686,
      45.4256877
     ],
     [
      -122.3820041,
      45.4256809
     ],
     [
      -122.3820393,
      45.4256742
     ],
     [
      -122.3820738,
      45.4256676
     ],
     [
      -122.3821078,
      45.4256611
     ],
     [
      -122.3821455,
      45.4256537
     ],
     [
      -122.382183,
      45.4256462
     ],
     [
      -122.3822203,
      45.4256388
     ],
     [
      -122.3822577,
      45.4256314
     ],
     [
      -122.3822951,
      45.4256239
     ],
     [
      -122.3823324,
      45.4256164
     ],
     [
      -122.3823697,
      45.4256088
     ],
     [
      -122.3824071,
      45.4256013
     ],
     [
      -122.3824444,
      45.4255938
     ],
     [
      -122.3824818,
      45.4255863
     ],
     [
      -122.3825191,
      45.4255787
     ],
     [
      -122.3825564,
      45.4255712
     ],
     [
      -122.3825938,
      45.4255637
     ],
     [
      -122.3826311,
      45.4255562
     ],
     [
      -122.3826684,
      45.4255486
     ],
     [
      -122.3827058,
      45.4255411
     ],
     [
      -122.3827431,
      45.4255336
     ],
     [
      -122.3827804,
      45.425526
     ],
     [
      -122.3828177,
      45.4255185
     ],
     [
      -122.382855,
      45.425511
     ],
     [
      -122.3828923,
      45.4255035
     ],
     [
      -122.3829295,
      45.425496
     ],
     [
      -122.3829666,
      45.4254885
     ],
     [
      -122.3830036,
      45.425481
     ],
     [
      -122.3830404,
      45.4254734
     ],
     [
      -122.3830771,
      45.4254658
     ],
     [
      -122.3831136,
      45.4254582
     ],
     [
      -122.3831498,
      45.4254506
     ],
     [
      -122.3831858,
      45.4254429
     ],
     [
      -122.3832216,
      45.4254352
     ],
     [
      -122.3832572,
      45.4254275
     ],
     [
      -122.3832925,
      45.4254197
     ],
     [
      -122.3833276,
      45.4254119
     ],
     [
      -122.3833625,
      45.4254042
     ],
     [
      -122.3833971,
      45.4253964
     ],
     [
      -122.3834315,
      45.4253886
     ],
     [
      -122.3834657,
      45.4253808
     ],
     [
      -122.3834996,
      45.4253731
     ],
     [
      -122.3835333,
      45.4253653
     ],
     [
      -122.3835668,
      45.4253575
     ],
     [
      -122.3836,
      45.4253496
     ],
     [
      -122.383633,
      45.4253418
     ],
     [
      -122.3836658,
      45.4253339
     ],
     [
      -122.3836983,
      45.425326
     ],
     [
      -122.3837306,
      45.4253181
     ],
     [
      -122.3837626,
      45.4253102
     ],
     [
      -122.3837943,
      45.4253022
     ],
     [
      -122.3838259,
      45.4252942
     ],
     [
      -122.3838571,
      45.4252861
     ],
     [
      -122.3838885,
      45.4252779
     ],
     [
      -122.3839196,
      45.4252697
     ],
     [
      -122.3839504,
      45.4252614
     ],
     [
      -122.3839774,
      45.4252542
     ],
     [
      -122.3840042,
      45.4252468
     ],
     [
      -122.3840307,
      45.4252394
     ],
     [
      -122.3840574,
      45.4252319
     ],
     [
      -122.3840839,
      45.4252244
     ],
     [
      -122.3841102,
      45.4252167
     ],
     [
      -122.384136,
      45.4252091
     ],
     [
      -122.3841617,
      45.4252014
     ],
     [
      -122.3841873,
      45.4251936
     ],
     [
      -122.3842164,
      45.4251847
     ],
     [
      -122.3842454,
      45.4251758
     ],
     [
      -122.3842743,
      45.4251667
     ],
     [
      -122.3843028,
      45.4251576
     ],
     [
      -122.3843313,
      45.4251484
     ],
     [
      -122.3843597,
      45.4251391
     ],
     [
      -122.384388,
      45.4251297
     ],
     [
      -122.3844163,
      45.4251202
     ],
     [
      -122.3844444,
      45.4251105
     ],
     [
      -122.3844726,
      45.4251008
     ],
     [
      -122.3845006,
      45.425091
     ],
     [
      -122.3845285,
      45.4250811
     ],
     [
      -122.3845564,
      45.4250711
     ],
     [
      -122.3845842,
      45.4250609
     ],
     [
      -122.3846119,
      45.4250507
     ],
     [
      -122.3846394,
      45.4250402
     ],
     [
      -122.3846669,
      45.4250297
     ],
     [
      -122.3846942,
      45.425019
     ],
     [
      -122.3847215,
      45.4250081
     ],
     [
      -122.3847486,
      45.4249972
     ],
     [
      -122.3847756,
      45.4249861
     ],
     [
      -122.3848025,
      45.4249748
     ],
     [
      -122.3848293,
      45.4249634
     ],
     [
      -122.384856,
      45.424952
     ],
     [
      -122.3848826,
      45.4249404
     ],
     [
      -122.3849091,
      45.4249288
     ],
     [
      -122.3849355,
      45.4249171
     ],
     [
      -122.3849618,
      45.4249052
     ],
     [
      -122.3849881,
      45.4248933
     ],
     [
      -122.3850142,
      45.4248813
     ],
     [
      -122.3850403,
      45.4248692
     ],
     [
      -122.3850662,
      45.4248569
     ],
     [
      -122.3850921,
      45.4248447
     ],
     [
      -122.3851179,
      45.4248323
     ],
     [
      -122.3851435,
      45.4248198
     ],
     [
      -122.3851691,
      45.4248072
     ],
     [
      -122.3851946,
      45.4247945
     ],
     [
      -122.38522,
      45.4247818
     ],
     [
      -122.3852452,
      45.424769
     ],
     [
      -122.3852705,
      45.4247561
     ],
     [
      -122.3852956,
      45.4247431
     ],
     [
      -122.3853207,
      45.4247301
     ],
     [
      -122.3853457,
      45.424717
     ],
     [
      -122.3853706,
      45.4247039
     ],
     [
      -122.3853955,
      45.4246907
     ],
     [
      -122.3854203,
      45.4246774
     ],
     [
      -122.385445,
      45.4246641
     ],
     [
      -122.3854696,
      45.4246507
     ],
     [
      -122.3854941,
      45.4246372
     ],
     [
      -122.3855185,
      45.4246236
     ],
     [
      -122.3855429,
      45.42461
     ],
     [
      -122.3855671,
      45.4245962
     ],
     [
      -122.3855912,
      45.4245824
     ],
     [
      -122.3856152,
      45.4245685
     ],
     [
      -122.3856391,
      45.4245545
     ],
     [
      -122.3856629,
      45.4245404
     ],
     [
      -122.3856866,
      45.4245262
     ],
     [
      -122.3857102,
      45.424512
     ],
     [
      -122.3857336,
      45.4244977
     ],
     [
      -122.385757,
      45.4244832
     ],
     [
      -122.3857803,
      45.4244687
     ],
     [
      -122.3858036,
      45.424454
     ],
     [
      -122.3858268,
      45.4244392
     ],
     [
      -122.38585,
      45.4244243
     ],
     [
      -122.3858734,
      45.4244093
     ],
     [
      -122.3858969,
      45.4243942
     ],
     [
      -122.3859205,
      45.424379
     ],
     [
      -122.3859442,
      45.4243637
     ],
     [
      -122.3859682,
      45.4243482
     ],
     [
      -122.3859923,
      45.4243327
     ],
     [
      -122.3860166,
      45.4243171
     ],
     [
      -122.3860411,
      45.4243014
     ],
     [
      -122.3860657,
      45.4242855
     ],
     [
      -122.3860904,
      45.4242695
     ],
     [
      -122.3861152,
      45.4242533
     ],
     [
      -122.3861401,
      45.424237
     ],
     [
      -122.3861651,
      45.4242204
     ],
     [
      -122.3861902,
      45.4242037
     ],
     [
      -122.3862153,
      45.4241869
     ],
     [
      -122.3862406,
      45.4241698
     ],
     [
      -122.3862659,
      45.4241526
     ],
     [
      -122.3862914,
      45.4241353
     ],
     [
      -122.3863169,
      45.4241178
     ],
     [
      -122.3863426,
      45.4241001
     ],
     [
      -122.3863683,
      45.4240823
     ],
     [
      -122.3863942,
      45.4240643
     ],
     [
      -122.3864202,
      45.4240462
     ],
     [
      -122.3864463,
      45.4240279
     ],
     [
      -122.3864725,
      45.4240096
     ],
     [
      -122.386499,
      45.4239911
     ],
     [
      -122.3865258,
      45.4239726
     ],
     [
      -122.3865528,
      45.423954
     ],
     [
      -122.38658,
      45.4239354
     ],
     [
      -122.3866071,
      45.423917
     ],
     [
      -122.3866342,
      45.4238988
     ],
     [
      -122.3866611,
      45.4238808
     ],
     [
      -122.3866879,
      45.423863
     ],
     [
      -122.3867146,
      45.4238455
     ],
     [
      -122.3867409,
      45.4238281
     ],
     [
      -122.386767,
      45.4238109
     ],
     [
      -122.3867929,
      45.4237939
     ],
     [
      -122.3868187,
      45.4237769
     ],
     [
      -122.3868449,
      45.4237596
     ],
     [
      -122.3868715,
      45.4237421
     ],
     [
      -122.3868985,
      45.4237243
     ],
     [
      -122.3869259,
      45.4237062
     ],
     [
      -122.3869537,
      45.4236879
     ],
     [
      -122.386982,
      45.4236692
     ],
     [
      -122.3870107,
      45.4236503
     ],
     [
      -122.38704,
      45.4236311
     ],
     [
      -122.3870694,
      45.4236118
     ],
     [
      -122.387099,
      45.4235923
     ],
     [
      -122.3871287,
      45.4235728
     ],
     [
      -122.3871587,
      45.4235533
     ],
     [
      -122.3871888,
      45.4235336
     ],
     [
      -122.3872192,
      45.4235139
     ],
     [
      -122.3872499,
      45.4234942
     ],
     [
      -122.3872807,
      45.4234744
     ],
     [
      -122.3873119,
      45.4234546
     ],
     [
      -122.3873433,
      45.4234348
     ],
     [
      -122.3873749,
      45.4234149
     ],
     [
      -122.3874068,
      45.423395
     ],
     [
      -122.387439,
      45.4233752
     ],
     [
      -122.3874715,
      45.4233553
     ],
     [
      -122.3875042,
      45.4233353
     ],
     [
      -122.3875371,
      45.4233154
     ],
     [
      -122.3875702,
      45.4232954
     ],
     [
      -122.3876037,
      45.4232754
     ],
     [
      -122.3876373,
      45.4232554
     ],
     [
      -122.3876712,
      45.4232354
     ],
     [
      -122.3877054,
      45.4232153
     ],
     [
      -122.3877399,
      45.4231953
     ],
     [
      -122.3877745,
      45.4231753
     ],
     [
      -122.3878095,
      45.4231553
     ],
     [
      -122.3878446,
      45.4231355
     ],
     [
      -122.3878799,
      45.4231157
     ],
     [
      -122.3879153,
      45.423096
     ],
     [
      -122.3879508,
      45.4230764
     ],
     [
      -122.3879865,
      45.423057
     ],
     [
      -122.3880222,
      45.4230377
     ],
     [
      -122.388058,
      45.4230186
     ],
     [
      -122.3880938,
      45.4229996
     ],
     [
      -122.3881297,
      45.4229808
     ],
     [
      -122.3881658,
      45.4229622
     ],
     [
      -122.3882019,
      45.4229437
     ],
     [
      -122.3882382,
      45.4229253
     ],
     [
      -122.3882746,
      45.4229071
     ],
     [
      -122.3883111,
      45.422889
     ],
     [
      -122.3883477,
      45.4228711
     ],
     [
      -122.3883845,
      45.4228532
     ],
     [
      -122.3884214,
      45.4228356
     ],
     [
      -122.3884583,
      45.422818
     ],
     [
      -122.3884954,
      45.4228006
     ],
     [
      -122.3885327,
      45.4227834
     ],
     [
      -122.38857,
      45.4227662
     ],
     [
      -122.3886074,
      45.4227493
     ],
     [
      -122.388645,
      45.4227324
     ],
     [
      -122.3886827,
      45.4227157
     ],
     [
      -122.3887204,
      45.4226992
     ],
     [
      -122.3887583,
      45.4226827
     ],
     [
      -122.3887963,
      45.4226665
     ],
     [
      -122.3888344,
      45.4226503
     ],
     [
      -122.3888727,
      45.4226343
     ],
     [
      -122.3889112,
      45.4226184
     ],
     [
      -122.3889498,
      45.4226026
     ],
     [
      -122.3889885,
      45.4225869
     ],
     [
      -122.3890273,
      45.4225714
     ],
     [
      -122.3890662,
      45.422556
     ],
     [
      -122.3891051,
      45.4225406
     ],
     [
      -122.3891441,
      45.4225255
     ],
     [
      -122.389183,
      45.4225104
     ],
     [
      -122.3892219,
      45.4224955
     ],
     [
      -122.3892607,
      45.4224808
     ],
     [
      -122.3892994,
      45.4224662
     ],
     [
      -122.3893379,
      45.4224517
     ],
     [
      -122.3893764,
      45.4224375
     ],
     [
      -122.3894147,
      45.4224234
     ],
     [
      -122.389453,
      45.4224095
     ],
     [
      -122.3894912,
      45.4223958
     ],
     [
      -122.3895292,
      45.4223822
     ],
     [
      -122.3895671,
      45.4223687
     ],
     [
      -122.3896049,
      45.4223554
     ],
     [
      -122.3896426,
      45.4223423
     ],
     [
      -122.3896802,
      45.4223293
     ],
     [
      -122.3897176,
      45.4223164
     ],
     [
      -122.3897549,
      45.4223036
     ],
     [
      -122.3897921,
      45.422291
     ],
     [
      -122.3898291,
      45.4222784
     ],
     [
      -122.389866,
      45.422266
     ],
     [
      -122.3899028,
      45.4222537
     ],
     [
      -122.3899394,
      45.4222415
     ],
     [
      -122.3899758,
      45.4222293
     ],
     [
      -122.3900121,
      45.4222172
     ],
     [
      -122.3900482,
      45.4222052
     ],
     [
      -122.3900841,
      45.4221932
     ],
     [
      -122.3901163,
      45.4221824
     ],
     [
      -122.3901481,
      45.4221717
     ],
     [
      -122.3901795,
      45.4221612
     ],
     [
      -122.3902104,
      45.4221508
     ],
     [
      -122.390241,
      45.4221405
     ],
     [
      -122.3902712,
      45.4221303
     ],
     [
      -122.3903011,
      45.4221203
     ],
     [
      -122.3903306,
      45.4221103
     ],
     [
      -122.3903598,
      45.4221005
     ],
     [
      -122.3903922,
      45.4220896
     ],
     [
      -122.3904245,
      45.4220787
     ],
     [
      -122.3904572,
      45.4220677
     ],
     [
      -122.3904901,
      45.4220567
     ],
     [
      -122.3905231,
      45.4220456
     ],
     [
      -122.3905564,
      45.4220344
     ],
     [
      -122.3905898,
      45.4220231
     ],
     [
      -122.3906232,
      45.4220119
     ],
     [
      -122.3906567,
      45.4220006
     ],
     [
      -122.3906902,
      45.4219893
     ],
     [
      -122.3907237,
      45.4219779
     ],
     [
      -122.3907568,
      45.4219667
     ],
     [
      -122.3907896,
      45.4219555
     ],
     [
      -122.3908219,
      45.4219444
     ],
     [
      -122.3908538,
      45.4219332
     ],
     [
      -122.3908852,
      45.421922
     ],
     [
      -122.3909161,
      45.4219108
     ],
     [
      -122.3909467,
      45.4218996
     ],
     [
      -122.3909768,
      45.4218883
     ],
     [
      -122.3910065,
      45.421877
     ],
     [
      -122.3910358,
      45.4218655
     ],
     [
      -122.3910649,
      45.421854
     ],
     [
      -122.3910937,
      45.4218424
     ],
     [
      -122.3911223,
      45.4218307
     ],
     [
      -122.3911507,
      45.4218189
     ],
     [
      -122.391179,
      45.4218071
     ],
     [
      -122.3912072,
      45.4217952
     ],
     [
      -122.3912353,
      45.4217831
     ],
     [
      -122.3912633,
      45.421771
     ],
     [
      -122.3912913,
      45.4217588
     ],
     [
      -122.3913191,
      45.4217464
     ],
     [
      -122.3913469,
      45.421734
     ],
     [
      -122.3913745,
      45.4217214
     ],
     [
      -122.3914021,
      45.4217088
     ],
     [
      -122.3914296,
      45.421696
     ],
     [
      -122.391457,
      45.4216832
     ],
     [
      -122.3914843,
      45.4216702
     ],
     [
      -122.3915115,
      45.4216572
     ],
     [
      -122.3915386,
      45.421644
     ],
     [
      -122.3915656,
      45.4216307
     ],
     [
      -122.3915925,
      45.4216174
     ],
     [
      -122.3916193,
      45.4216039
     ],
     [
      -122.391646,
      45.4215903
     ],
     [
      -122.3916726,
      45.4215766
     ],
     [
      -122.3916991,
      45.4215629
     ],
     [
      -122.3917255,
      45.421549
     ],
     [
      -122.3917518,
      45.421535
     ],
     [
      -122.391778,
      45.4215209
     ],
     [
      -122.3918041,
      45.4215067
     ],
     [
      -122.3918301,
      45.4214925
     ],
     [
      -122.391856,
      45.4214781
     ],
     [
      -122.3918818,
      45.4214636
     ],
     [
      -122.3919074,
      45.4214491
     ],
     [
      -122.391933,
      45.4214344
     ],
     [
      -122.3919585,
      45.4214196
     ],
     [
      -122.3919838,
      45.4214048
     ],
     [
      -122.392009,
      45.4213899
     ],
     [
      -122.3920342,
      45.4213748
     ],
     [
      -122.3920592,
      45.4213597
     ],
     [
      -122.3920841,
      45.4213445
     ],
     [
      -122.3921089,
      45.4213292
     ],
     [
      -122.3921336,
      45.4213137
     ],
     [
      -122.3921582,
      45.4212982
     ],
     [
      -122.3921827,
      45.4212827
     ],
     [
      -122.3922071,
      45.421267
     ],
     [
      -122.3922314,
      45.4212513
     ],
     [
      -122.3922556,
      45.4212355
     ],
     [
      -122.3922797,
      45.4212196
     ],
     [
      -122.3923038,
      45.4212036
     ],
     [
      -122.3923279,
      45.4211875
     ],
     [
      -122.392352,
      45.4211713
     ],
     [
      -122.392376,
      45.4211549
     ],
     [
      -122.3924002,
      45.4211383
     ],
     [
      -122.3924244,
      45.4211216
     ],
     [
      -122.3924487,
      45.4211046
     ],
     [
      -122.3924731,
      45.4210873
     ],
     [
      -122.3924977,
      45.4210698
     ],
     [
      -122.3925224,
      45.4210521
     ],
     [
      -122.3925473,
      45.4210341
     ],
     [
      -122.3925724,
      45.4210159
     ],
     [
      -122.3925977,
      45.4209974
     ],
     [
      -122.3926233,
      45.4209787
     ],
     [
      -122.392649,
      45.4209598
     ],
     [
      -122.3926749,
      45.4209407
     ],
     [
      -122.3927009,
      45.4209214
     ],
     [
      -122.3927271,
      45.4209019
     ],
     [
      -122.3927534,
      45.4208824
     ],
     [
      -122.3927799,
      45.4208627
     ],
     [
      -122.3928064,
      45.420843
     ],
     [
      -122.392833,
      45.4208233
     ],
     [
      -122.3928596,
      45.4208035
     ],
     [
      -122.3928863,
      45.4207838
     ],
     [
      -122.3929131,
      45.420764
     ],
     [
      -122.3929399,
      45.4207443
     ],
     [
      -122.3929667,
      45.4207246
     ],
     [
      -122.3929935,
      45.4207049
     ],
     [
      -122.3930203,
      45.4206852
     ],
     [
      -122.3930472,
      45.4206656
     ],
     [
      -122.3930741,
      45.4206459
     ],
     [
      -122.3931009,
      45.4206262
     ],
     [
      -122.3931278,
      45.4206066
     ],
     [
      -122.3931547,
      45.4205869
     ],
     [
      -122.3931815,
      45.4205672
     ],
     [
      -122.3932084,
      45.4205476
     ],
     [
      -122.3932353,
      45.4205279
     ],
     [
      -122.3932621,
      45.4205082
     ],
     [
      -122.393289,
      45.4204885
     ],
     [
      -122.3933159,
      45.4204689
     ],
     [
      -122.3933427,
      45.4204492
     ],
     [
      -122.3933696,
      45.4204295
     ],
     [
      -122.3933965,
      45.4204099
     ],
     [
      -122.3934233,
      45.4203902
     ],
     [
      -122.3934502,
      45.4203705
     ],
     [
      -122.3934771,
      45.4203509
     ],
     [
      -122.393504,
      45.4203312
     ],
     [
      -122.3935309,
      45.4203116
     ],
     [
      -122.3935578,
      45.420292
     ],
     [
      -122.3935848,
      45.4202724
     ],
     [
      -122.3936118,
      45.4202528
     ],
     [
      -122.3936388,
      45.4202332
     ],
     [
      -122.3936659,
      45.4202137
     ],
     [
      -122.393693,
      45.4201942
     ],
     [
      -122.3937201,
      45.4201746
     ],
     [
      -122.3937472,
      45.4201551
     ],
     [
      -122.3937742,
      45.4201356
     ],
     [
      -122.3938013,
      45.4201161
     ],
     [
      -122.3938284,
      45.4200965
     ],
     [
      -122.3938555,
      45.420077
     ],
     [
      -122.3938826,
      45.4200575
     ],
     [
      -122.3939097,
      45.420038
     ],
     [
      -122.3939368,
      45.4200184
     ],
     [
      -122.3939639,
      45.4199989
     ],
     [
      -122.393991,
      45.4199794
     ],
     [
      -122.3940181,
      45.4199599
     ],
     [
      -122.3940452,
      45.4199403
     ],
     [
      -122.3940723,
      45.4199208
     ],
     [
      -122.3940994,
      45.4199013
     ],
     [
      -122.3941264,
      45.4198818
     ],
     [
      -122.3941535,
      45.4198622
     ],
     [
      -122.3941807,
      45.4198427
     ],
     [
      -122.3942078,
      45.4198233
     ],
     [
      -122.394235,
      45.4198038
     ],
     [
      -122.3942622,
      45.4197843
     ],
     [
      -122.3942894,
      45.4197649
     ],
     [
      -122.3943167,
      45.4197455
     ],
     [
      -122.394344,
      45.4197261
     ],
     [
      -122.3943713,
      45.4197067
     ],
     [
      -122.3943986,
      45.4196873
     ],
     [
      -122.3944259,
      45.419668
     ],
     [
      -122.3944533,
      45.4196486
     ],
     [
      -122.3944806,
      45.4196292
     ],
     [
      -122.3945079,
      45.4196098
     ],
     [
      -122.3945353,
      45.4195905
     ],
     [
      -122.3945626,
      45.4195711
     ],
     [
      -122.3945899,
      45.4195517
     ],
     [
      -122.3946173,
      45.4195323
     ],
     [
      -122.3946446,
      45.419513
     ],
     [
      -122.3946719,
      45.4194936
     ],
     [
      -122.3946993,
      45.4194742
     ],
     [
      -122.3947266,
      45.4194549
     ],
     [
      -122.3947539,
      45.4194355
     ],
     [
      -122.3947812,
      45.4194161
     ],
     [
      -122.3948086,
      45.4193967
     ],
     [
      -122.3948359,
      45.4193774
     ],
     [
      -122.3948632,
      45.419358
     ],
     [
      -122.3948905,
      45.4193385
     ],
     [
      -122.3949177,
      45.4193191
     ],
     [
      -122.3949449,
      45.4192996
     ],
     [
      -122.394972,
      45.4192802
     ],
     [
      -122.3949991,
      45.4192607
     ],
     [
      -122.3950262,
      45.4192411
     ],
     [
      -122.3950533,
      45.4192216
     ],
     [
      -122.3950803,
      45.419202
     ],
     [
      -122.3951073,
      45.4191825
     ],
     [
      -122.3951344,
      45.4191629
     ],
     [
      -122.3951614,
      45.4191433
     ],
     [
      -122.3951884,
      45.4191238
     ],
     [
      -122.3952154,
      45.4191042
     ],
     [
      -122.3952425,
      45.4190846
     ],
     [
      -122.3952695,
      45.4190651
     ],
     [
      -122.3952965,
      45.4190455
     ],
     [
      -122.3953235,
      45.4190259
     ],
     [
      -122.3953506,
      45.4190064
     ],
     [
      -122.3953776,
      45.4189868
     ],
     [
      -122.3954046,
      45.4189672
     ],
     [
      -122.3954316,
      45.4189477
     ],
     [
      -122.3954587,
      45.4189281
     ],
     [
      -122.3954857,
      45.4189085
     ],
     [
      -122.3955127,
      45.418889
     ],
     [
      -122.3955397,
      45.4188694
     ],
     [
      -122.3955667,
      45.4188498
     ],
     [
      -122.3955936,
      45.4188302
     ],
     [
      -122.3956206,
      45.4188105
     ],
     [
      -122.3956475,
      45.4187909
     ],
     [
      -122.3956743,
      45.4187712
     ],
     [
      -122.3957012,
      45.4187515
     ],
     [
      -122.395728,
      45.4187318
     ],
     [
      -122.3957548,
      45.4187121
     ],
     [
      -122.3957816,
      45.4186924
     ],
     [
      -122.3958084,
      45.4186727
     ],
     [
      -122.3958351,
      45.418653
     ],
     [
      -122.3958619,
      45.4186332
     ],
     [
      -122.3958887,
      45.4186135
     ],
     [
      -122.3959155,
      45.4185938
     ],
     [
      -122.3959423,
      45.4185741
     ],
     [
      -122.3959691,
      45.4185544
     ],
     [
      -122.3959959,
      45.4185347
     ],
     [
      -122.3960227,
      45.4185149
     ],
     [
      -122.3960495,
      45.4184952
     ],
     [
      -122.3960763,
      45.4184755
     ],
     [
      -122.3961031,
      45.4184558
     ],
     [
      -122.3961298,
      45.4184361
     ],
     [
      -122.3961566,
      45.4184164
     ],
     [
      -122.3961834,
      45.4183967
     ],
     [
      -122.3962102,
      45.4183769
     ],
     [
      -122.396237,
      45.4183572
     ],
     [
      -122.3962637,
      45.4183374
     ],
     [
      -122.3962904,
      45.4183177
     ],
     [
      -122.3963171,
      45.4182979
     ],
     [
      -122.3963438,
      45.4182781
     ],
     [
      -122.3963705,
      45.4182583
     ],
     [
      -122.3963971,
      45.4182385
     ],
     [
      -122.3964237,
      45.4182187
     ],
     [
      -122.3964504,
      45.4181989
     ],
     [
      -122.396477,
      45.4181791
     ],
     [
      -122.3965036,
      45.4181592
     ],
     [
      -122.3965303,
      45.4181394
     ],
     [
      -122.3965569,
      45.4181196
     ],
     [
      -122.3965835,
      45.4180998
     ],
     [
      -122.3966101,
      45.41808
     ],
     [
      -122.3966368,
      45.4180601
     ],
     [
      -122.3966634,
      45.4180403
     ],
     [
      -122.39669,
      45.4180205
     ],
     [
      -122.3967167,
      45.4180007
     ],
     [
      -122.3967433,
      45.4179809
     ],
     [
      -122.3967699,
      45.4179611
     ],
     [
      -122.3967965,
      45.4179412
     ],
     [
      -122.3968232,
      45.4179214
     ],
     [
      -122.3968498,
      45.4179016
     ],
     [
      -122.3968764,
      45.4178818
     ],
     [
      -122.396903,
      45.417862
     ],
     [
      -122.3969295,
      45.4178422
     ],
     [
      -122.3969558,
      45.4178226
     ],
     [
      -122.3969819,
      45.4178031
     ],
     [
      -122.3970077,
      45.4177838
     ],
     [
      -122.3970332,
      45.4177647
     ],
     [
      -122.3970583,
      45.4177458
     ],
     [
      -122.3970829,
      45.4177271
     ],
     [
      -122.3971071,
      45.4177087
     ],
     [
      -122.3971309,
      45.4176904
     ],
     [
      -122.3971544,
      45.4176723
     ],
     [
      -122.3971775,
      45.4176543
     ],
     [
      -122.3972003,
      45.4176362
     ],
     [
      -122.397223,
      45.4176182
     ],
     [
      -122.3972454,
      45.4176001
     ],
     [
      -122.3972678,
      45.4175819
     ],
     [
      -122.39729,
      45.4175636
     ],
     [
      -122.3973121,
      45.4175453
     ],
     [
      -122.397334,
      45.4175268
     ],
     [
      -122.3973558,
      45.4175083
     ],
     [
      -122.3973775,
      45.4174897
     ],
     [
      -122.397399,
      45.417471
     ],
     [
      -122.3974204,
      45.4174522
     ],
     [
      -122.3974417,
      45.4174334
     ],
     [
      -122.3974628,
      45.4174145
     ],
     [
      -122.3974838,
      45.4173955
     ],
     [
      -122.3975046,
      45.4173764
     ],
     [
      -122.3975253,
      45.4173572
     ],
     [
      -122.3975459,
      45.417338
     ],
     [
      -122.3975663,
      45.4173186
     ],
     [
      -122.3975866,
      45.4172992
     ],
     [
      -122.3976067,
      45.4172798
     ],
     [
      -122.3976267,
      45.4172602
     ],
     [
      -122.3976465,
      45.4172406
     ],
     [
      -122.3976662,
      45.4172209
     ],
     [
      -122.3976858,
      45.4172011
     ],
     [
      -122.3977052,
      45.4171812
     ],
     [
      -122.3977245,
      45.4171613
     ],
     [
      -122.3977436,
      45.4171413
     ],
     [
      -122.3977626,
      45.4171212
     ],
     [
      -122.3977814,
      45.4171011
     ],
     [
      -122.3978001,
      45.4170809
     ],
     [
      -122.3978187,
      45.4170606
     ],
     [
      -122.3978371,
      45.4170403
     ],
     [
      -122.3978553,
      45.4170198
     ],
     [
      -122.3978734,
      45.4169993
     ],
     [
      -122.3978913,
      45.4169788
     ],
     [
      -122.3979091,
      45.4169581
     ],
     [
      -122.3979268,
      45.4169375
     ],
     [
      -122.3979443,
      45.4169167
     ],
     [
      -122.3979616,
      45.4168959
     ],
     [
      -122.3979789,
      45.416875
     ],
     [
      -122.397996,
      45.4168541
     ],
     [
      -122.3980131,
      45.4168331
     ],
     [
      -122.3980299,
      45.4168121
     ],
     [
      -122.3980467,
      45.416791
     ],
     [
      -122.3980634,
      45.4167699
     ],
     [
      -122.3980799,
      45.4167487
     ],
     [
      -122.3980962,
      45.4167274
     ],
     [
      -122.3981125,
      45.4167061
     ],
     [
      -122.3981285,
      45.4166847
     ],
     [
      -122.3981445,
      45.4166633
     ],
     [
      -122.3981602,
      45.4166418
     ],
     [
      -122.3981758,
      45.4166202
     ],
     [
      -122.3981912,
      45.4165986
     ],
     [
      -122.3982065,
      45.4165769
     ],
     [
      -122.3982217,
      45.4165552
     ],
     [
      -122.3982366,
      45.4165334
     ],
     [
      -122.3982514,
      45.4165116
     ],
     [
      -122.3982661,
      45.4164896
     ],
     [
      -122.3982806,
      45.4164677
     ],
     [
      -122.3982949,
      45.4164457
     ],
     [
      -122.3983091,
      45.4164236
     ],
     [
      -122.3983231,
      45.4164014
     ],
     [
      -122.3983369,
      45.4163792
     ],
     [
      -122.3983507,
      45.416357
     ],
     [
      -122.3983643,
      45.4163348
     ],
     [
      -122.3983778,
      45.4163124
     ],
     [
      -122.3983912,
      45.4162901
     ],
     [
      -122.3984045,
      45.4162677
     ],
     [
      -122.3984177,
      45.4162453
     ],
     [
      -122.3984308,
      45.4162228
     ],
     [
      -122.3984438,
      45.4162003
     ],
     [
      -122.3984566,
      45.4161778
     ],
     [
      -122.3984693,
      45.4161552
     ],
     [
      -122.3984818,
      45.4161325
     ],
     [
      -122.3984941,
      45.4161098
     ],
     [
      -122.3985063,
      45.416087
     ],
     [
      -122.3985183,
      45.4160642
     ],
     [
      -122.3985302,
      45.4160414
     ],
     [
      -122.3985418,
      45.4160185
     ],
     [
      -122.3985533,
      45.4159955
     ],
     [
      -122.3985647,
      45.4159725
     ],
     [
      -122.3985758,
      45.4159495
     ],
     [
      -122.3985869,
      45.4159264
     ],
     [
      -122.3985977,
      45.4159033
     ],
     [
      -122.3986084,
      45.4158801
     ],
     [
      -122.3986188,
      45.4158568
     ],
     [
      -122.3986292,
      45.4158336
     ],
     [
      -122.3986393,
      45.4158103
     ],
     [
      -122.3986494,
      45.4157869
     ],
     [
      -122.3986593,
      45.4157635
     ],
     [
      -122.3986691,
      45.4157401
     ],
     [
      -122.3986788,
      45.4157167
     ],
     [
      -122.3986883,
      45.4156932
     ],
     [
      -122.3986977,
      45.4156697
     ],
     [
      -122.398707,
      45.4156461
     ],
     [
      -122.3987161,
      45.4156225
     ],
     [
      -122.3987252,
      45.4155989
     ],
     [
      -122.398734,
      45.4155753
     ],
     [
      -122.3987427,
      45.4155516
     ],
     [
      -122.3987512,
      45.4155278
     ],
     [
      -122.3987595,
      45.4155041
     ],
     [
      -122.3987677,
      45.4154803
     ],
     [
      -122.3987757,
      45.4154564
     ],
     [
      -122.3987835,
      45.4154325
     ],
     [
      -122.3987911,
      45.4154086
     ],
     [
      -122.3987985,
      45.4153847
     ],
     [
      -122.3988058,
      45.4153607
     ],
     [
      -122.3988129,
      45.4153366
     ],
     [
      -122.3988198,
      45.4153126
     ],
     [
      -122.3988266,
      45.4152885
     ],
     [
      -122.3988332,
      45.4152644
     ],
     [
      -122.3988396,
      45.4152402
     ],
     [
      -122.3988458,
      45.4152161
     ],
     [
      -122.3988518,
      45.4151919
     ],
     [
      -122.3988577,
      45.4151676
     ],
     [
      -122.3988634,
      45.4151434
     ],
     [
      -122.398869,
      45.4151191
     ],
     [
      -122.3988744,
      45.4150947
     ],
     [
      -122.3988796,
      45.4150704
     ],
     [
      -122.3988846,
      45.415046
     ],
     [
      -122.3988895,
      45.4150216
     ],
     [
      -122.3988942,
      45.4149972
     ],
     [
      -122.3988987,
      45.4149728
     ],
     [
      -122.398903,
      45.4149483
     ],
     [
      -122.3989072,
      45.4149238
     ],
     [
      -122.3989112,
      45.4148993
     ],
     [
      -122.398915,
      45.4148748
     ],
     [
      -122.3989186,
      45.4148502
     ],
     [
      -122.398922,
      45.4148256
     ],
     [
      -122.3989253,
      45.414801
     ],
     [
      -122.3989284,
      45.4147764
     ],
     [
      -122.3989312,
      45.4147518
     ],
     [
      -122.398934,
      45.4147271
     ],
     [
      -122.3989365,
      45.4147025
     ],
     [
      -122.3989388,
      45.4146778
     ],
     [
      -122.398941,
      45.4146531
     ],
     [
      -122.398943,
      45.4146284
     ],
     [
      -122.3989448,
      45.4146036
     ],
     [
      -122.3989464,
      45.4145789
     ],
     [
      -122.3989478,
      45.4145541
     ],
     [
      -122.398949,
      45.4145294
     ],
     [
      -122.39895,
      45.4145046
     ],
     [
      -122.3989509,
      45.4144798
     ],
     [
      -122.3989515,
      45.414455
     ],
     [
      -122.398952,
      45.4144302
     ],
     [
      -122.3989522,
      45.4144054
     ],
     [
      -122.3989523,
      45.4143806
     ],
     [
      -122.3989522,
      45.4143557
     ],
     [
      -122.3989519,
      45.4143309
     ],
     [
      -122.3989514,
      45.414306
     ],
     [
      -122.3989507,
      45.4142812
     ],
     [
      -122.3989498,
      45.4142562
     ],
     [
      -122.3989488,
      45.4142312
     ],
     [
      -122.3989475,
      45.414206
     ],
     [
      -122.398946,
      45.4141806
     ],
     [
      -122.3989444,
      45.4141551
     ],
     [
      -122.3989426,
      45.4141293
     ],
     [
      -122.3989407,
      45.4141033
     ],
     [
      -122.3989387,
      45.4140771
     ],
     [
      -122.3989366,
      45.4140506
     ],
     [
      -122.3989345,
      45.414024
     ],
     [
      -122.3989323,
      45.4139973
     ],
     [
      -122.3989301,
      45.4139705
     ],
     [
      -122.3989279,
      45.4139436
     ],
     [
      -122.3989256,
      45.4139167
     ],
     [
      -122.3989233,
      45.4138898
     ],
     [
      -122.398921,
      45.4138629
     ],
     [
      -122.3989187,
      45.413836
     ],
     [
      -122.3989163,
      45.413809
     ],
     [
      -122.398914,
      45.4137821
     ],
     [
      -122.3989116,
      45.4137552
     ],
     [
      -122.3989092,
      45.4137283
     ],
     [
      -122.3989067,
      45.4137014
     ],
     [
      -122.3989043,
      45.4136745
     ],
     [
      -122.3989019,
      45.4136476
     ],
     [
      -122.3988995,
      45.4136207
     ],
     [
      -122.3988971,
      45.4135938
     ],
     [
      -122.3988946,
      45.4135669
     ],
     [
      -122.3988922,
      45.41354
     ],
     [
      -122.3988898,
      45.4135131
     ],
     [
      -122.3988874,
      45.4134862
     ],
     [
      -122.398885,
      45.4134593
     ],
     [
      -122.3988825,
      45.4134324
     ],
     [
      -122.3988801,
      45.4134055
     ],
     [
      -122.3988777,
      45.4133786
     ],
     [
      -122.3988753,
      45.4133517
     ],
     [
      -122.3988728,
      45.4133248
     ],
     [
      -122.3988704,
      45.4132979
     ],
     [
      -122.398868,
      45.413271
     ],
     [
      -122.3988655,
      45.4132441
     ],
     [
      -122.398863,
      45.4132172
     ],
     [
      -122.3988605,
      45.4131902
     ],
     [
      -122.3988579,
      45.4131632
     ],
     [
      -122.3988553,
      45.4131361
     ],
     [
      -122.3988527,
      45.4131088
     ],
     [
      -122.39885,
      45.4130815
     ],
     [
      -122.3988474,
      45.4130541
     ],
     [
      -122.3988447,
      45.4130265
     ],
     [
      -122.3988421,
      45.4129989
     ],
     [
      -122.3988395,
      45.4129712
     ],
     [
      -122.3988369,
      45.4129433
     ],
     [
      -122.3988345,
      45.4129155
     ],
     [
      -122.3988321,
      45.4128876
     ],
     [
      -122.3988297,
      45.4128597
     ],
     [
      -122.3988275,
      45.4128319
     ],
     [
      -122.3988253,
      45.412804
     ],
     [
      -122.3988231,
      45.4127761
     ],
     [
      -122.3988211,
      45.4127482
     ],
     [
      -122.3988191,
      45.4127203
     ],
     [
      -122.3988172,
      45.4126924
     ],
     [
      -122.3988153,
      45.4126646
     ],
     [
      -122.3988135,
      45.4126367
     ],
     [
      -122.3988118,
      45.4126088
     ],
     [
      -122.3988102,
      45.4125809
     ],
     [
      -122.3988085,
      45.412553
     ],
     [
      -122.398807,
      45.4125251
     ],
     [
      -122.3988054,
      45.4124973
     ],
     [
      -122.3988039,
      45.4124694
     ],
     [
      -122.3988025,
      45.4124415
     ],
     [
      -122.398801,
      45.4124136
     ],
     [
      -122.3987996,
      45.4123857
     ],
     [
      -122.3987983,
      45.4123579
     ],
     [
      -122.398797,
      45.41233
     ],
     [
      -122.3987957,
      45.4123021
     ],
     [
      -122.3987946,
      45.4122742
     ],
     [
      -122.3987934,
      45.4122464
     ],
     [
      -122.3987924,
      45.4122185
     ],
     [
      -122.3987914,
      45.4121906
     ],
     [
      -122.3987905,
      45.4121628
     ],
     [
      -122.3987897,
      45.4121349
     ],
     [
      -122.3987889,
      45.412107
     ],
     [
      -122.3987882,
      45.4120791
     ],
     [
      -122.3987876,
      45.4120513
     ],
     [
      -122.398787,
      45.4120234
     ],
     [
      -122.3987866,
      45.4119955
     ],
     [
      -122.3987861,
      45.4119677
     ],
     [
      -122.3987858,
      45.4119398
     ],
     [
      -122.3987855,
      45.4119119
     ],
     [
      -122.3987853,
      45.4118841
     ],
     [
      -122.3987851,
      45.4118562
     ],
     [
      -122.398785,
      45.4118283
     ],
     [
      -122.3987849,
      45.4118005
     ],
     [
      -122.3987849,
      45.4117726
     ],
     [
      -122.3987849,
      45.4117448
     ],
     [
      -122.398785,
      45.4117169
     ],
     [
      -122.3987851,
      45.411689
     ],
     [
      -122.3987853,
      45.4116612
     ],
     [
      -122.3987855,
      45.4116333
     ],
     [
      -122.3987858,
      45.4116055
     ],
     [
      -122.3987861,
      45.4115776
     ],
     [
      -122.3987865,
      45.4115498
     ],
     [
      -122.398787,
      45.411522
     ],
     [
      -122.3987876,
      45.4114941
     ],
     [
      -122.3987882,
      45.4114663
     ],
     [
      -122.3987889,
      45.4114384
     ],
     [
      -122.3987896,
      45.4114106
     ],
     [
      -122.3987905,
      45.4113828
     ],
     [
      -122.3987914,
      45.4113549
     ],
     [
      -122.3987923,
      45.4113271
     ],
     [
      -122.3987934,
      45.4112993
     ],
     [
      -122.3987945,
      45.4112715
     ],
     [
      -122.3987956,
      45.4112436
     ],
     [
      -122.3987969,
      45.4112158
     ],
     [
      -122.3987982,
      45.411188
     ],
     [
      -122.3987996,
      45.4111602
     ],
     [
      -122.398801,
      45.4111324
     ],
     [
      -122.3988025,
      45.4111046
     ],
     [
      -122.398804,
      45.4110768
     ],
     [
      -122.3988056,
      45.411049
     ],
     [
      -122.3988073,
      45.4110212
     ],
     [
      -122.398809,
      45.4109934
     ],
     [
      -122.3988108,
      45.4109656
     ],
     [
      -122.3988126,
      45.4109378
     ],
     [
      -122.3988145,
      45.41091
     ],
     [
      -122.3988165,
      45.4108822
     ],
     [
      -122.3988185,
      45.4108544
     ],
     [
      -122.3988206,
      45.4108267
     ],
     [
      -122.3988228,
      45.4107989
     ],
     [
      -122.398825,
      45.4107711
     ],
     [
      -122.3988273,
      45.4107434
     ],
     [
      -122.3988297,
      45.4107156
     ],
     [
      -122.3988322,
      45.4106878
     ],
     [
      -122.3988347,
      45.4106601
     ],
     [
      -122.3988373,
      45.4106323
     ],
     [
      -122.3988399,
      45.4106046
     ],
     [
      -122.3988426,
      45.4105769
     ],
     [
      -122.3988454,
      45.4105491
     ],
     [
      -122.3988483,
      45.4105214
     ],
     [
      -122.3988512,
      45.4104937
     ],
     [
      -122.3988542,
      45.410466
     ],
     [
      -122.3988572,
      45.4104382
     ],
     [
      -122.3988604,
      45.4104105
     ],
     [
      -122.3988636,
      45.4103827
     ],
     [
      -122.3988668,
      45.4103548
     ],
     [
      -122.3988702,
      45.4103268
     ],
     [
      -122.3988737,
      45.4102988
     ],
     [
      -122.3988774,
      45.4102706
     ],
     [
      -122.3988812,
      45.4102423
     ],
     [
      -122.3988851,
      45.4102138
     ],
     [
      -122.3988893,
      45.4101853
     ],
     [
      -122.3988936,
      45.4101567
     ],
     [
      -122.3988982,
      45.410128
     ],
     [
      -122.3989029,
      45.4100993
     ],
     [
      -122.3989079,
      45.4100706
     ],
     [
      -122.3989131,
      45.4100419
     ],
     [
      -122.3989185,
      45.4100132
     ],
     [
      -122.3989241,
      45.4099845
     ],
     [
      -122.39893,
      45.4099559
     ],
     [
      -122.398936,
      45.4099273
     ],
     [
      -122.3989422,
      45.4098987
     ],
     [
      -122.3989487,
      45.4098702
     ],
     [
      -122.3989554,
      45.4098416
     ],
     [
      -122.3989622,
      45.4098131
     ],
     [
      -122.3989693,
      45.4097847
     ],
     [
      -122.3989766,
      45.4097562
     ],
     [
      -122.3989841,
      45.4097278
     ],
     [
      -122.3989918,
      45.4096994
     ],
     [
      -122.3989998,
      45.4096711
     ],
     [
      -122.3990079,
      45.4096428
     ],
     [
      -122.3990163,
      45.4096145
     ],
     [
      -122.3990249,
      45.4095862
     ],
     [
      -122.3990337,
      45.409558
     ],
     [
      -122.3990427,
      45.4095299
     ],
     [
      -122.3990519,
      45.4095017
     ],
     [
      -122.3990613,
      45.4094736
     ],
     [
      -122.3990709,
      45.4094456
     ],
     [
      -122.3990807,
      45.4094175
     ],
     [
      -122.3990908,
      45.4093896
     ],
     [
      -122.399101,
      45.4093616
     ],
     [
      -122.3991114,
      45.4093337
     ],
     [
      -122.3991221,
      45.4093059
     ],
     [
      -122.3991329,
      45.409278
     ],
     [
      -122.399144,
      45.4092503
     ],
     [
      -122.3991553,
      45.4092226
     ],
     [
      -122.3991667,
      45.4091949
     ],
     [
      -122.3991784,
      45.4091672
     ],
     [
      -122.3991902,
      45.4091396
     ],
     [
      -122.3992023,
      45.4091121
     ],
     [
      -122.3992146,
      45.4090846
     ],
     [
      -122.399227,
      45.4090572
     ],
     [
      -122.3992397,
      45.4090298
     ],
     [
      -122.3992526,
      45.4090024
     ],
     [
      -122.3992657,
      45.4089751
     ],
     [
      -122.399279,
      45.4089479
     ],
     [
      -122.3992925,
      45.4089207
     ],
     [
      -122.3993063,
      45.4088936
     ],
     [
      -122.3993202,
      45.4088665
     ],
     [
      -122.3993344,
      45.4088395
     ],
     [
      -122.3993487,
      45.4088125
     ],
     [
      -122.3993632,
      45.4087856
     ],
     [
      -122.399378,
      45.4087588
     ],
     [
      -122.3993929,
      45.408732
     ],
     [
      -122.3994081,
      45.4087053
     ],
     [
      -122.3994234,
      45.4086786
     ],
     [
      -122.3994389,
      45.408652
     ],
     [
      -122.3994546,
      45.4086255
     ],
     [
      -122.3994705,
      45.408599
     ],
     [
      -122.3994866,
      45.4085726
     ],
     [
      -122.3995029,
      45.4085462
     ],
     [
      -122.3995194,
      45.4085199
     ],
     [
      -122.3995361,
      45.4084937
     ],
     [
      -122.399553,
      45.4084675
     ],
     [
      -122.39957,
      45.4084414
     ],
     [
      -122.3995873,
      45.4084154
     ],
     [
      -122.3996047,
      45.4083894
     ],
     [
      -122.3996224,
      45.4083635
     ],
     [
      -122.3996402,
      45.4083377
     ],
     [
      -122.3996583,
      45.408312
     ],
     [
      -122.3996766,
      45.4082863
     ],
     [
      -122.3996951,
      45.4082607
     ],
     [
      -122.3997137,
      45.4082352
     ],
     [
      -122.3997326,
      45.4082098
     ],
     [
      -122.3997518,
      45.4081844
     ],
     [
      -122.3997711,
      45.4081592
     ],
     [
      -122.3997906,
      45.408134
     ],
     [
      -122.3998103,
      45.4081089
     ],
     [
      -122.3998301,
      45.4080838
     ],
     [
      -122.3998502,
      45.4080589
     ],
     [
      -122.3998704,
      45.408034
     ],
     [
      -122.3998908,
      45.4080092
     ],
     [
      -122.3999114,
      45.4079845
     ],
     [
      -122.3999322,
      45.4079598
     ],
     [
      -122.3999531,
      45.4079353
     ],
     [
      -122.3999742,
      45.4079108
     ],
     [
      -122.3999955,
      45.4078864
     ],
     [
      -122.400017,
      45.4078621
     ],
     [
      -122.4000387,
      45.4078378
     ],
     [
      -122.4000605,
      45.4078137
     ],
     [
      -122.4000825,
      45.4077896
     ],
     [
      -122.4001047,
      45.4077656
     ],
     [
      -122.400127,
      45.4077418
     ],
     [
      -122.4001496,
      45.407718
     ],
     [
      -122.4001723,
      45.4076943
     ],
     [
      -122.4001952,
      45.4076707
     ],
     [
      -122.4002183,
      45.4076472
     ],
     [
      -122.4002415,
      45.4076239
     ],
     [
      -122.4002648,
      45.4076007
     ],
     [
      -122.4002882,
      45.4075778
     ],
     [
      -122.4003115,
      45.407555
     ],
     [
      -122.4003349,
      45.4075324
     ],
     [
      -122.4003582,
      45.40751
     ],
     [
      -122.4003815,
      45.4074878
     ],
     [
      -122.4004047,
      45.4074657
     ],
     [
      -122.4004278,
      45.4074437
     ],
     [
      -122.4004508,
      45.4074219
     ],
     [
      -122.4004738,
      45.4074
     ],
     [
      -122.4004968,
      45.4073782
     ],
     [
      -122.4005197,
      45.4073564
     ],
     [
      -122.4005427,
      45.4073347
     ],
     [
      -122.4005656,
      45.4073129
     ],
     [
      -122.4005886,
      45.4072911
     ],
     [
      -122.4006116,
      45.4072693
     ],
     [
      -122.4006345,
      45.4072475
     ],
     [
      -122.4006575,
      45.4072257
     ],
     [
      -122.4006804,
      45.4072039
     ],
     [
      -122.4007034,
      45.4071821
     ],
     [
      -122.4007263,
      45.4071604
     ],
     [
      -122.4007493,
      45.4071386
     ],
     [
      -122.4007723,
      45.4071168
     ],
     [
      -122.4007954,
      45.4070951
     ],
     [
      -122.4008184,
      45.4070733
     ],
     [
      -122.4008415,
      45.4070516
     ],
     [
      -122.4008646,
      45.4070299
     ],
     [
      -122.4008877,
      45.4070082
     ],
     [
      -122.4009108,
      45.4069865
     ],
     [
      -122.4009339,
      45.4069648
     ],
     [
      -122.400957,
      45.4069431
     ],
     [
      -122.4009802,
      45.4069213
     ],
     [
      -122.4010033,
      45.4068996
     ],
     [
      -122.4010264,
      45.4068779
     ],
     [
      -122.4010495,
      45.4068562
     ],
     [
      -122.4010726,
      45.4068345
     ],
     [
      -122.4010958,
      45.4068128
     ],
     [
      -122.4011189,
      45.4067911
     ],
     [
      -122.401142,
      45.4067694
     ],
     [
      -122.4011651,
      45.4067477
     ],
     [
      -122.4011882,
      45.406726
     ],
     [
      -122.4012114,
      45.4067043
     ],
     [
      -122.4012345,
      45.4066826
     ],
     [
      -122.4012576,
      45.4066609
     ],
     [
      -122.4012807,
      45.4066392
     ],
     [
      -122.4013038,
      45.4066175
     ],
     [
      -122.401327,
      45.4065958
     ],
     [
      -122.4013502,
      45.4065741
     ],
     [
      -122.4013734,
      45.4065524
     ],
     [
      -122.4013966,
      45.4065308
     ],
     [
      -122.4014198,
      45.4065091
     ],
     [
      -122.4014431,
      45.4064875
     ],
     [
      -122.4014663,
      45.4064658
     ],
     [
      -122.4014896,
      45.4064442
     ],
     [
      -122.4015129,
      45.4064226
     ],
     [
      -122.4015362,
      45.4064009
     ],
     [
      -122.4015595,
      45.4063793
     ],
     [
      -122.4015828,
      45.4063577
     ],
     [
      -122.4016061,
      45.4063361
     ],
     [
      -122.4016294,
      45.4063144
     ],
     [
      -122.4016526,
      45.4062928
     ],
     [
      -122.4016759,
      45.4062712
     ],
     [
      -122.4016992,
      45.4062496
     ],
     [
      -122.4017225,
      45.4062279
     ],
     [
      -122.4017458,
      45.4062063
     ],
     [
      -122.4017691,
      45.4061847
     ],
     [
      -122.4017924,
      45.4061631
     ],
     [
      -122.4018157,
      45.4061414
     ],
     [
      -122.4018389,
      45.4061198
     ],
     [
      -122.4018622,
      45.4060982
     ],
     [
      -122.4018855,
      45.4060766
     ],
     [
      -122.4019087,
      45.4060549
     ],
     [
      -122.4019319,
      45.4060332
     ],
     [
      -122.4019551,
      45.4060116
     ],
     [
      -122.4019783,
      45.4059899
     ],
     [
      -122.4020014,
      45.4059682
     ],
     [
      -122.4020245,
      45.4059464
     ],
     [
      -122.4020475,
      45.4059247
     ],
     [
      -122.4020706,
      45.4059029
     ],
     [
      -122.4020936,
      45.4058812
     ],
     [
      -122.4021166,
      45.4058594
     ],
     [
      -122.4021396,
      45.4058377
     ],
     [
      -122.4021626,
      45.4058159
     ],
     [
      -122.4021856,
      45.4057942
     ],
     [
      -122.4022086,
      45.4057724
     ],
     [
      -122.4022316,
      45.4057507
     ],
     [
      -122.4022545,
      45.405729
     ],
     [
      -122.4022775,
      45.4057073
     ],
     [
      -122.4023003,
      45.4056856
     ],
     [
      -122.4023231,
      45.405664
     ],
     [
      -122.4023458,
      45.4056424
     ],
     [
      -122.4023683,
      45.4056207
     ],
     [
      -122.4023908,
      45.4055991
     ],
     [
      -122.4024132,
      45.4055774
     ],
     [
      -122.4024354,
      45.4055558
     ],
     [
      -122.4024575,
      45.405534
     ],
     [
      -122.4024795,
      45.4055122
     ],
     [
      -122.4025013,
      45.4054904
     ],
     [
      -122.402523,
      45.4054684
     ],
     [
      -122.4025445,
      45.4054464
     ],
     [
      -122.4025659,
      45.4054244
     ],
     [
      -122.4025872,
      45.4054022
     ],
     [
      -122.4026083,
      45.40538
     ],
     [
      -122.4026293,
      45.4053578
     ],
     [
      -122.4026501,
      45.4053354
     ],
     [
      -122.4026709,
      45.405313
     ],
     [
      -122.4026915,
      45.4052906
     ],
     [
      -122.4027121,
      45.4052681
     ],
     [
      -122.4027325,
      45.4052456
     ],
     [
      -122.4027528,
      45.405223
     ],
     [
      -122.402773,
      45.4052003
     ],
     [
      -122.4027932,
      45.4051776
     ],
     [
      -122.4028132,
      45.4051548
     ],
     [
      -122.4028331,
      45.4051319
     ],
     [
      -122.402853,
      45.405109
     ],
     [
      -122.4028729,
      45.4050859
     ],
     [
      -122.4028927,
      45.4050627
     ],
     [
      -122.4029126,
      45.4050395
     ],
     [
      -122.4029324,
      45.4050162
     ],
     [
      -122.4029523,
      45.4049928
     ],
     [
      -122.4029722,
      45.4049693
     ],
     [
      -122.402992,
      45.4049458
     ],
     [
      -122.4030119,
      45.4049222
     ],
     [
      -122.4030317,
      45.4048987
     ],
     [
      -122.4030515,
      45.4048751
     ],
     [
      -122.4030712,
      45.4048515
     ],
     [
      -122.403091,
      45.4048278
     ],
     [
      -122.4031106,
      45.4048042
     ],
     [
      -122.4031303,
      45.4047805
     ],
     [
      -122.4031499,
      45.4047569
     ],
     [
      -122.4031695,
      45.4047332
     ],
     [
      -122.4031892,
      45.4047096
     ],
     [
      -122.4032088,
      45.4046859
     ],
     [
      -122.4032284,
      45.4046622
     ],
     [
      -122.403248,
      45.4046386
     ],
     [
      -122.4032676,
      45.4046149
     ],
     [
      -122.4032873,
      45.4045913
     ],
     [
      -122.4033069,
      45.4045676
     ],
     [
      -122.4033265,
      45.4045439
     ],
     [
      -122.4033461,
      45.4045203
     ],
     [
      -122.4033657,
      45.4044966
     ],
     [
      -122.4033854,
      45.404473
     ],
     [
      -122.403405,
      45.4044493
     ],
     [
      -122.4034246,
      45.4044256
     ],
     [
      -122.4034442,
      45.404402
     ],
     [
      -122.4034638,
      45.4043783
     ],
     [
      -122.4034834,
      45.4043546
     ],
     [
      -122.4035029,
      45.4043309
     ],
     [
      -122.4035224,
      45.4043072
     ],
     [
      -122.4035419,
      45.4042835
     ],
     [
      -122.4035613,
      45.4042597
     ],
     [
      -122.4035806,
      45.404236
     ],
     [
      -122.4035999,
      45.4042122
     ],
     [
      -122.4036192,
      45.4041884
     ],
     [
      -122.4036384,
      45.4041646
     ],
     [
      -122.4036577,
      45.4041408
     ],
     [
      -122.4036769,
      45.404117
     ],
     [
      -122.4036962,
      45.4040932
     ],
     [
      -122.4037154,
      45.4040694
     ],
     [
      -122.4037347,
      45.4040456
     ],
     [
      -122.4037539,
      45.4040218
     ],
     [
      -122.4037732,
      45.4039979
     ],
     [
      -122.4037924,
      45.4039741
     ],
     [
      -122.4038117,
      45.4039503
     ],
     [
      -122.4038309,
      45.4039265
     ],
     [
      -122.4038501,
      45.4039027
     ],
     [
      -122.4038694,
      45.4038789
     ],
     [
      -122.4038886,
      45.4038551
     ],
     [
      -122.4039079,
      45.4038313
     ],
     [
      -122.4039271,
      45.4038075
     ],
     [
      -122.4039464,
      45.4037837
     ],
     [
      -122.4039655,
      45.4037598
     ],
     [
      -122.4039847,
      45.403736
     ],
     [
      -122.4040038,
      45.4037121
     ],
     [
      -122.4040228,
      45.4036882
     ],
     [
      -122.4040418,
      45.4036643
     ],
     [
      -122.4040608,
      45.4036404
     ],
     [
      -122.4040797,
      45.4036165
     ],
     [
      -122.4040985,
      45.4035925
     ],
     [
      -122.4041173,
      45.4035685
     ],
     [
      -122.4041361,
      45.4035446
     ],
     [
      -122.404155,
      45.4035206
     ],
     [
      -122.4041738,
      45.4034966
     ],
     [
      -122.4041926,
      45.4034726
     ],
     [
      -122.4042114,
      45.4034486
     ],
     [
      -122.4042302,
      45.4034247
     ],
     [
      -122.404249,
      45.4034007
     ],
     [
      -122.4042679,
      45.4033767
     ],
     [
      -122.4042867,
      45.4033527
     ],
     [
      -122.4043055,
      45.4033288
     ],
     [
      -122.4043243,
      45.4033048
     ],
     [
      -122.4043431,
      45.4032808
     ],
     [
      -122.4043619,
      45.4032568
     ],
     [
      -122.4043808,
      45.4032329
     ],
     [
      -122.4043996,
      45.4032089
     ],
     [
      -122.4044184,
      45.4031849
     ],
     [
      -122.4044372,
      45.4031609
     ],
     [
      -122.404456,
      45.403137
     ],
     [
      -122.4044748,
      45.403113
     ],
     [
      -122.4044937,
      45.403089
     ],
     [
      -122.4045125,
      45.403065
     ],
     [
      -122.4045313,
      45.4030411
     ],
     [
      -122.4045501,
      45.4030171
     ],
     [
      -122.4045689,
      45.4029931
     ],
     [
      -122.4045877,
      45.4029691
     ],
     [
      -122.4046066,
      45.4029452
     ],
     [
      -122.4046254,
      45.4029212
     ],
     [
      -122.4046442,
      45.4028972
     ],
     [
      -122.404663,
      45.4028732
     ],
     [
      -122.4046818,
      45.4028493
     ],
     [
      -122.4047006,
      45.4028253
     ],
     [
      -122.4047195,
      45.4028013
     ],
     [
      -122.4047383,
      45.4027773
     ],
     [
      -122.4047571,
      45.4027534
     ],
     [
      -122.4047759,
      45.4027294
     ],
     [
      -122.4047947,
      45.4027054
     ],
     [
      -122.4048135,
      45.4026814
     ],
     [
      -122.4048324,
      45.4026575
     ],
     [
      -122.4048512,
      45.4026335
     ],
     [
      -122.40487,
      45.4026095
     ],
     [
      -122.4048888,
      45.4025855
     ],
     [
      -122.4049076,
      45.4025616
     ],
     [
      -122.4049264,
      45.4025376
     ],
     [
      -122.4049453,
      45.4025136
     ],
     [
      -122.4049641,
      45.4024896
     ],
     [
      -122.4049829,
      45.4024657
     ],
     [
      -122.4050017,
      45.4024417
     ],
     [
      -122.4050205,
      45.4024177
     ],
     [
      -122.4050393,
      45.4023937
     ],
     [
      -122.4050581,
      45.4023698
     ],
     [
      -122.405077,
      45.4023458
     ],
     [
      -122.4050958,
      45.4023218
     ],
     [
      -122.4051146,
      45.4022978
     ],
     [
      -122.4051334,
      45.4022739
     ],
     [
      -122.4051522,
      45.4022499
     ],
     [
      -122.405171,
      45.4022259
     ],
     [
      -122.4051899,
      45.4022019
     ],
     [
      -122.4052087,
      45.402178
     ],
     [
      -122.4052275,
      45.402154
     ],
     [
      -122.4052463,
      45.40213
     ],
     [
      -122.4052651,
      45.402106
     ],
     [
      -122.4052839,
      45.4020821
     ],
     [
      -122.4053028,
      45.4020581
     ],
     [
      -122.4053216,
      45.4020341
     ],
     [
      -122.4053404,
      45.4020101
     ],
     [
      -122.4053592,
      45.4019862
     ],
     [
      -122.405378,
      45.4019622
     ],
     [
      -122.4053969,
      45.4019382
     ],
     [
      -122.4054157,
      45.4019143
     ],
     [
      -122.4054345,
      45.4018903
     ],
     [
      -122.4054534,
      45.4018663
     ],
     [
      -122.4054722,
      45.4018424
     ],
     [
      -122.4054911,
      45.4018184
     ],
     [
      -122.40551,
      45.4017945
     ],
     [
      -122.4055288,
      45.4017705
     ],
     [
      -122.4055477,
      45.4017465
     ],
     [
      -122.4055666,
      45.4017226
     ],
     [
      -122.4055855,
      45.4016986
     ],
     [
      -122.4056043,
      45.4016747
     ],
     [
      -122.4056232,
      45.4016507
     ],
     [
      -122.4056421,
      45.4016268
     ],
     [
      -122.405661,
      45.4016028
     ],
     [
      -122.4056798,
      45.4015789
     ],
     [
      -122.4056987,
      45.4015549
     ],
     [
      -122.4057176,
      45.401531
     ],
     [
      -122.4057365,
      45.401507
     ],
     [
      -122.4057553,
      45.4014831
     ],
     [
      -122.4057742,
      45.4014591
     ],
     [
      -122.4057931,
      45.4014352
     ],
     [
      -122.4058119,
      45.4014112
     ],
     [
      -122.4058308,
      45.4013873
     ],
     [
      -122.4058497,
      45.4013633
     ],
     [
      -122.4058686,
      45.4013394
     ],
     [
      -122.4058875,
      45.4013154
     ],
     [
      -122.4059064,
      45.4012915
     ],
     [
      -122.4059252,
      45.4012676
     ],
     [
      -122.4059441,
      45.4012437
     ],
     [
      -122.4059629,
      45.4012199
     ],
     [
      -122.4059817,
      45.401196
     ],
     [
      -122.4060004,
      45.4011722
     ],
     [
      -122.406019,
      45.4011484
     ],
     [
      -122.4060376,
      45.4011245
     ],
     [
      -122.406056,
      45.4011007
     ],
     [
      -122.4060744,
      45.4010768
     ],
     [
      -122.4060927,
      45.401053
     ],
     [
      -122.4061108,
      45.4010291
     ],
     [
      -122.4061289,
      45.4010052
     ],
     [
      -122.4061469,
      45.4009812
     ],
     [
      -122.4061648,
      45.4009572
     ],
     [
      -122.4061826,
      45.4009332
     ],
     [
      -122.4062003,
      45.4009091
     ],
     [
      -122.406218,
      45.400885
     ],
     [
      -122.4062355,
      45.4008609
     ],
     [
      -122.406253,
      45.4008367
     ],
     [
      -122.4062703,
      45.4008126
     ],
     [
      -122.4062876,
      45.4007883
     ],
     [
      -122.4063048,
      45.4007641
     ],
     [
      -122.4063219,
      45.4007398
     ],
     [
      -122.4063389,
      45.4007155
     ],
     [
      -122.4063559,
      45.4006912
     ],
     [
      -122.4063728,
      45.4006668
     ],
     [
      -122.4063895,
      45.4006424
     ],
     [
      -122.4064062,
      45.400618
     ],
     [
      -122.4064229,
      45.4005935
     ],
     [
      -122.4064394,
      45.400569
     ],
     [
      -122.4064558,
      45.4005445
     ],
     [
      -122.4064722,
      45.40052
     ],
     [
      -122.4064884,
      45.4004954
     ],
     [
      -122.4065046,
      45.4004708
     ],
     [
      -122.4065207,
      45.4004462
     ],
     [
      -122.4065367,
      45.4004215
     ],
     [
      -122.4065526,
      45.4003969
     ],
     [
      -122.4065684,
      45.4003721
     ],
     [
      -122.4065841,
      45.4003474
     ],
     [
      -122.4065997,
      45.4003226
     ],
     [
      -122.4066153,
      45.4002978
     ],
     [
      -122.4066307,
      45.400273
     ],
     [
      -122.406646,
      45.4002481
     ],
     [
      -122.4066613,
      45.4002232
     ],
     [
      -122.4066765,
      45.4001983
     ],
     [
      -122.4066915,
      45.4001733
     ],
     [
      -122.4067065,
      45.4001484
     ],
     [
      -122.4067214,
      45.4001234
     ],
     [
      -122.4067362,
      45.4000983
     ],
     [
      -122.4067509,
      45.4000733
     ],
     [
      -122.4067656,
      45.4000482
     ],
     [
      -122.4067801,
      45.4000231
     ],
     [
      -122.4067946,
      45.399998
     ],
     [
      -122.406809,
      45.3999728
     ],
     [
      -122.4068232,
      45.3999477
     ],
     [
      -122.4068374,
      45.3999224
     ],
     [
      -122.4068515,
      45.3998972
     ],
     [
      -122.4068655,
      45.399872
     ],
     [
      -122.4068795,
      45.3998467
     ],
     [
      -122.4068933,
      45.3998214
     ],
     [
      -122.406907,
      45.399796
     ],
     [
      -122.4069206,
      45.3997707
     ],
     [
      -122.4069342,
      45.3997453
     ],
     [
      -122.4069476,
      45.3997199
     ],
     [
      -122.406961,
      45.3996944
     ],
     [
      -122.4069742,
      45.399669
     ],
     [
      -122.4069874,
      45.3996435
     ],
     [
      -122.4070005,
      45.399618
     ],
     [
      -122.4070134,
      45.3995924
     ],
     [
      -122.4070263,
      45.3995669
     ],
     [
      -122.4070391,
      45.3995413
     ],
     [
      -122.4070518,
      45.3995157
     ],
     [
      -122.4070644,
      45.3994901
     ],
     [
      -122.4070769,
      45.3994644
     ],
     [
      -122.4070893,
      45.3994387
     ],
     [
      -122.4071017,
      45.399413
     ],
     [
      -122.4071139,
      45.3993873
     ],
     [
      -122.4071261,
      45.3993616
     ],
     [
      -122.4071382,
      45.3993358
     ],
     [
      -122.4071501,
      45.3993101
     ],
     [
      -122.407162,
      45.3992843
     ],
     [
      -122.4071738,
      45.3992584
     ],
     [
      -122.4071855,
      45.3992326
     ],
     [
      -122.4071971,
      45.3992067
     ],
     [
      -122.4072086,
      45.3991808
     ],
     [
      -122.40722,
      45.3991549
     ],
     [
      -122.4072314,
      45.399129
     ],
     [
      -122.4072426,
      45.399103
     ],
     [
      -122.4072537,
      45.3990771
     ],
     [
      -122.4072647,
      45.3990511
     ],
     [
      -122.4072757,
      45.3990251
     ],
     [
      -122.4072865,
      45.398999
     ],
     [
      -122.4072972,
      45.398973
     ],
     [
      -122.4073079,
      45.3989469
     ],
     [
      -122.4073184,
      45.3989208
     ],
     [
      -122.4073289,
      45.3988947
     ],
     [
      -122.4073392,
      45.3988685
     ],
     [
      -122.4073495,
      45.3988424
     ],
     [
      -122.4073596,
      45.3988162
     ],
     [
      -122.4073697,
      45.39879
     ],
     [
      -122.4073796,
      45.3987638
     ],
     [
      -122.4073895,
      45.3987376
     ],
     [
      -122.4073992,
      45.3987113
     ],
     [
      -122.4074089,
      45.398685
     ],
     [
      -122.4074185,
      45.3986587
     ],
     [
      -122.4074279,
      45.3986324
     ],
     [
      -122.4074373,
      45.3986061
     ],
     [
      -122.4074466,
      45.3985798
     ],
     [
      -122.4074557,
      45.3985534
     ],
     [
      -122.4074648,
      45.398527
     ],
     [
      -122.4074738,
      45.3985006
     ],
     [
      -122.4074827,
      45.3984742
     ],
     [
      -122.4074914,
      45.3984478
     ],
     [
      -122.4075001,
      45.3984214
     ],
     [
      -122.4075087,
      45.3983949
     ],
     [
      -122.4075172,
      45.3983684
     ],
     [
      -122.4075256,
      45.3983419
     ],
     [
      -122.4075339,
      45.3983154
     ],
     [
      -122.4075421,
      45.3982889
     ],
     [
      -122.4075501,
      45.3982624
     ],
     [
      -122.4075581,
      45.3982358
     ],
     [
      -122.407566,
      45.3982092
     ],
     [
      -122.4075738,
      45.3981826
     ],
     [
      -122.4075815,
      45.398156
     ],
     [
      -122.4075891,
      45.3981294
     ],
     [
      -122.4075966,
      45.3981028
     ],
     [
      -122.407604,
      45.3980762
     ],
     [
      -122.4076113,
      45.3980495
     ],
     [
      -122.4076185,
      45.3980228
     ],
     [
      -122.4076255,
      45.3979961
     ],
     [
      -122.4076325,
      45.3979694
     ],
     [
      -122.4076394,
      45.3979427
     ],
     [
      -122.4076462,
      45.397916
     ],
     [
      -122.4076529,
      45.3978893
     ],
     [
      -122.4076595,
      45.3978625
     ],
     [
      -122.4076659,
      45.3978357
     ],
     [
      -122.4076723,
      45.397809
     ],
     [
      -122.4076786,
      45.3977822
     ],
     [
      -122.4076848,
      45.3977554
     ],
     [
      -122.4076909,
      45.3977286
     ],
     [
      -122.4076969,
      45.3977017
     ],
     [
      -122.4077028,
      45.3976749
     ],
     [
      -122.4077086,
      45.397648
     ],
     [
      -122.4077143,
      45.3976211
     ],
     [
      -122.40772,
      45.3975942
     ],
     [
      -122.4077256,
      45.3975672
     ],
     [
      -122.4077311,
      45.3975403
     ],
     [
      -122.4077366,
      45.3975133
     ],
     [
      -122.4077421,
      45.3974863
     ],
     [
      -122.4077476,
      45.3974593
     ],
     [
      -122.407753,
      45.3974322
     ],
     [
      -122.4077585,
      45.3974052
     ],
     [
      -122.4077639,
      45.3973781
     ],
     [
      -122.4077694,
      45.3973511
     ],
     [
      -122.4077748,
      45.397324
     ],
     [
      -122.4077803,
      45.397297
     ],
     [
      -122.4077857,
      45.3972699
     ],
     [
      -122.4077912,
      45.3972429
     ],
     [
      -122.4077966,
      45.3972158
     ],
     [
      -122.4078021,
      45.3971888
     ],
     [
      -122.4078075,
      45.3971617
     ],
     [
      -122.407813,
      45.3971347
     ],
     [
      -122.4078184,
      45.3971076
     ],
     [
      -122.4078238,
      45.3970806
     ],
     [
      -122.4078293,
      45.3970535
     ],
     [
      -122.4078347,
      45.3970265
     ],
     [
      -122.4078402,
      45.3969994
     ],
     [
      -122.4078456,
      45.3969724
     ],
     [
      -122.4078511,
      45.3969453
     ],
     [
      -122.4078565,
      45.3969183
     ],
     [
      -122.407862,
      45.3968912
     ],
     [
      -122.4078674,
      45.3968642
     ],
     [
      -122.4078729,
      45.3968371
     ],
     [
      -122.4078783,
      45.3968101
     ],
     [
      -122.4078837,
      45.396783
     ],
     [
      -122.4078892,
      45.396756
     ],
     [
      -122.4078946,
      45.3967289
     ],
     [
      -122.4079,
      45.3967019
     ],
     [
      -122.4079054,
      45.3966748
     ],
     [
      -122.4079109,
      45.3966478
     ],
     [
      -122.4079163,
      45.3966207
     ],
     [
      -122.4079217,
      45.3965937
     ],
     [
      -122.4079271,
      45.3965666
     ],
     [
      -122.4079325,
      45.3965395
     ],
     [
      -122.4079379,
      45.3965125
     ],
     [
      -122.4079434,
      45.3964854
     ],
     [
      -122.4079488,
      45.3964584
     ],
     [
      -122.4079542,
      45.3964313
     ],
     [
      -122.4079596,
      45.3964043
     ],
     [
      -122.407965,
      45.3963772
     ],
     [
      -122.4079704,
      45.3963502
     ],
     [
      -122.4079758,
      45.3963231
     ],
     [
      -122.4079813,
      45.3962961
     ],
     [
      -122.4079867,
      45.396269
     ],
     [
      -122.4079921,
      45.396242
     ],
     [
      -122.4079975,
      45.3962149
     ],
     [
      -122.4080029,
      45.3961879
     ],
     [
      -122.4080083,
      45.3961608
     ],
     [
      -122.4080137,
      45.3961337
     ],
     [
      -122.4080191,
      45.3961067
     ],
     [
      -122.4080245,
      45.3960796
     ],
     [
      -122.4080299,
      45.3960526
     ],
     [
      -122.4080352,
      45.3960255
     ],
     [
      -122.4080406,
      45.3959985
     ],
     [
      -122.408046,
      45.3959714
     ],
     [
      -122.4080513,
      45.3959443
     ],
     [
      -122.4080567,
      45.3959173
     ],
     [
      -122.408062,
      45.3958902
     ],
     [
      -122.4080674,
      45.3958632
     ],
     [
      -122.4080727,
      45.3958361
     ],
     [
      -122.4080781,
      45.395809
     ],
     [
      -122.4080834,
      45.395782
     ],
     [
      -122.4080888,
      45.3957549
     ],
     [
      -122.4080942,
      45.3957279
     ],
     [
      -122.4080995,
      45.3957008
     ],
     [
      -122.4081049,
      45.3956737
     ],
     [
      -122.4081102,
      45.3956467
     ],
     [
      -122.4081156,
      45.3956196
     ],
     [
      -122.4081209,
      45.3955926
     ],
     [
      -122.4081263,
      45.3955655
     ],
     [
      -122.4081316,
      45.3955384
     ],
     [
      -122.408137,
      45.3955114
     ],
     [
      -122.4081423,
      45.3954843
     ],
     [
      -122.4081477,
      45.3954573
     ],
     [
      -122.408153,
      45.3954302
     ],
     [
      -122.4081584,
      45.3954031
     ],
     [
      -122.4081637,
      45.3953761
     ],
     [
      -122.408169,
      45.395349
     ],
     [
      -122.4081744,
      45.395322
     ],
     [
      -122.4081797,
      45.3952949
     ],
     [
      -122.408185,
      45.3952678
     ],
     [
      -122.4081903,
      45.3952408
     ],
     [
      -122.4081957,
      45.3952137
     ],
     [
      -122.408201,
      45.3951866
     ],
     [
      -122.4082063,
      45.3951596
     ],
     [
      -122.4082117,
      45.3951325
     ],
     [
      -122.408217,
      45.3951055
     ],
     [
      -122.4082223,
      45.3950784
     ],
     [
      -122.4082276,
      45.3950513
     ],
     [
      -122.408233,
      45.3950243
     ],
     [
      -122.4082383,
      45.3949972
     ],
     [
      -122.4082436,
      45.3949702
     ],
     [
      -122.4082489,
      45.3949431
     ],
     [
      -122.4082543,
      45.394916
     ],
     [
      -122.4082596,
      45.394889
     ],
     [
      -122.4082649,
      45.3948619
     ],
     [
      -122.4082702,
      45.3948348
     ],
     [
      -122.4082756,
      45.3948078
     ],
     [
      -122.4082809,
      45.3947807
     ],
     [
      -122.4082862,
      45.3947537
     ],
     [
      -122.4082915,
      45.3947266
     ],
     [
      -122.4082968,
      45.3946995
     ],
     [
      -122.4083021,
      45.3946725
     ],
     [
      -122.4083073,
      45.3946454
     ],
     [
      -122.4083126,
      45.3946183
     ],
     [
      -122.4083179,
      45.3945913
     ],
     [
      -122.4083232,
      45.3945642
     ],
     [
      -122.4083284,
      45.3945371
     ],
     [
      -122.4083337,
      45.3945101
     ],
     [
      -122.408339,
      45.394483
     ],
     [
      -122.4083443,
      45.3944559
     ],
     [
      -122.4083495,
      45.3944289
     ],
     [
      -122.4083548,
      45.3944018
     ],
     [
      -122.4083601,
      45.3943747
     ],
     [
      -122.4083653,
      45.3943476
     ],
     [
      -122.4083706,
      45.3943206
     ],
     [
      -122.4083759,
      45.3942935
     ],
     [
      -122.4083812,
      45.3942664
     ],
     [
      -122.4083864,
      45.3942394
     ],
     [
      -122.4083917,
      45.3942123
     ],
     [
      -122.408397,
      45.3941852
     ],
     [
      -122.4084022,
      45.3941582
     ],
     [
      -122.4084074,
      45.3941311
     ],
     [
      -122.4084126,
      45.394104
     ],
     [
      -122.4084177,
      45.3940769
     ],
     [
      -122.4084228,
      45.3940499
     ],
     [
      -122.4084278,
      45.3940228
     ],
     [
      -122.4084328,
      45.3939957
     ],
     [
      -122.4084377,
      45.3939686
     ],
     [
      -122.4084426,
      45.3939415
     ],
     [
      -122.4084475,
      45.3939144
     ],
     [
      -122.4084524,
      45.3938873
     ],
     [
      -122.4084572,
      45.3938601
     ],
     [
      -122.4084621,
      45.393833
     ],
     [
      -122.408467,
      45.3938059
     ],
     [
      -122.4084718,
      45.3937788
     ],
     [
      -122.4084767,
      45.3937517
     ],
     [
      -122.4084816,
      45.3937246
     ],
     [
      -122.4084864,
      45.3936975
     ],
     [
      -122.4084913,
      45.3936704
     ],
     [
      -122.4084962,
      45.3936433
     ],
     [
      -122.408501,
      45.3936162
     ],
     [
      -122.4085059,
      45.3935891
     ],
     [
      -122.4085108,
      45.393562
     ],
     [
      -122.4085156,
      45.3935349
     ],
     [
      -122.4085205,
      45.3935078
     ],
     [
      -122.4085254,
      45.3934807
     ],
     [
      -122.4085302,
      45.3934536
     ],
     [
      -122.4085351,
      45.3934264
     ],
     [
      -122.4085399,
      45.3933993
     ],
     [
      -122.4085448,
      45.3933722
     ],
     [
      -122.4085496,
      45.3933451
     ],
     [
      -122.4085545,
      45.393318
     ],
     [
      -122.4085593,
      45.393291
     ],
     [
      -122.4085641,
      45.3932639
     ],
     [
      -122.4085689,
      45.3932369
     ],
     [
      -122.4085736,
      45.3932099
     ],
     [
      -122.4085783,
      45.393183
     ],
     [
      -122.4085828,
      45.3931561
     ],
     [
      -122.4085872,
      45.3931292
     ],
     [
      -122.4085914,
      45.3931024
     ],
     [
      -122.4085955,
      45.3930756
     ],
     [
      -122.4085993,
      45.3930487
     ],
     [
      -122.408603,
      45.393022
     ],
     [
      -122.4086065,
      45.3929952
     ],
     [
      -122.4086098,
      45.3929684
     ],
     [
      -122.4086128,
      45.3929415
     ],
     [
      -122.4086157,
      45.3929147
     ],
     [
      -122.4086184,
      45.3928879
     ],
     [
      -122.4086208,
      45.3928611
     ],
     [
      -122.4086231,
      45.3928342
     ],
     [
      -122.4086252,
      45.3928074
     ],
     [
      -122.4086271,
      45.3927805
     ],
     [
      -122.4086287,
      45.3927536
     ],
     [
      -122.4086302,
      45.3927268
     ],
     [
      -122.4086315,
      45.3926999
     ],
     [
      -122.4086326,
      45.392673
     ],
     [
      -122.4086334,
      45.3926462
     ],
     [
      -122.4086341,
      45.3926193
     ],
     [
      -122.4086346,
      45.3925924
     ],
     [
      -122.4086349,
      45.3925655
     ],
     [
      -122.408635,
      45.3925387
     ],
     [
      -122.4086348,
      45.3925118
     ],
     [
      -122.4086345,
      45.3924849
     ],
     [
      -122.408634,
      45.3924581
     ],
     [
      -122.4086333,
      45.3924312
     ],
     [
      -122.4086324,
      45.3924043
     ],
     [
      -122.4086312,
      45.3923775
     ],
     [
      -122.4086299,
      45.3923506
     ],
     [
      -122.4086284,
      45.3923238
     ],
     [
      -122.4086267,
      45.3922969
     ],
     [
      -122.4086248,
      45.3922701
     ],
     [
      -122.4086227,
      45.3922433
     ],
     [
      -122.4086204,
      45.3922165
     ],
     [
      -122.4086178,
      45.3921897
     ],
     [
      -122.4086151,
      45.3921629
     ],
     [
      -122.4086122,
      45.3921361
     ],
     [
      -122.4086092,
      45.3921094
     ],
     [
      -122.4086059,
      45.3920826
     ],
     [
      -122.4086025,
      45.3920559
     ],
     [
      -122.408599,
      45.3920291
     ],
     [
      -122.4085953,
      45.3920024
     ],
     [
      -122.4085914,
      45.3919757
     ],
     [
      -122.4085873,
      45.391949
     ],
     [
      -122.4085831,
      45.3919224
     ],
     [
      -122.4085787,
      45.3918957
     ],
     [
      -122.4085741,
      45.391869
     ],
     [
      -122.4085693,
      45.3918424
     ],
     [
      -122.4085643,
      45.3918158
     ],
     [
      -122.4085591,
      45.3917892
     ],
     [
      -122.4085537,
      45.3917626
     ],
     [
      -122.4085481,
      45.3917361
     ],
     [
      -122.4085424,
      45.3917096
     ],
     [
      -122.4085364,
      45.3916831
     ],
     [
      -122.4085302,
      45.3916566
     ],
     [
      -122.4085238,
      45.3916301
     ],
     [
      -122.4085173,
      45.3916037
     ],
     [
      -122.4085105,
      45.3915773
     ],
     [
      -122.4085035,
      45.3915509
     ],
     [
      -122.4084964,
      45.3915245
     ],
     [
      -122.408489,
      45.3914982
     ],
     [
      -122.4084815,
      45.3914719
     ],
     [
      -122.4084739,
      45.3914456
     ],
     [
      -122.4084662,
      45.3914193
     ],
     [
      -122.4084585,
      45.391393
     ],
     [
      -122.4084506,
      45.3913668
     ],
     [
      -122.4084426,
      45.3913405
     ],
     [
      -122.4084346,
      45.3913143
     ],
     [
      -122.4084265,
      45.391288
     ],
     [
      -122.4084183,
      45.3912618
     ],
     [
      -122.4084099,
      45.3912356
     ],
     [
      -122.4084014,
      45.3912094
     ],
     [
      -122.4083927,
      45.3911833
     ],
     [
      -122.4083838,
      45.3911571
     ],
     [
      -122.4083747,
      45.3911311
     ],
     [
      -122.4083654,
      45.391105
     ],
     [
      -122.4083559,
      45.391079
     ],
     [
      -122.4083462,
      45.391053
     ],
     [
      -122.4083363,
      45.391027
     ],
     [
      -122.4083262,
      45.3910011
     ],
     [
      -122.408316,
      45.3909752
     ],
     [
      -122.4083055,
      45.3909493
     ],
     [
      -122.4082948,
      45.3909235
     ],
     [
      -122.408284,
      45.3908977
     ],
     [
      -122.4082729,
      45.3908719
     ],
     [
      -122.4082617,
      45.3908462
     ],
     [
      -122.4082503,
      45.3908206
     ],
     [
      -122.4082387,
      45.3907949
     ],
     [
      -122.408227,
      45.3907693
     ],
     [
      -122.4082151,
      45.3907437
     ],
     [
      -122.4082031,
      45.3907181
     ],
     [
      -122.4081909,
      45.3906926
     ],
     [
      -122.4081786,
      45.3906671
     ],
     [
      -122.4081661,
      45.3906416
     ],
     [
      -122.4081535,
      45.3906162
     ],
     [
      -122.4081407,
      45.3905908
     ],
     [
      -122.4081277,
      45.3905654
     ],
     [
      -122.4081145,
      45.3905401
     ],
     [
      -122.4081012,
      45.3905149
     ],
     [
      -122.4080876,
      45.3904896
     ],
     [
      -122.4080739,
      45.3904645
     ],
     [
      -122.40806,
      45.3904393
     ],
     [
      -122.4080459,
      45.3904142
     ],
     [
      -122.4080316,
      45.3903892
     ],
     [
      -122.4080171,
      45.3903642
     ],
     [
      -122.4080024,
      45.3903393
     ],
     [
      -122.4079875,
      45.3903144
     ],
     [
      -122.4079725,
      45.3902895
     ],
     [
      -122.4079572,
      45.3902648
     ],
     [
      -122.4079418,
      45.39024
     ],
     [
      -122.4079262,
      45.3902153
     ],
     [
      -122.4079104,
      45.3901907
     ],
     [
      -122.4078944,
      45.3901661
     ],
     [
      -122.4078782,
      45.3901416
     ],
     [
      -122.4078619,
      45.3901172
     ],
     [
      -122.4078453,
      45.3900927
     ],
     [
      -122.4078286,
      45.3900684
     ],
     [
      -122.4078117,
      45.3900441
     ],
     [
      -122.4077946,
      45.3900199
     ],
     [
      -122.4077774,
      45.3899957
     ],
     [
      -122.4077599,
      45.3899716
     ],
     [
      -122.4077423,
      45.3899475
     ],
     [
      -122.4077245,
      45.3899235
     ],
     [
      -122.4077065,
      45.3898996
     ],
     [
      -122.4076883,
      45.3898757
     ],
     [
      -122.40767,
      45.3898519
     ],
     [
      -122.4076514,
      45.3898282
     ],
     [
      -122.4076327,
      45.3898045
     ],
     [
      -122.4076138,
      45.3897809
     ],
     [
      -122.4075947,
      45.3897573
     ],
     [
      -122.4075755,
      45.3897339
     ],
     [
      -122.4075561,
      45.3897104
     ],
     [
      -122.4075365,
      45.3896871
     ],
     [
      -122.4075167,
      45.3896638
     ],
     [
      -122.4074967,
      45.3896406
     ],
     [
      -122.4074766,
      45.3896175
     ],
     [
      -122.4074563,
      45.3895944
     ],
     [
      -122.4074357,
      45.3895714
     ],
     [
      -122.4074149,
      45.3895486
     ],
     [
      -122.4073939,
      45.3895258
     ],
     [
      -122.4073727,
      45.3895032
     ],
     [
      -122.4073512,
      45.3894806
     ],
     [
      -122.4073295,
      45.3894582
     ],
     [
      -122.4073076,
      45.3894358
     ],
     [
      -122.4072855,
      45.3894136
     ],
     [
      -122.4072631,
      45.3893915
     ],
     [
      -122.4072406,
      45.3893694
     ],
     [
      -122.4072179,
      45.3893475
     ],
     [
      -122.407195,
      45.3893256
     ],
     [
      -122.407172,
      45.3893038
     ],
     [
      -122.4071488,
      45.3892821
     ],
     [
      -122.4071254,
      45.3892604
     ],
     [
      -122.4071019,
      45.3892389
     ],
     [
      -122.4070782,
      45.3892174
     ],
     [
      -122.4070544,
      45.3891961
     ],
     [
      -122.4070304,
      45.3891748
     ],
     [
      -122.4070063,
      45.3891536
     ],
     [
      -122.4069819,
      45.3891324
     ],
     [
      -122.4069575,
      45.3891114
     ],
     [
      -122.4069328,
      45.3890905
     ],
     [
      -122.406908,
      45.3890696
     ],
     [
      -122.4068831,
      45.3890489
     ],
     [
      -122.406858,
      45.3890282
     ],
     [
      -122.4068327,
      45.3890076
     ],
     [
      -122.4068073,
      45.3889871
     ],
     [
      -122.4067818,
      45.3889667
     ],
     [
      -122.406756,
      45.3889464
     ],
     [
      -122.4067302,
      45.3889262
     ],
     [
      -122.4067041,
      45.3889061
     ],
     [
      -122.406678,
      45.3888861
     ],
     [
      -122.4066516,
      45.3888661
     ],
     [
      -122.4066252,
      45.3888463
     ],
     [
      -122.4065985,
      45.3888266
     ],
     [
      -122.4065718,
      45.3888069
     ],
     [
      -122.4065449,
      45.3887874
     ],
     [
      -122.4065178,
      45.388768
     ],
     [
      -122.4064906,
      45.3887486
     ],
     [
      -122.4064632,
      45.3887294
     ],
     [
      -122.4064357,
      45.3887102
     ],
     [
      -122.406408,
      45.3886911
     ],
     [
      -122.4063802,
      45.3886721
     ],
     [
      -122.4063523,
      45.3886532
     ],
     [
      -122.4063243,
      45.3886343
     ],
     [
      -122.4062962,
      45.3886155
     ],
     [
      -122.406268,
      45.3885967
     ],
     [
      -122.4062397,
      45.3885779
     ],
     [
      -122.4062114,
      45.3885591
     ],
     [
      -122.4061832,
      45.3885403
     ],
     [
      -122.4061549,
      45.3885214
     ],
     [
      -122.4061267,
      45.3885025
     ],
     [
      -122.4060985,
      45.3884837
     ],
     [
      -122.4060703,
      45.3884648
     ],
     [
      -122.4060421,
      45.3884458
     ],
     [
      -122.406014,
      45.3884269
     ],
     [
      -122.4059859,
      45.3884079
     ],
     [
      -122.4059578,
      45.3883889
     ],
     [
      -122.4059297,
      45.3883699
     ],
     [
      -122.4059017,
      45.3883509
     ],
     [
      -122.4058736,
      45.388332
     ],
     [
      -122.4058455,
      45.388313
     ],
     [
      -122.4058174,
      45.388294
     ],
     [
      -122.4057893,
      45.388275
     ],
     [
      -122.4057613,
      45.388256
     ],
     [
      -122.4057332,
      45.388237
     ],
     [
      -122.4057051,
      45.388218
     ],
     [
      -122.405677,
      45.388199
     ],
     [
      -122.4056489,
      45.38818
     ],
     [
      -122.4056209,
      45.3881611
     ],
     [
      -122.4055928,
      45.3881421
     ],
     [
      -122.4055647,
      45.3881231
     ],
     [
      -122.4055366,
      45.3881041
     ],
     [
      -122.4055085,
      45.3880851
     ],
     [
      -122.4054804,
      45.3880662
     ],
     [
      -122.4054522,
      45.3880473
     ],
     [
      -122.4054239,
      45.3880285
     ],
     [
      -122.4053955,
      45.3880097
     ],
     [
      -122.405367,
      45.387991
     ],
     [
      -122.4053385,
      45.3879724
     ],
     [
      -122.4053099,
      45.3879538
     ],
     [
      -122.4052813,
      45.3879352
     ],
     [
      -122.4052525,
      45.3879168
     ],
     [
      -122.4052238,
      45.3878983
     ],
     [
      -122.4051951,
      45.3878798
     ],
     [
      -122.4051664,
      45.3878613
     ],
     [
      -122.4051376,
      45.3878428
     ],
     [
      -122.4051089,
      45.3878243
     ],
     [
      -122.4050802,
      45.3878058
     ],
     [
      -122.4050514,
      45.3877874
     ],
     [
      -122.4050227,
      45.3877689
     ],
     [
      -122.404994,
      45.3877504
     ],
     [
      -122.4049653,
      45.3877319
     ],
     [
      -122.4049365,
      45.3877134
     ],
     [
      -122.4049078,
      45.3876949
     ],
     [
      -122.4048791,
      45.3876764
     ],
     [
      -122.4048503,
      45.387658
     ],
     [
      -122.4048216,
      45.3876395
     ],
     [
      -122.4047929,
      45.387621
     ],
     [
      -122.4047641,
      45.3876025
     ],
     [
      -122.4047354,
      45.387584
     ],
     [
      -122.4047067,
      45.3875655
     ],
     [
      -122.404678,
      45.387547
     ],
     [
      -122.4046492,
      45.3875286
     ],
     [
      -122.4046205,
      45.3875101
     ],
     [
      -122.4045918,
      45.3874916
     ],
     [
      -122.404563,
      45.3874731
     ],
     [
      -122.4045343,
      45.3874546
     ],
     [
      -122.4045056,
      45.3874361
     ],
     [
      -122.4044769,
      45.3874176
     ],
     [
      -122.4044481,
      45.3873992
     ],
     [
      -122.4044194,
      45.3873807
     ],
     [
      -122.4043907,
      45.3873622
     ],
     [
      -122.4043619,
      45.3873437
     ],
     [
      -122.4043332,
      45.3873252
     ],
     [
      -122.4043045,
      45.3873067
     ],
     [
      -122.4042758,
      45.3872882
     ],
     [
      -122.404247,
      45.3872698
     ],
     [
      -122.4042183,
      45.3872513
     ],
     [
      -122.4041896,
      45.3872328
     ],
     [
      -122.4041608,
      45.3872143
     ],
     [
      -122.4041321,
      45.3871958
     ],
     [
      -122.4041034,
      45.3871773
     ],
     [
      -122.4040747,
      45.3871588
     ],
     [
      -122.4040459,
      45.3871404
     ],
     [
      -122.4040172,
      45.3871219
     ],
     [
      -122.4039885,
      45.3871034
     ],
     [
      -122.4039597,
      45.3870849
     ],
     [
      -122.403931,
      45.3870664
     ],
     [
      -122.4039023,
      45.3870479
     ],
     [
      -122.4038736,
      45.3870294
     ],
     [
      -122.4038448,
      45.387011
     ],
     [
      -122.4038161,
      45.3869925
     ],
     [
      -122.4037874,
      45.386974
     ],
     [
      -122.4037587,
      45.3869555
     ],
     [
      -122.4037299,
      45.386937
     ],
     [
      -122.4037012,
      45.3869185
     ],
     [
      -122.4036725,
      45.3869
     ],
     [
      -122.4036437,
      45.3868816
     ],
     [
      -122.403615,
      45.3868631
     ],
     [
      -122.4035863,
      45.3868446
     ],
     [
      -122.4035576,
      45.3868261
     ],
     [
      -122.4035288,
      45.3868076
     ],
     [
      -122.4035001,
      45.3867891
     ],
     [
      -122.4034714,
      45.3867706
     ],
     [
      -122.4034426,
      45.3867522
     ],
     [
      -122.4034139,
      45.3867337
     ],
     [
      -122.4033852,
      45.3867152
     ],
     [
      -122.4033565,
      45.3866967
     ],
     [
      -122.4033277,
      45.3866782
     ],
     [
      -122.403299,
      45.3866597
     ],
     [
      -122.4032703,
      45.3866412
     ],
     [
      -122.4032416,
      45.3866227
     ],
     [
      -122.4032128,
      45.3866043
     ],
     [
      -122.4031841,
      45.3865858
     ],
     [
      -122.4031554,
      45.3865673
     ],
     [
      -122.4031267,
      45.3865488
     ],
     [
      -122.4030979,
      45.3865303
     ],
     [
      -122.4030692,
      45.3865118
     ],
     [
      -122.4030405,
      45.3864933
     ],
     [
      -122.4030118,
      45.3864748
     ],
     [
      -122.402983,
      45.3864563
     ],
     [
      -122.4029543,
      45.3864379
     ],
     [
      -122.4029256,
      45.3864194
     ],
     [
      -122.4028969,
      45.3864009
     ],
     [
      -122.4028681,
      45.3863824
     ],
     [
      -122.4028394,
      45.3863639
     ],
     [
      -122.4028107,
      45.3863454
     ],
     [
      -122.402782,
      45.3863269
     ],
     [
      -122.4027533,
      45.3863084
     ],
     [
      -122.4027245,
      45.3862899
     ],
     [
      -122.4026958,
      45.3862714
     ],
     [
      -122.4026671,
      45.386253
     ],
     [
      -122.4026384,
      45.3862345
     ],
     [
      -122.4026096,
      45.386216
     ],
     [
      -122.4025809,
      45.3861975
     ],
     [
      -122.4025522,
      45.386179
     ],
     [
      -122.4025235,
      45.3861605
     ],
     [
      -122.4024948,
      45.386142
     ],
     [
      -122.402466,
      45.3861235
     ],
     [
      -122.4024373,
      45.386105
     ],
     [
      -122.4024086,
      45.3860865
     ],
     [
      -122.4023799,
      45.3860681
     ],
     [
      -122.4023511,
      45.3860496
     ],
     [
      -122.4023224,
      45.3860311
     ],
     [
      -122.4022937,
      45.3860126
     ],
     [
      -122.402265,
      45.3859941
     ],
     [
      -122.4022363,
      45.3859756
     ],
     [
      -122.4022075,
      45.3859571
     ],
     [
      -122.4021788,
      45.3859386
     ],
     [
      -122.4021501,
      45.3859201
     ],
     [
      -122.4021214,
      45.3859016
     ],
     [
      -122.4020926,
      45.3858831
     ],
     [
      -122.4020639,
      45.3858647
     ],
     [
      -122.4020352,
      45.3858462
     ],
     [
      -122.4020065,
      45.3858277
     ],
     [
      -122.4019778,
      45.3858092
     ],
     [
      -122.401949,
      45.3857907
     ],
     [
      -122.4019203,
      45.3857722
     ],
     [
      -122.4018916,
      45.3857537
     ],
     [
      -122.4018629,
      45.3857352
     ],
     [
      -122.4018341,
      45.3857167
     ],
     [
      -122.4018054,
      45.3856982
     ],
     [
      -122.4017767,
      45.3856798
     ],
     [
      -122.401748,
      45.3856613
     ],
     [
      -122.4017193,
      45.3856428
     ],
     [
      -122.4016905,
      45.3856243
     ],
     [
      -122.4016618,
      45.3856058
     ],
     [
      -122.4016331,
      45.3855873
     ],
     [
      -122.4016044,
      45.3855688
     ],
     [
      -122.4015756,
      45.3855503
     ],
     [
      -122.4015469,
      45.3855318
     ],
     [
      -122.4015182,
      45.3855133
     ],
     [
      -122.4014895,
      45.3854949
     ],
     [
      -122.4014608,
      45.3854764
     ],
     [
      -122.401432,
      45.3854579
     ],
     [
      -122.4014033,
      45.3854394
     ],
     [
      -122.4013746,
      45.3854209
     ],
     [
      -122.4013459,
      45.3854024
     ],
     [
      -122.4013171,
      45.3853839
     ],
     [
      -122.4012884,
      45.3853654
     ],
     [
      -122.4012597,
      45.3853469
     ],
     [
      -122.401231,
      45.3853284
     ],
     [
      -122.4012023,
      45.38531
     ],
     [
      -122.4011735,
      45.3852915
     ],
     [
      -122.4011448,
      45.385273
     ],
     [
      -122.4011161,
      45.3852545
     ],
     [
      -122.4010874,
      45.385236
     ],
     [
      -122.4010587,
      45.3852175
     ],
     [
      -122.4010299,
      45.385199
     ],
     [
      -122.4010012,
      45.3851805
     ],
     [
      -122.4009725,
      45.385162
     ],
     [
      -122.4009438,
      45.3851435
     ],
     [
      -122.400915,
      45.385125
     ],
     [
      -122.4008863,
      45.3851066
     ],
     [
      -122.4008576,
      45.3850881
     ],
     [
      -122.4008289,
      45.3850696
     ],
     [
      -122.4008002,
      45.3850511
     ],
     [
      -122.4007714,
      45.3850326
     ],
     [
      -122.4007427,
      45.3850141
     ],
     [
      -122.400714,
      45.3849956
     ],
     [
      -122.4006853,
      45.3849771
     ],
     [
      -122.4006566,
      45.3849586
     ],
     [
      -122.4006278,
      45.3849401
     ],
     [
      -122.4005991,
      45.3849217
     ],
     [
      -122.4005704,
      45.3849032
     ],
     [
      -122.4005417,
      45.3848847
     ],
     [
      -122.4005129,
      45.3848662
     ],
     [
      -122.4004842,
      45.3848477
     ],
     [
      -122.4004555,
      45.3848292
     ],
     [
      -122.4004268,
      45.3848107
     ],
     [
      -122.4003981,
      45.3847922
     ],
     [
      -122.4003693,
      45.3847737
     ],
     [
      -122.4003406,
      45.3847552
     ],
     [
      -122.4003119,
      45.3847367
     ],
     [
      -122.4002832,
      45.3847183
     ],
     [
      -122.4002545,
      45.3846998
     ],
     [
      -122.4002257,
      45.3846813
     ],
     [
      -122.400197,
      45.3846628
     ],
     [
      -122.4001683,
      45.3846443
     ],
     [
      -122.4001396,
      45.3846258
     ],
     [
      -122.4001109,
      45.3846073
     ],
     [
      -122.4000821,
      45.3845888
     ],
     [
      -122.4000534,
      45.3845703
     ],
     [
      -122.4000247,
      45.3845518
     ],
     [
      -122.399996,
      45.3845333
     ],
     [
      -122.3999672,
      45.3845149
     ],
     [
      -122.3999385,
      45.3844964
     ],
     [
      -122.3999098,
      45.3844779
     ],
     [
      -122.3998811,
      45.3844594
     ],
     [
      -122.3998524,
      45.3844409
     ],
     [
      -122.3998236,
      45.3844224
     ],
     [
      -122.3997949,
      45.3844039
     ],
     [
      -122.3997662,
      45.3843854
     ],
     [
      -122.3997375,
      45.3843669
     ],
     [
      -122.3997088,
      45.3843484
     ],
     [
      -122.39968,
      45.38433
     ],
     [
      -122.3996513,
      45.3843115
     ],
     [
      -122.3996226,
      45.384293
     ],
     [
      -122.3995939,
      45.3842745
     ],
     [
      -122.3995652,
      45.384256
     ],
     [
      -122.3995364,
      45.3842375
     ],
     [
      -122.3995077,
      45.384219
     ],
     [
      -122.399479,
      45.3842005
     ],
     [
      -122.3994503,
      45.384182
     ],
     [
      -122.3994216,
      45.3841635
     ],
     [
      -122.3993928,
      45.384145
     ],
     [
      -122.3993641,
      45.3841266
     ],
     [
      -122.3993354,
      45.3841081
     ],
     [
      -122.3993067,
      45.3840896
     ],
     [
      -122.399278,
      45.3840711
     ],
     [
      -122.3992492,
      45.3840526
     ],
     [
      -122.3992205,
      45.3840341
     ],
     [
      -122.3991918,
      45.3840156
     ],
     [
      -122.3991631,
      45.3839971
     ],
     [
      -122.3991344,
      45.3839786
     ],
     [
      -122.3991056,
      45.3839601
     ],
     [
      -122.3990769,
      45.3839416
     ],
     [
      -122.3990482,
      45.3839232
     ],
     [
      -122.3990195,
      45.3839047
     ],
     [
      -122.3989907,
      45.3838862
     ],
     [
      -122.398962,
      45.3838677
     ],
     [
      -122.3989333,
      45.3838492
     ],
     [
      -122.3989046,
      45.3838307
     ],
     [
      -122.3988759,
      45.3838122
     ],
     [
      -122.3988471,
      45.3837937
     ],
     [
      -122.3988184,
      45.3837752
     ],
     [
      -122.3987897,
      45.3837567
     ],
     [
      -122.398761,
      45.3837382
     ],
     [
      -122.3987323,
      45.3837198
     ],
     [
      -122.3987035,
      45.3837013
     ],
     [
      -122.3986748,
      45.3836828
     ],
     [
      -122.3986461,
      45.3836643
     ],
     [
      -122.3986174,
      45.3836458
     ],
     [
      -122.3985887,
      45.3836273
     ],
     [
      -122.3985599,
      45.3836088
     ],
     [
      -122.3985312,
      45.3835903
     ],
     [
      -122.3985025,
      45.3835718
     ],
     [
      -122.3984738,
      45.3835533
     ],
     [
      -122.3984451,
      45.3835348
     ],
     [
      -122.3984163,
      45.3835164
     ],
     [
      -122.3983876,
      45.3834979
     ],
     [
      -122.3983589,
      45.3834794
     ],
     [
      -122.3983302,
      45.3834609
     ],
     [
      -122.3983015,
      45.3834424
     ],
     [
      -122.3982728,
      45.3834239
     ],
     [
      -122.398244,
      45.3834054
     ],
     [
      -122.3982153,
      45.3833869
     ],
     [
      -122.3981866,
      45.3833684
     ],
     [
      -122.3981579,
      45.3833499
     ],
     [
      -122.3981292,
      45.3833314
     ],
     [
      -122.3981004,
      45.3833129
     ],
     [
      -122.3980717,
      45.3832945
     ],
     [
      -122.398043,
      45.383276
     ],
     [
      -122.3980143,
      45.3832575
     ],
     [
      -122.3979856,
      45.383239
     ],
     [
      -122.3979568,
      45.3832205
     ],
     [
      -122.3979281,
      45.383202
     ],
     [
      -122.3978994,
      45.3831835
     ],
     [
      -122.3978707,
      45.383165
     ],
     [
      -122.397842,
      45.3831465
     ],
     [
      -122.3978132,
      45.383128
     ],
     [
      -122.3977845,
      45.3831095
     ],
     [
      -122.3977558,
      45.383091
     ],
     [
      -122.3977271,
      45.3830726
     ],
     [
      -122.3976984,
      45.3830541
     ],
     [
      -122.3976697,
      45.3830356
     ],
     [
      -122.3976409,
      45.3830171
     ],
     [
      -122.3976122,
      45.3829986
     ],
     [
      -122.3975835,
      45.3829801
     ],
     [
      -122.3975548,
      45.3829616
     ],
     [
      -122.3975261,
      45.3829431
     ],
     [
      -122.3974973,
      45.3829246
     ],
     [
      -122.3974686,
      45.3829061
     ],
     [
      -122.3974399,
      45.3828876
     ],
     [
      -122.3974112,
      45.3828691
     ],
     [
      -122.3973825,
      45.3828506
     ],
     [
      -122.3973538,
      45.3828321
     ],
     [
      -122.3973251,
      45.3828136
     ],
     [
      -122.3972963,
      45.3827952
     ],
     [
      -122.3972676,
      45.3827767
     ],
     [
      -122.3972389,
      45.3827582
     ],
     [
      -122.3972102,
      45.3827397
     ],
     [
      -122.3971815,
      45.3827212
     ],
     [
      -122.3971528,
      45.3827027
     ],
     [
      -122.397124,
      45.3826842
     ],
     [
      -122.3970953,
      45.3826657
     ],
     [
      -122.3970666,
      45.3826472
     ],
     [
      -122.3970379,
      45.3826287
     ],
     [
      -122.3970092,
      45.3826102
     ],
     [
      -122.3969805,
      45.3825917
     ],
     [
      -122.3969518,
      45.3825732
     ],
     [
      -122.396923,
      45.3825547
     ],
     [
      -122.3968943,
      45.3825362
     ],
     [
      -122.3968656,
      45.3825177
     ],
     [
      -122.3968369,
      45.3824992
     ],
     [
      -122.3968082,
      45.3824807
     ],
     [
      -122.3967795,
      45.3824623
     ],
     [
      -122.3967508,
      45.3824438
     ],
     [
      -122.396722,
      45.3824253
     ],
     [
      -122.3966933,
      45.3824068
     ],
     [
      -122.3966646,
      45.3823883
     ],
     [
      -122.3966359,
      45.3823698
     ],
     [
      -122.3966072,
      45.3823513
     ],
     [
      -122.3965785,
      45.3823328
     ],
     [
      -122.3965498,
      45.3823143
     ],
     [
      -122.3965211,
      45.3822958
     ],
     [
      -122.3964923,
      45.3822773
     ],
     [
      -122.3964636,
      45.3822588
     ],
     [
      -122.3964349,
      45.3822403
     ],
     [
      -122.3964062,
      45.3822218
     ],
     [
      -122.3963775,
      45.3822033
     ],
     [
      -122.3963488,
      45.3821848
     ],
     [
      -122.3963201,
      45.3821663
     ],
     [
      -122.3962913,
      45.3821478
     ],
     [
      -122.3962626,
      45.3821293
     ],
     [
      -122.3962339,
      45.3821108
     ],
     [
      -122.3962052,
      45.3820923
     ],
     [
      -122.3961765,
      45.3820738
     ],
     [
      -122.3961478,
      45.3820553
     ],
     [
      -122.3961191,
      45.3820368
     ],
     [
      -122.3960904,
      45.3820184
     ],
     [
      -122.3960616,
      45.3819999
     ],
     [
      -122.3960329,
      45.3819814
     ],
     [
      -122.3960042,
      45.3819629
     ],
     [
      -122.3959755,
      45.3819444
     ],
     [
      -122.3959468,
      45.3819259
     ],
     [
      -122.3959181,
      45.3819074
     ],
     [
      -122.3958894,
      45.3818889
     ],
     [
      -122.3958607,
      45.3818704
     ],
     [
      -122.395832,
      45.3818519
     ],
     [
      -122.3958032,
      45.3818334
     ],
     [
      -122.3957745,
      45.3818149
     ],
     [
      -122.3957458,
      45.3817964
     ],
     [
      -122.3957171,
      45.3817779
     ],
     [
      -122.3956884,
      45.3817594
     ],
     [
      -122.3956597,
      45.3817409
     ],
     [
      -122.395631,
      45.3817224
     ],
     [
      -122.3956023,
      45.3817039
     ],
     [
      -122.3955735,
      45.3816854
     ],
     [
      -122.3955448,
      45.3816669
     ],
     [
      -122.3955161,
      45.3816484
     ],
     [
      -122.3954874,
      45.3816299
     ],
     [
      -122.3954587,
      45.3816114
     ],
     [
      -122.39543,
      45.3815929
     ],
     [
      -122.3954013,
      45.3815744
     ],
     [
      -122.3953726,
      45.3815559
     ],
     [
      -122.3953439,
      45.3815374
     ],
     [
      -122.3953152,
      45.3815189
     ],
     [
      -122.3952864,
      45.3815004
     ],
     [
      -122.3952577,
      45.3814819
     ],
     [
      -122.395229,
      45.3814634
     ],
     [
      -122.3952003,
      45.3814449
     ],
     [
      -122.3951716,
      45.3814264
     ],
     [
      -122.3951429,
      45.3814079
     ],
     [
      -122.3951142,
      45.3813894
     ],
     [
      -122.3950855,
      45.3813709
     ],
     [
      -122.3950568,
      45.3813525
     ],
     [
      -122.3950281,
      45.381334
     ],
     [
      -122.3949993,
      45.3813155
     ],
     [
      -122.3949706,
      45.381297
     ],
     [
      -122.3949419,
      45.3812785
     ],
     [
      -122.3949132,
      45.38126
     ],
     [
      -122.3948845,
      45.3812415
     ],
     [
      -122.3948558,
      45.381223
     ],
     [
      -122.3948271,
      45.3812045
     ],
     [
      -122.3947984,
      45.381186
     ],
     [
      -122.3947697,
      45.3811675
     ],
     [
      -122.394741,
      45.381149
     ],
     [
      -122.3947123,
      45.3811305
     ],
     [
      -122.3946835,
      45.381112
     ],
     [
      -122.3946548,
      45.3810935
     ],
     [
      -122.3946261,
      45.381075
     ],
     [
      -122.3945974,
      45.3810565
     ],
     [
      -122.3945687,
      45.381038
     ],
     [
      -122.39454,
      45.3810195
     ],
     [
      -122.3945113,
      45.381001
     ],
     [
      -122.3944826,
      45.3809825
     ],
     [
      -122.3944539,
      45.380964
     ],
     [
      -122.3944252,
      45.3809455
     ],
     [
      -122.3943965,
      45.380927
     ],
     [
      -122.3943678,
      45.3809085
     ],
     [
      -122.394339,
      45.38089
     ],
     [
      -122.3943103,
      45.3808715
     ],
     [
      -122.3942816,
      45.380853
     ],
     [
      -122.3942529,
      45.3808345
     ],
     [
      -122.3942242,
      45.380816
     ],
     [
      -122.3941955,
      45.3807975
     ],
     [
      -122.3941668,
      45.380779
     ],
     [
      -122.3941381,
      45.3807605
     ],
     [
      -122.3941094,
      45.380742
     ],
     [
      -122.3940807,
      45.3807235
     ],
     [
      -122.394052,
      45.380705
     ],
     [
      -122.3940233,
      45.3806865
     ],
     [
      -122.3939946,
      45.380668
     ],
     [
      -122.3939658,
      45.3806495
     ],
     [
      -122.3939371,
      45.380631
     ],
     [
      -122.3939084,
      45.3806125
     ],
     [
      -122.3938797,
      45.380594
     ],
     [
      -122.393851,
      45.3805755
     ],
     [
      -122.3938223,
      45.380557
     ],
     [
      -122.3937936,
      45.3805385
     ],
     [
      -122.3937649,
      45.38052
     ],
     [
      -122.3937362,
      45.3805015
     ],
     [
      -122.3937075,
      45.380483
     ],
     [
      -122.3936788,
      45.3804645
     ],
     [
      -122.3936501,
      45.380446
     ],
     [
      -122.3936213,
      45.3804275
     ],
     [
      -122.3935926,
      45.380409
     ],
     [
      -122.3935639,
      45.3803905
     ],
     [
      -122.3935352,
      45.380372
     ],
     [
      -122.3935065,
      45.3803535
     ],
     [
      -122.3934778,
      45.380335
     ],
     [
      -122.3934491,
      45.3803165
     ],
     [
      -122.3934204,
      45.380298
     ],
     [
      -122.3933917,
      45.3802795
     ],
     [
      -122.393363,
      45.380261
     ],
     [
      -122.3933343,
      45.3802425
     ],
     [
      -122.3933056,
      45.380224
     ],
     [
      -122.3932768,
      45.3802055
     ],
     [
      -122.3932481,
      45.380187
     ],
     [
      -122.3932194,
      45.3801685
     ],
     [
      -122.3931907,
      45.38015
     ],
     [
      -122.393162,
      45.3801315
     ],
     [
      -122.3931333,
      45.380113
     ],
     [
      -122.3931046,
      45.3800945
     ],
     [
      -122.3930759,
      45.380076
     ],
     [
      -122.3930471,
      45.3800576
     ],
     [
      -122.3930184,
      45.3800391
     ],
     [
      -122.3929897,
      45.3800206
     ],
     [
      -122.392961,
      45.3800021
     ],
     [
      -122.3929323,
      45.3799836
     ],
     [
      -122.3929036,
      45.3799651
     ],
     [
      -122.3928749,
      45.3799466
     ],
     [
      -122.3928461,
      45.3799281
     ],
     [
      -122.3928174,
      45.3799096
     ],
     [
      -122.3927887,
      45.3798911
     ],
     [
      -122.39276,
      45.3798726
     ],
     [
      -122.3927313,
      45.3798541
     ],
     [
      -122.3927026,
      45.3798356
     ],
     [
      -122.3926739,
      45.3798171
     ],
     [
      -122.3926451,
      45.3797986
     ],
     [
      -122.3926164,
      45.3797801
     ],
     [
      -122.3925877,
      45.3797616
     ],
     [
      -122.392559,
      45.3797432
     ],
     [
      -122.3925303,
      45.3797247
     ],
     [
      -122.3925016,
      45.3797062
     ],
     [
      -122.3924729,
      45.3796877
     ],
     [
      -122.3924441,
      45.3796692
     ],
     [
      -122.3924154,
      45.3796507
     ],
     [
      -122.3923867,
      45.3796322
     ],
     [
      -122.392358,
      45.3796137
     ],
     [
      -122.3923293,
      45.3795952
     ],
     [
      -122.3923005,
      45.3795767
     ],
     [
      -122.3922718,
      45.3795582
     ],
     [
      -122.3922431,
      45.3795398
     ],
     [
      -122.3922144,
      45.3795213
     ],
     [
      -122.3921857,
      45.3795028
     ],
     [
      -122.3921569,
      45.3794843
     ],
     [
      -122.3921282,
      45.3794658
     ],
     [
      -122.3920995,
      45.3794473
     ],
     [
      -122.3920708,
      45.3794288
     ],
     [
      -122.3920421,
      45.3794103
     ],
     [
      -122.3920133,
      45.3793918
     ],
     [
      -122.3919846,
      45.3793734
     ],
     [
      -122.3919559,
      45.3793549
     ],
     [
      -122.3919272,
      45.3793364
     ],
     [
      -122.3918985,
      45.3793179
     ],
     [
      -122.3918697,
      45.3792994
     ],
     [
      -122.391841,
      45.3792809
     ],
     [
      -122.3918123,
      45.3792624
     ],
     [
      -122.3917836,
      45.3792439
     ],
     [
      -122.3917549,
      45.3792254
     ],
     [
      -122.3917261,
      45.379207
     ],
     [
      -122.3916974,
      45.3791885
     ],
     [
      -122.3916687,
      45.37917
     ],
     [
      -122.3916399,
      45.3791515
     ],
     [
      -122.3916112,
      45.379133
     ],
     [
      -122.3915825,
      45.3791146
     ],
     [
      -122.3915537,
      45.3790961
     ],
     [
      -122.391525,
      45.3790776
     ],
     [
      -122.3914962,
      45.3790591
     ],
     [
      -122.3914675,
      45.3790407
     ],
     [
      -122.3914388,
      45.3790222
     ],
     [
      -122.39141,
      45.3790037
     ],
     [
      -122.3913813,
      45.3789852
     ],
     [
      -122.3913526,
      45.3789668
     ],
     [
      -122.3913238,
      45.3789483
     ],
     [
      -122.3912951,
      45.3789298
     ],
     [
      -122.3912664,
      45.3789113
     ],
     [
      -122.3912376,
      45.3788929
     ],
     [
      -122.3912089,
      45.3788744
     ],
     [
      -122.3911801,
      45.3788559
     ],
     [
      -122.3911514,
      45.3788374
     ],
     [
      -122.3911227,
      45.3788189
     ],
     [
      -122.3910939,
      45.3788005
     ],
     [
      -122.3910652,
      45.378782
     ],
     [
      -122.3910364,
      45.3787635
     ],
     [
      -122.3910077,
      45.3787451
     ],
     [
      -122.390979,
      45.3787266
     ],
     [
      -122.3909502,
      45.3787081
     ],
     [
      -122.3909214,
      45.3786897
     ],
     [
      -122.3908927,
      45.3786712
     ],
     [
      -122.3908639,
      45.3786527
     ],
     [
      -122.3908352,
      45.3786343
     ],
     [
      -122.3908064,
      45.3786158
     ],
     [
      -122.3907777,
      45.3785974
     ],
     [
      -122.3907489,
      45.3785789
     ],
     [
      -122.3907202,
      45.3785604
     ],
     [
      -122.3906914,
      45.378542
     ],
     [
      -122.3906626,
      45.3785235
     ],
     [
      -122.3906339,
      45.3785051
     ],
     [
      -122.3906051,
      45.3784866
     ],
     [
      -122.3905764,
      45.3784681
     ],
     [
      -122.3905476,
      45.3784497
     ],
     [
      -122.3905189,
      45.3784312
     ],
     [
      -122.3904901,
      45.3784127
     ],
     [
      -122.3904613,
      45.3783943
     ],
     [
      -122.3904326,
      45.3783758
     ],
     [
      -122.3904038,
      45.3783574
     ],
     [
      -122.3903751,
      45.3783389
     ],
     [
      -122.3903463,
      45.3783204
     ],
     [
      -122.3903176,
      45.378302
     ],
     [
      -122.3902888,
      45.3782835
     ],
     [
      -122.39026,
      45.3782651
     ],
     [
      -122.3902313,
      45.3782466
     ],
     [
      -122.3902025,
      45.3782282
     ],
     [
      -122.3901738,
      45.3782097
     ],
     [
      -122.390145,
      45.3781912
     ],
     [
      -122.3901162,
      45.3781728
     ],
     [
      -122.3900875,
      45.3781543
     ],
     [
      -122.3900587,
      45.3781359
     ],
     [
      -122.3900299,
      45.3781174
     ],
     [
      -122.3900012,
      45.378099
     ],
     [
      -122.3899724,
      45.3780805
     ],
     [
      -122.3899437,
      45.3780621
     ],
     [
      -122.3899149,
      45.3780436
     ],
     [
      -122.3898861,
      45.3780251
     ],
     [
      -122.3898574,
      45.3780067
     ],
     [
      -122.3898286,
      45.3779882
     ],
     [
      -122.3897998,
      45.3779698
     ],
     [
      -122.3897711,
      45.3779513
     ],
     [
      -122.3897423,
      45.3779329
     ],
     [
      -122.3897136,
      45.3779144
     ],
     [
      -122.3896848,
      45.377896
     ],
     [
      -122.389656,
      45.3778775
     ],
     [
      -122.3896273,
      45.377859
     ],
     [
      -122.3895985,
      45.3778406
     ],
     [
      -122.3895697,
      45.3778221
     ],
     [
      -122.389541,
      45.3778037
     ],
     [
      -122.3895122,
      45.3777852
     ],
     [
      -122.3894835,
      45.3777668
     ],
     [
      -122.3894547,
      45.3777483
     ],
     [
      -122.3894259,
      45.3777298
     ],
     [
      -122.3893972,
      45.3777114
     ],
     [
      -122.3893684,
      45.3776929
     ],
     [
      -122.3893396,
      45.3776745
     ],
     [
      -122.3893109,
      45.377656
     ],
     [
      -122.3892821,
      45.3776376
     ],
     [
      -122.3892534,
      45.3776191
     ],
     [
      -122.3892246,
      45.3776007
     ],
     [
      -122.3891958,
      45.3775822
     ],
     [
      -122.3891671,
      45.3775637
     ],
     [
      -122.3891383,
      45.3775453
     ],
     [
      -122.3891095,
      45.3775268
     ],
     [
      -122.3890808,
      45.3775084
     ],
     [
      -122.389052,
      45.3774899
     ],
     [
      -122.3890233,
      45.3774715
     ],
     [
      -122.3889945,
      45.377453
     ],
     [
      -122.3889657,
      45.3774346
     ],
     [
      -122.388937,
      45.3774161
     ],
     [
      -122.3889082,
      45.3773976
     ],
     [
      -122.3888794,
      45.3773792
     ],
     [
      -122.3888507,
      45.3773607
     ],
     [
      -122.3888219,
      45.3773423
     ],
     [
      -122.3887932,
      45.3773238
     ],
     [
      -122.3887644,
      45.3773053
     ],
     [
      -122.3887357,
      45.3772869
     ],
     [
      -122.3887069,
      45.3772684
     ],
     [
      -122.3886781,
      45.37725
     ],
     [
      -122.3886494,
      45.3772315
     ],
     [
      -122.3886206,
      45.3772131
     ],
     [
      -122.3885919,
      45.3771946
     ],
     [
      -122.3885631,
      45.3771761
     ],
     [
      -122.3885343,
      45.3771577
     ],
     [
      -122.3885056,
      45.3771392
     ],
     [
      -122.3884768,
      45.3771208
     ],
     [
      -122.3884481,
      45.3771023
     ],
     [
      -122.3884193,
      45.3770838
     ],
     [
      -122.3883906,
      45.3770654
     ],
     [
      -122.3883618,
      45.3770469
     ],
     [
      -122.388333,
      45.3770285
     ],
     [
      -122.3883043,
      45.37701
     ],
     [
      -122.3882755,
      45.3769915
     ],
     [
      -122.3882468,
      45.3769731
     ],
     [
      -122.388218,
      45.3769546
     ],
     [
      -122.3881893,
      45.3769362
     ],
     [
      -122.3881605,
      45.3769177
     ],
     [
      -122.3881318,
      45.3768992
     ],
     [
      -122.388103,
      45.3768808
     ],
     [
      -122.3880743,
      45.3768623
     ],
     [
      -122.3880455,
      45.3768438
     ],
     [
      -122.3880168,
      45.3768254
     ],
     [
      -122.387988,
      45.3768069
     ],
     [
      -122.3879593,
      45.3767884
     ],
     [
      -122.3879305,
      45.37677
     ],
     [
      -122.3879018,
      45.3767515
     ],
     [
      -122.387873,
      45.376733
     ],
     [
      -122.3878443,
      45.3767146
     ],
     [
      -122.3878155,
      45.3766961
     ],
     [
      -122.3877868,
      45.3766776
     ],
     [
      -122.387758,
      45.3766592
     ],
     [
      -122.3877293,
      45.3766407
     ],
     [
      -122.3877005,
      45.3766222
     ],
     [
      -122.3876718,
      45.3766038
     ],
     [
      -122.387643,
      45.3765853
     ],
     [
      -122.3876143,
      45.3765668
     ],
     [
      -122.3875856,
      45.3765484
     ],
     [
      -122.3875568,
      45.3765299
     ],
     [
      -122.3875281,
      45.3765114
     ],
     [
      -122.3874993,
      45.376493
     ],
     [
      -122.3874706,
      45.3764745
     ],
     [
      -122.3874418,
      45.376456
     ],
     [
      -122.3874131,
      45.3764375
     ],
     [
      -122.3873843,
      45.3764191
     ],
     [
      -122.3873556,
      45.3764006
     ],
     [
      -122.3873269,
      45.3763821
     ],
     [
      -122.3872981,
      45.3763636
     ],
     [
      -122.3872694,
      45.3763452
     ],
     [
      -122.3872407,
      45.3763267
     ],
     [
      -122.3872119,
      45.3763082
     ],
     [
      -122.3871832,
      45.3762897
     ],
     [
      -122.3871544,
      45.3762713
     ],
     [
      -122.3871257,
      45.3762528
     ],
     [
      -122.387097,
      45.3762343
     ],
     [
      -122.3870682,
      45.3762158
     ],
     [
      -122.3870395,
      45.3761974
     ],
     [
      -122.3870108,
      45.3761789
     ],
     [
      -122.386982,
      45.3761604
     ],
     [
      -122.3869533,
      45.3761419
     ],
     [
      -122.3869246,
      45.3761235
     ],
     [
      -122.3868958,
      45.376105
     ],
     [
      -122.3868671,
      45.3760865
     ],
     [
      -122.3868383,
      45.376068
     ],
     [
      -122.3868096,
      45.3760496
     ],
     [
      -122.3867809,
      45.3760311
     ],
     [
      -122.3867521,
      45.3760126
     ],
     [
      -122.3867234,
      45.3759941
     ],
     [
      -122.3866947,
      45.3759757
     ],
     [
      -122.3866659,
      45.3759572
     ],
     [
      -122.3866372,
      45.3759387
     ],
     [
      -122.3866085,
      45.3759202
     ],
     [
      -122.3865797,
      45.3759018
     ],
     [
      -122.386551,
      45.3758833
     ],
     [
      -122.3865223,
      45.3758648
     ],
     [
      -122.3864935,
      45.3758463
     ],
     [
      -122.3864648,
      45.3758279
     ],
     [
      -122.386436,
      45.3758094
     ],
     [
      -122.3864073,
      45.3757909
     ],
     [
      -122.3863786,
      45.3757724
     ],
     [
      -122.3863498,
      45.375754
     ],
     [
      -122.3863211,
      45.3757355
     ],
     [
      -122.3862924,
      45.375717
     ],
     [
      -122.3862636,
      45.3756985
     ],
     [
      -122.3862349,
      45.3756801
     ],
     [
      -122.3862062,
      45.3756616
     ],
     [
      -122.3861774,
      45.3756431
     ],
     [
      -122.3861487,
      45.3756246
     ],
     [
      -122.3861199,
      45.3756061
     ],
     [
      -122.3860912,
      45.3755877
     ],
     [
      -122.3860625,
      45.3755692
     ],
     [
      -122.3860337,
      45.3755507
     ],
     [
      -122.386005,
      45.3755322
     ],
     [
      -122.3859763,
      45.3755138
     ],
     [
      -122.3859475,
      45.3754953
     ],
     [
      -122.3859188,
      45.3754768
     ],
     [
      -122.3858901,
      45.3754583
     ],
     [
      -122.3858613,
      45.3754399
     ],
     [
      -122.3858326,
      45.3754214
     ],
     [
      -122.3858039,
      45.3754029
     ],
     [
      -122.3857751,
      45.3753844
     ],
     [
      -122.3857464,
      45.375366
     ],
     [
      -122.3857176,
      45.3753475
     ],
     [
      -122.3856889,
      45.375329
     ],
     [
      -122.3856602,
      45.3753105
     ],
     [
      -122.3856314,
      45.3752921
     ],
     [
      -122.3856027,
      45.3752736
     ],
     [
      -122.385574,
      45.3752551
     ],
     [
      -122.3855452,
      45.3752366
     ],
     [
      -122.3855165,
      45.3752182
     ],
     [
      -122.3854878,
      45.3751997
     ],
     [
      -122.385459,
      45.3751812
     ],
     [
      -122.3854303,
      45.3751627
     ],
     [
      -122.3854016,
      45.3751443
     ],
     [
      -122.3853728,
      45.3751258
     ],
     [
      -122.3853441,
      45.3751073
     ],
     [
      -122.3853154,
      45.3750888
     ],
     [
      -122.3852866,
      45.3750704
     ],
     [
      -122.3852579,
      45.3750519
     ],
     [
      -122.3852291,
      45.3750334
     ],
     [
      -122.3852004,
      45.3750149
     ],
     [
      -122.3851717,
      45.3749964
     ],
     [
      -122.3851429,
      45.374978
     ],
     [
      -122.3851142,
      45.3749595
     ],
     [
      -122.3850855,
      45.374941
     ],
     [
      -122.3850567,
      45.3749225
     ],
     [
      -122.385028,
      45.3749041
     ],
     [
      -122.3849993,
      45.3748856
     ],
     [
      -122.3849705,
      45.3748671
     ],
     [
      -122.3849418,
      45.3748486
     ],
     [
      -122.3849131,
      45.3748302
     ],
     [
      -122.3848843,
      45.3748117
     ],
     [
      -122.3848556,
      45.3747932
     ],
     [
      -122.3848269,
      45.3747747
     ],
     [
      -122.3847981,
      45.3747563
     ],
     [
      -122.3847694,
      45.3747378
     ],
     [
      -122.3847406,
      45.3747193
     ],
     [
      -122.3847119,
      45.3747008
     ],
     [
      -122.3846832,
      45.3746824
     ],
     [
      -122.3846544,
      45.3746639
     ],
     [
      -122.3846257,
      45.3746454
     ],
     [
      -122.384597,
      45.3746269
     ],
     [
      -122.3845682,
      45.3746085
     ],
     [
      -122.3845395,
      45.37459
     ],
     [
      -122.3845108,
      45.3745715
     ],
     [
      -122.384482,
      45.374553
     ],
     [
      -122.3844533,
      45.3745345
     ],
     [
      -122.3844246,
      45.3745161
     ],
     [
      -122.3843958,
      45.3744976
     ],
     [
      -122.3843671,
      45.3744791
     ],
     [
      -122.3843384,
      45.3744606
     ],
     [
      -122.3843096,
      45.3744422
     ],
     [
      -122.3842809,
      45.3744237
     ],
     [
      -122.3842522,
      45.3744052
     ],
     [
      -122.3842234,
      45.3743867
     ],
     [
      -122.3841947,
      45.3743683
     ],
     [
      -122.384166,
      45.3743498
     ],
     [
      -122.3841372,
      45.3743313
     ],
     [
      -122.3841085,
      45.3743128
     ],
     [
      -122.3840797,
      45.3742944
     ],
     [
      -122.384051,
      45.3742759
     ],
     [
      -122.3840223,
      45.3742574
     ],
     [
      -122.3839935,
      45.3742389
     ],
     [
      -122.3839648,
      45.3742205
     ],
     [
      -122.3839361,
      45.374202
     ],
     [
      -122.3839073,
      45.3741835
     ],
     [
      -122.3838786,
      45.374165
     ],
     [
      -122.3838499,
      45.3741465
     ],
     [
      -122.3838211,
      45.3741281
     ],
     [
      -122.3837924,
      45.3741096
     ],
     [
      -122.3837637,
      45.3740911
     ],
     [
      -122.3837349,
      45.3740726
     ],
     [
      -122.3837062,
      45.3740542
     ],
     [
      -122.3836775,
      45.3740357
     ],
     [
      -122.3836487,
      45.3740172
     ],
     [
      -122.38362,
      45.3739987
     ],
     [
      -122.3835913,
      45.3739803
     ],
     [
      -122.3835625,
      45.3739618
     ],
     [
      -122.3835338,
      45.3739433
     ],
     [
      -122.3835051,
      45.3739248
     ],
     [
      -122.3834763,
      45.3739064
     ],
     [
      -122.3834476,
      45.3738879
     ],
     [
      -122.3834189,
      45.3738694
     ],
     [
      -122.3833901,
      45.3738509
     ],
     [
      -122.3833614,
      45.3738325
     ],
     [
      -122.3833327,
      45.373814
     ],
     [
      -122.3833039,
      45.3737955
     ],
     [
      -122.3832752,
      45.373777
     ],
     [
      -122.3832465,
      45.3737585
     ],
     [
      -122.3832177,
      45.3737401
     ],
     [
      -122.383189,
      45.3737216
     ],
     [
      -122.3831603,
      45.3737031
     ],
     [
      -122.3831315,
      45.3736846
     ],
     [
      -122.3831028,
      45.3736662
     ],
     [
      -122.3830741,
      45.3736477
     ],
     [
      -122.3830453,
      45.3736292
     ],
     [
      -122.3830166,
      45.3736107
     ],
     [
      -122.3829879,
      45.3735923
     ],
     [
      -122.3829591,
      45.3735738
     ],
     [
      -122.3829304,
      45.3735553
     ],
     [
      -122.3829016,
      45.3735368
     ],
     [
      -122.3828729,
      45.3735184
     ],
     [
      -122.3828442,
      45.3734999
     ],
     [
      -122.3828154,
      45.3734814
     ],
     [
      -122.3827867,
      45.3734629
     ],
     [
      -122.382758,
      45.3734444
     ],
     [
      -122.3827292,
      45.373426
     ],
     [
      -122.3827005,
      45.3734075
     ],
     [
      -122.3826718,
      45.373389
     ],
     [
      -122.382643,
      45.3733705
     ],
     [
      -122.3826143,
      45.3733521
     ],
     [
      -122.3825856,
      45.3733336
     ],
     [
      -122.3825568,
      45.3733151
     ],
     [
      -122.3825281,
      45.3732966
     ],
     [
      -122.3824994,
      45.3732782
     ],
     [
      -122.3824706,
      45.3732597
     ],
     [
      -122.3824419,
      45.3732412
     ],
     [
      -122.3824132,
      45.3732227
     ],
     [
      -122.3823844,
      45.3732042
     ],
     [
      -122.3823557,
      45.3731858
     ],
     [
      -122.382327,
      45.3731673
     ],
     [
      -122.3822982,
      45.3731488
     ],
     [
      -122.3822695,
      45.3731303
     ],
     [
      -122.3822408,
      45.3731119
     ],
     [
      -122.382212,
      45.3730934
     ],
     [
      -122.3821833,
      45.3730749
     ],
     [
      -122.3821546,
      45.3730564
     ],
     [
      -122.3821258,
      45.373038
     ],
     [
      -122.3820971,
      45.3730195
     ],
     [
      -122.3820684,
      45.373001
     ],
     [
      -122.3820396,
      45.3729825
     ],
     [
      -122.3820109,
      45.3729641
     ],
     [
      -122.3819822,
      45.3729456
     ],
     [
      -122.3819534,
      45.3729271
     ],
     [
      -122.3819247,
      45.3729086
     ],
     [
      -122.381896,
      45.3728901
     ],
     [
      -122.3818672,
      45.3728717
     ],
     [
      -122.3818385,
      45.3728532
     ],
     [
      -122.3818098,
      45.3728347
     ],
     [
      -122.381781,
      45.3728162
     ],
     [
      -122.3817523,
      45.3727978
     ],
     [
      -122.3817236,
      45.3727793
     ],
     [
      -122.3816948,
      45.3727608
     ],
     [
      -122.3816661,
      45.3727423
     ],
     [
      -122.3816374,
      45.3727239
     ],
     [
      -122.3816086,
      45.3727054
     ],
     [
      -122.3815799,
      45.3726869
     ],
     [
      -122.3815512,
      45.3726684
     ],
     [
      -122.3815224,
      45.37265
     ],
     [
      -122.3814937,
      45.3726315
     ],
     [
      -122.381465,
      45.372613
     ],
     [
      -122.3814362,
      45.3725945
     ],
     [
      -122.3814075,
      45.3725761
     ],
     [
      -122.3813788,
      45.3725576
     ],
     [
      -122.38135,
      45.3725391
     ],
     [
      -122.3813213,
      45.3725206
     ],
     [
      -122.3812925,
      45.3725022
     ],
     [
      -122.3812638,
      45.3724837
     ],
     [
      -122.3812351,
      45.3724652
     ],
     [
      -122.3812063,
      45.3724467
     ],
     [
      -122.3811776,
      45.3724283
     ],
     [
      -122.3811489,
      45.3724098
     ],
     [
      -122.3811201,
      45.3723913
     ],
     [
      -122.3810914,
      45.3723728
     ],
     [
      -122.3810627,
      45.3723544
     ],
     [
      -122.3810339,
      45.3723359
     ],
     [
      -122.3810052,
      45.3723174
     ],
     [
      -122.3809764,
      45.372299
     ],
     [
      -122.3809477,
      45.3722805
     ],
     [
      -122.380919,
      45.372262
     ],
     [
      -122.3808902,
      45.3722435
     ],
     [
      -122.3808615,
      45.3722251
     ],
     [
      -122.3808327,
      45.3722066
     ],
     [
      -122.380804,
      45.3721881
     ],
     [
      -122.3807752,
      45.3721697
     ],
     [
      -122.3807465,
      45.3721512
     ],
     [
      -122.3807178,
      45.3721327
     ],
     [
      -122.380689,
      45.3721143
     ],
     [
      -122.3806603,
      45.3720958
     ],
     [
      -122.3806315,
      45.3720773
     ],
     [
      -122.3806028,
      45.3720589
     ],
     [
      -122.3805741,
      45.3720404
     ],
     [
      -122.3805453,
      45.3720219
     ],
     [
      -122.3805166,
      45.3720034
     ],
     [
      -122.3804878,
      45.371985
     ],
     [
      -122.3804591,
      45.3719665
     ],
     [
      -122.3804303,
      45.371948
     ],
     [
      -122.3804016,
      45.3719296
     ],
     [
      -122.3803729,
      45.3719111
     ],
     [
      -122.3803441,
      45.3718926
     ],
     [
      -122.3803154,
      45.3718742
     ],
     [
      -122.3802866,
      45.3718557
     ],
     [
      -122.3802579,
      45.3718372
     ],
     [
      -122.3802291,
      45.3718188
     ],
     [
      -122.3802004,
      45.3718003
     ],
     [
      -122.3801716,
      45.3717818
     ],
     [
      -122.3801429,
      45.3717634
     ],
     [
      -122.3801141,
      45.3717449
     ],
     [
      -122.3800854,
      45.3717265
     ],
     [
      -122.3800566,
      45.371708
     ],
     [
      -122.3800279,
      45.3716895
     ],
     [
      -122.3799991,
      45.3716711
     ],
     [
      -122.3799704,
      45.3716526
     ],
     [
      -122.3799416,
      45.3716342
     ],
     [
      -122.3799128,
      45.3716157
     ],
     [
      -122.3798841,
      45.3715972
     ],
     [
      -122.3798553,
      45.3715788
     ],
     [
      -122.3798266,
      45.3715603
     ],
     [
      -122.3797978,
      45.3715418
     ],
     [
      -122.3797691,
      45.3715234
     ],
     [
      -122.3797403,
      45.3715049
     ],
     [
      -122.3797116,
      45.3714865
     ],
     [
      -122.3796828,
      45.371468
     ],
     [
      -122.3796541,
      45.3714495
     ],
     [
      -122.3796253,
      45.3714311
     ],
     [
      -122.3795965,
      45.3714126
     ],
     [
      -122.3795678,
      45.3713942
     ],
     [
      -122.379539,
      45.3713758
     ],
     [
      -122.3795102,
      45.3713573
     ],
     [
      -122.3794814,
      45.3713389
     ],
     [
      -122.3794526,
      45.3713205
     ],
     [
      -122.3794238,
      45.3713021
     ],
     [
      -122.3793949,
      45.3712837
     ],
     [
      -122.3793661,
      45.3712653
     ],
     [
      -122.3793373,
      45.3712469
     ],
     [
      -122.3793084,
      45.3712285
     ],
     [
      -122.3792796,
      45.3712101
     ],
     [
      -122.3792508,
      45.3711917
     ],
     [
      -122.3792219,
      45.3711733
     ],
     [
      -122.3791931,
      45.3711549
     ],
     [
      -122.3791643,
      45.3711365
     ],
     [
      -122.3791354,
      45.3711181
     ],
     [
      -122.3791066,
      45.3710997
     ],
     [
      -122.3790778,
      45.3710813
     ],
     [
      -122.3790489,
      45.3710629
     ],
     [
      -122.3790201,
      45.3710445
     ],
     [
      -122.3789913,
      45.3710261
     ],
     [
      -122.3789624,
      45.3710077
     ],
     [
      -122.3789336,
      45.3709893
     ],
     [
      -122.3789048,
      45.3709709
     ],
     [
      -122.3788759,
      45.3709525
     ],
     [
      -122.3788471,
      45.3709341
     ],
     [
      -122.3788182,
      45.3709157
     ],
     [
      -122.3787894,
      45.3708973
     ],
     [
      -122.3787606,
      45.3708789
     ],
     [
      -122.3787317,
      45.3708605
     ],
     [
      -122.3787029,
      45.3708421
     ],
     [
      -122.3786741,
      45.3708237
     ],
     [
      -122.3786452,
      45.3708053
     ],
     [
      -122.3786164,
      45.370787
     ],
     [
      -122.3785875,
      45.3707686
     ],
     [
      -122.3785587,
      45.3707502
     ],
     [
      -122.3785299,
      45.3707318
     ],
     [
      -122.378501,
      45.3707134
     ],
     [
      -122.3784722,
      45.370695
     ],
     [
      -122.3784433,
      45.3706766
     ],
     [
      -122.3784145,
      45.3706582
     ],
     [
      -122.3783857,
      45.3706398
     ],
     [
      -122.3783568,
      45.3706214
     ],
     [
      -122.378328,
      45.370603
     ],
     [
      -122.3782991,
      45.3705846
     ],
     [
      -122.3782703,
      45.3705662
     ],
     [
      -122.3782415,
      45.3705478
     ],
     [
      -122.3782126,
      45.3705294
     ],
     [
      -122.3781838,
      45.370511
     ],
     [
      -122.378155,
      45.3704927
     ],
     [
      -122.3781261,
      45.3704743
     ],
     [
      -122.3780973,
      45.3704559
     ],
     [
      -122.3780684,
      45.3704375
     ],
     [
      -122.3780396,
      45.3704191
     ],
     [
      -122.3780108,
      45.3704007
     ],
     [
      -122.3779819,
      45.3703823
     ],
     [
      -122.3779531,
      45.3703639
     ],
     [
      -122.3779243,
      45.3703455
     ],
     [
      -122.3778954,
      45.3703271
     ],
     [
      -122.3778666,
      45.3703087
     ],
     [
      -122.3778377,
      45.3702903
     ],
     [
      -122.3778089,
      45.3702719
     ],
     [
      -122.3777801,
      45.3702535
     ],
     [
      -122.3777512,
      45.3702351
     ],
     [
      -122.3777224,
      45.3702167
     ],
     [
      -122.3776936,
      45.3701983
     ],
     [
      -122.3776647,
      45.3701799
     ],
     [
      -122.3776359,
      45.3701615
     ],
     [
      -122.3776071,
      45.3701431
     ],
     [
      -122.3775782,
      45.3701247
     ],
     [
      -122.3775494,
      45.3701063
     ],
     [
      -122.3775205,
      45.3700879
     ],
     [
      -122.3774917,
      45.3700696
     ],
     [
      -122.3774629,
      45.3700512
     ],
     [
      -122.377434,
      45.3700328
     ],
     [
      -122.3774052,
      45.3700144
     ],
     [
      -122.3773764,
      45.369996
     ],
     [
      -122.3773475,
      45.3699776
     ],
     [
      -122.3773187,
      45.3699592
     ],
     [
      -122.3772899,
      45.3699408
     ],
     [
      -122.377261,
      45.3699224
     ],
     [
      -122.3772322,
      45.369904
     ],
     [
      -122.3772034,
      45.3698856
     ],
     [
      -122.3771745,
      45.3698672
     ],
     [
      -122.3771457,
      45.3698488
     ],
     [
      -122.3771169,
      45.3698304
     ],
     [
      -122.377088,
      45.369812
     ],
     [
      -122.3770592,
      45.3697936
     ],
     [
      -122.3770304,
      45.3697752
     ],
     [
      -122.3770015,
      45.3697568
     ],
     [
      -122.3769727,
      45.3697384
     ],
     [
      -122.3769439,
      45.36972
     ],
     [
      -122.376915,
      45.3697016
     ],
     [
      -122.3768862,
      45.3696832
     ],
     [
      -122.3768574,
      45.3696648
     ],
     [
      -122.3768285,
      45.3696464
     ],
     [
      -122.3767997,
      45.369628
     ],
     [
      -122.3767709,
      45.3696096
     ],
     [
      -122.376742,
      45.3695912
     ],
     [
      -122.3767132,
      45.3695728
     ],
     [
      -122.3766844,
      45.3695544
     ],
     [
      -122.3766555,
      45.369536
     ],
     [
      -122.3766267,
      45.3695176
     ],
     [
      -122.3765979,
      45.3694992
     ],
     [
      -122.3765691,
      45.3694808
     ],
     [
      -122.3765402,
      45.3694624
     ],
     [
      -122.3765114,
      45.369444
     ],
     [
      -122.3764826,
      45.3694256
     ],
     [
      -122.3764537,
      45.3694072
     ],
     [
      -122.3764249,
      45.3693888
     ],
     [
      -122.3763961,
      45.3693704
     ],
     [
      -122.3763673,
      45.369352
     ],
     [
      -122.3763384,
      45.3693336
     ],
     [
      -122.3763096,
      45.3693152
     ],
     [
      -122.3762808,
      45.3692968
     ],
     [
      -122.3762519,
      45.3692784
     ],
     [
      -122.3762231,
      45.36926
     ],
     [
      -122.3761943,
      45.3692416
     ],
     [
      -122.3761655,
      45.3692232
     ],
     [
      -122.3761366,
      45.3692048
     ],
     [
      -122.3761078,
      45.3691864
     ],
     [
      -122.376079,
      45.369168
     ],
     [
      -122.3760501,
      45.3691496
     ],
     [
      -122.3760213,
      45.3691312
     ],
     [
      -122.3759925,
      45.3691128
     ],
     [
      -122.3759637,
      45.3690943
     ],
     [
      -122.3759349,
      45.3690759
     ],
     [
      -122.3759061,
      45.3690575
     ],
     [
      -122.3758773,
      45.369039
     ],
     [
      -122.3758486,
      45.3690206
     ],
     [
      -122.3758198,
      45.3690021
     ],
     [
      -122.375791,
      45.3689837
     ],
     [
      -122.3757623,
      45.3689652
     ],
     [
      -122.3757335,
      45.3689468
     ],
     [
      -122.3757048,
      45.3689283
     ],
     [
      -122.375676,
      45.3689098
     ],
     [
      -122.3756473,
      45.3688914
     ],
     [
      -122.3756185,
      45.3688729
     ],
     [
      -122.3755898,
      45.3688544
     ],
     [
      -122.375561,
      45.368836
     ],
     [
      -122.3755323,
      45.3688175
     ],
     [
      -122.3755035,
      45.3687991
     ],
     [
      -122.3754748,
      45.3687806
     ],
     [
      -122.375446,
      45.3687621
     ],
     [
      -122.3754173,
      45.3687437
     ],
     [
      -122.3753885,
      45.3687252
     ],
     [
      -122.3753598,
      45.3687068
     ],
     [
      -122.375331,
      45.3686883
     ],
     [
      -122.3753023,
      45.3686698
     ],
     [
      -122.3752735,
      45.3686514
     ],
     [
      -122.3752448,
      45.3686329
     ],
     [
      -122.375216,
      45.3686144
     ],
     [
      -122.3751873,
      45.368596
     ],
     [
      -122.3751585,
      45.3685775
     ],
     [
      -122.3751298,
      45.3685591
     ],
     [
      -122.375101,
      45.3685406
     ],
     [
      -122.3750723,
      45.3685221
     ],
     [
      -122.3750436,
      45.3685037
     ],
     [
      -122.3750148,
      45.3684852
     ],
     [
      -122.3749861,
      45.3684667
     ],
     [
      -122.3749573,
      45.3684483
     ],
     [
      -122.3749286,
      45.3684298
     ],
     [
      -122.3748998,
      45.3684113
     ],
     [
      -122.3748711,
      45.3683929
     ],
     [
      -122.3748423,
      45.3683744
     ],
     [
      -122.3748136,
      45.3683559
     ],
     [
      -122.3747848,
      45.3683375
     ],
     [
      -122.3747561,
      45.368319
     ],
     [
      -122.3747273,
      45.3683006
     ],
     [
      -122.3746986,
      45.3682821
     ],
     [
      -122.3746698,
      45.3682636
     ],
     [
      -122.3746411,
      45.3682452
     ],
     [
      -122.3746123,
      45.3682267
     ],
     [
      -122.3745836,
      45.3682082
     ],
     [
      -122.3745548,
      45.3681898
     ],
     [
      -122.3745261,
      45.3681713
     ],
     [
      -122.3744974,
      45.3681528
     ],
     [
      -122.3744686,
      45.3681344
     ],
     [
      -122.3744399,
      45.3681159
     ],
     [
      -122.3744111,
      45.3680974
     ],
     [
      -122.3743824,
      45.368079
     ],
     [
      -122.3743536,
      45.3680605
     ],
     [
      -122.3743249,
      45.3680421
     ],
     [
      -122.3742961,
      45.3680236
     ],
     [
      -122.3742674,
      45.3680051
     ],
     [
      -122.3742386,
      45.3679867
     ],
     [
      -122.3742099,
      45.3679682
     ],
     [
      -122.3741812,
      45.3679497
     ],
     [
      -122.3741524,
      45.3679313
     ],
     [
      -122.3741237,
      45.3679128
     ],
     [
      -122.3740949,
      45.3678943
     ],
     [
      -122.3740662,
      45.3678759
     ],
     [
      -122.3740374,
      45.3678574
     ],
     [
      -122.3740087,
      45.3678389
     ],
     [
      -122.3739799,
      45.3678205
     ],
     [
      -122.3739512,
      45.367802
     ],
     [
      -122.3739224,
      45.3677835
     ],
     [
      -122.3738937,
      45.3677651
     ],
     [
      -122.373865,
      45.3677466
     ],
     [
      -122.3738362,
      45.3677281
     ],
     [
      -122.3738075,
      45.3677097
     ],
     [
      -122.3737787,
      45.3676912
     ],
     [
      -122.37375,
      45.3676727
     ],
     [
      -122.3737212,
      45.3676543
     ],
     [
      -122.3736925,
      45.3676358
     ],
     [
      -122.3736637,
      45.3676173
     ],
     [
      -122.373635,
      45.3675989
     ],
     [
      -122.3736062,
      45.3675804
     ],
     [
      -122.3735775,
      45.367562
     ],
     [
      -122.3735488,
      45.3675435
     ],
     [
      -122.37352,
      45.367525
     ],
     [
      -122.3734913,
      45.3675066
     ],
     [
      -122.3734625,
      45.3674881
     ],
     [
      -122.3734338,
      45.3674696
     ],
     [
      -122.373405,
      45.3674512
     ],
     [
      -122.3733763,
      45.3674327
     ],
     [
      -122.3733475,
      45.3674142
     ],
     [
      -122.3733188,
      45.3673958
     ],
     [
      -122.3732901,
      45.3673773
     ],
     [
      -122.3732613,
      45.3673588
     ],
     [
      -122.3732326,
      45.3673404
     ],
     [
      -122.3732038,
      45.3673219
     ],
     [
      -122.3731751,
      45.3673034
     ],
     [
      -122.3731463,
      45.367285
     ],
     [
      -122.3731176,
      45.3672665
     ],
     [
      -122.3730888,
      45.367248
     ],
     [
      -122.3730601,
      45.3672296
     ],
     [
      -122.3730313,
      45.3672111
     ],
     [
      -122.3730026,
      45.3671926
     ],
     [
      -122.3729739,
      45.3671742
     ],
     [
      -122.3729451,
      45.3671557
     ],
     [
      -122.3729164,
      45.3671372
     ],
     [
      -122.3728876,
      45.3671188
     ],
     [
      -122.3728589,
      45.3671003
     ],
     [
      -122.3728301,
      45.3670818
     ],
     [
      -122.3728014,
      45.3670634
     ],
     [
      -122.3727726,
      45.3670449
     ],
     [
      -122.3727439,
      45.3670264
     ],
     [
      -122.3727152,
      45.367008
     ],
     [
      -122.3726864,
      45.3669895
     ],
     [
      -122.3726577,
      45.3669711
     ],
     [
      -122.3726289,
      45.3669526
     ],
     [
      -122.3726002,
      45.3669341
     ],
     [
      -122.3725714,
      45.3669157
     ],
     [
      -122.3725427,
      45.3668972
     ],
     [
      -122.3725139,
      45.3668787
     ],
     [
      -122.3724852,
      45.3668603
     ],
     [
      -122.3724565,
      45.3668418
     ],
     [
      -122.3724277,
      45.3668233
     ],
     [
      -122.372399,
      45.3668049
     ],
     [
      -122.3723702,
      45.3667864
     ],
     [
      -122.3723415,
      45.3667679
     ],
     [
      -122.3723127,
      45.3667495
     ],
     [
      -122.372284,
      45.366731
     ],
     [
      -122.3722553,
      45.3667125
     ],
     [
      -122.3722265,
      45.3666941
     ],
     [
      -122.3721978,
      45.3666756
     ],
     [
      -122.372169,
      45.3666571
     ],
     [
      -122.3721403,
      45.3666387
     ],
     [
      -122.3721115,
      45.3666202
     ],
     [
      -122.3720828,
      45.3666017
     ],
     [
      -122.372054,
      45.3665833
     ],
     [
      -122.3720253,
      45.3665648
     ],
     [
      -122.3719966,
      45.3665463
     ],
     [
      -122.3719678,
      45.3665279
     ],
     [
      -122.3719391,
      45.3665094
     ],
     [
      -122.3719103,
      45.3664909
     ],
     [
      -122.3718816,
      45.3664725
     ],
     [
      -122.3718528,
      45.366454
     ],
     [
      -122.3718241,
      45.3664355
     ],
     [
      -122.3717953,
      45.3664171
     ],
     [
      -122.3717666,
      45.3663986
     ],
     [
      -122.3717379,
      45.3663801
     ],
     [
      -122.3717091,
      45.3663617
     ],
     [
      -122.3716804,
      45.3663432
     ],
     [
      -122.3716516,
      45.3663247
     ],
     [
      -122.3716229,
      45.3663063
     ],
     [
      -122.3715941,
      45.3662878
     ],
     [
      -122.3715654,
      45.3662693
     ],
     [
      -122.3715367,
      45.3662509
     ],
     [
      -122.3715079,
      45.3662324
     ],
     [
      -122.3714792,
      45.3662139
     ],
     [
      -122.3714504,
      45.3661955
     ],
     [
      -122.3714217,
      45.366177
     ],
     [
      -122.3713929,
      45.3661586
     ],
     [
      -122.3713642,
      45.3661401
     ],
     [
      -122.3713355,
      45.3661216
     ],
     [
      -122.3713067,
      45.3661032
     ],
     [
      -122.371278,
      45.3660847
     ],
     [
      -122.3712492,
      45.3660662
     ],
     [
      -122.3712205,
      45.3660478
     ],
     [
      -122.3711917,
      45.3660293
     ],
     [
      -122.371163,
      45.3660108
     ],
     [
      -122.3711342,
      45.3659924
     ],
     [
      -122.3711055,
      45.3659739
     ],
     [
      -122.3710768,
      45.3659554
     ],
     [
      -122.371048,
      45.365937
     ],
     [
      -122.3710193,
      45.3659185
     ],
     [
      -122.3709905,
      45.3659
     ],
     [
      -122.3709618,
      45.3658816
     ],
     [
      -122.370933,
      45.3658631
     ],
     [
      -122.3709043,
      45.3658446
     ],
     [
      -122.3708756,
      45.3658262
     ],
     [
      -122.3708468,
      45.3658077
     ],
     [
      -122.3708181,
      45.3657892
     ],
     [
      -122.3707893,
      45.3657708
     ],
     [
      -122.3707606,
      45.3657523
     ],
     [
      -122.3707318,
      45.3657338
     ],
     [
      -122.3707031,
      45.3657154
     ],
     [
      -122.3706744,
      45.3656969
     ],
     [
      -122.3706456,
      45.3656784
     ],
     [
      -122.3706169,
      45.36566
     ],
     [
      -122.3705881,
      45.3656415
     ],
     [
      -122.3705594,
      45.365623
     ],
     [
      -122.3705306,
      45.3656046
     ],
     [
      -122.3705019,
      45.3655861
     ],
     [
      -122.3704732,
      45.3655676
     ],
     [
      -122.3704444,
      45.3655492
     ],
     [
      -122.3704157,
      45.3655307
     ],
     [
      -122.3703869,
      45.3655122
     ],
     [
      -122.3703582,
      45.3654938
     ],
     [
      -122.3703294,
      45.3654753
     ],
     [
      -122.3703007,
      45.3654568
     ],
     [
      -122.370272,
      45.3654384
     ],
     [
      -122.3702432,
      45.3654199
     ],
     [
      -122.3702145,
      45.3654014
     ],
     [
      -122.3701857,
      45.365383
     ],
     [
      -122.370157,
      45.3653645
     ],
     [
      -122.3701282,
      45.365346
     ],
     [
      -122.3700995,
      45.3653276
     ],
     [
      -122.3700708,
      45.3653091
     ],
     [
      -122.370042,
      45.3652906
     ],
     [
      -122.3700133,
      45.3652722
     ],
     [
      -122.3699845,
      45.3652537
     ],
     [
      -122.3699558,
      45.3652352
     ],
     [
      -122.369927,
      45.3652168
     ],
     [
      -122.3698983,
      45.3651983
     ],
     [
      -122.3698696,
      45.3651798
     ],
     [
      -122.3698408,
      45.3651614
     ],
     [
      -122.3698121,
      45.3651429
     ],
     [
      -122.3697833,
      45.3651244
     ],
     [
      -122.3697546,
      45.365106
     ],
     [
      -122.3697258,
      45.3650875
     ],
     [
      -122.3696971,
      45.365069
     ],
     [
      -122.3696684,
      45.3650506
     ],
     [
      -122.3696396,
      45.3650321
     ],
     [
      -122.3696109,
      45.3650136
     ],
     [
      -122.3695821,
      45.3649952
     ],
     [
      -122.3695534,
      45.3649767
     ],
     [
      -122.3695247,
      45.3649582
     ],
     [
      -122.3694959,
      45.3649398
     ],
     [
      -122.3694672,
      45.3649213
     ],
     [
      -122.3694384,
      45.3649028
     ],
     [
      -122.3694097,
      45.3648844
     ],
     [
      -122.3693809,
      45.3648659
     ],
     [
      -122.3693522,
      45.3648474
     ],
     [
      -122.3693235,
      45.364829
     ],
     [
      -122.3692947,
      45.3648105
     ],
     [
      -122.369266,
      45.364792
     ],
     [
      -122.3692372,
      45.3647736
     ],
     [
      -122.3692085,
      45.3647551
     ],
     [
      -122.3691797,
      45.3647366
     ],
     [
      -122.369151,
      45.3647182
     ],
     [
      -122.3691223,
      45.3646997
     ],
     [
      -122.3690935,
      45.3646812
     ],
     [
      -122.3690648,
      45.3646628
     ],
     [
      -122.369036,
      45.3646443
     ],
     [
      -122.3690073,
      45.3646258
     ],
     [
      -122.3689786,
      45.3646074
     ],
     [
      -122.3689498,
      45.3645889
     ],
     [
      -122.3689211,
      45.3645704
     ],
     [
      -122.3688923,
      45.364552
     ],
     [
      -122.3688636,
      45.3645335
     ],
     [
      -122.3688348,
      45.364515
     ],
     [
      -122.3688061,
      45.3644966
     ],
     [
      -122.3687774,
      45.3644781
     ],
     [
      -122.3687486,
      45.3644596
     ],
     [
      -122.3687199,
      45.3644412
     ],
     [
      -122.3686911,
      45.3644227
     ],
     [
      -122.3686624,
      45.3644042
     ],
     [
      -122.3686337,
      45.3643858
     ],
     [
      -122.3686049,
      45.3643673
     ],
     [
      -122.3685762,
      45.3643488
     ],
     [
      -122.3685474,
      45.3643304
     ],
     [
      -122.3685187,
      45.3643119
     ],
     [
      -122.3684899,
      45.3642934
     ],
     [
      -122.3684612,
      45.364275
     ],
     [
      -122.3684325,
      45.3642565
     ],
     [
      -122.3684037,
      45.364238
     ],
     [
      -122.368375,
      45.3642196
     ],
     [
      -122.3683462,
      45.3642011
     ],
     [
      -122.3683175,
      45.3641826
     ],
     [
      -122.3682888,
      45.3641642
     ],
     [
      -122.36826,
      45.3641457
     ],
     [
      -122.3682313,
      45.3641272
     ],
     [
      -122.3682025,
      45.3641088
     ],
     [
      -122.3681738,
      45.3640903
     ],
     [
      -122.3681451,
      45.3640718
     ],
     [
      -122.3681163,
      45.3640534
     ],
     [
      -122.3680876,
      45.3640349
     ],
     [
      -122.3680588,
      45.3640164
     ],
     [
      -122.3680301,
      45.363998
     ],
     [
      -122.3680013,
      45.3639795
     ],
     [
      -122.3679726,
      45.363961
     ],
     [
      -122.3679439,
      45.3639426
     ],
     [
      -122.3679151,
      45.3639241
     ],
     [
      -122.3678864,
      45.3639056
     ],
     [
      -122.3678576,
      45.3638872
     ],
     [
      -122.3678289,
      45.3638687
     ],
     [
      -122.3678002,
      45.3638502
     ],
     [
      -122.3677714,
      45.3638318
     ],
     [
      -122.3677427,
      45.3638133
     ],
     [
      -122.3677139,
      45.3637948
     ],
     [
      -122.3676852,
      45.3637764
     ],
     [
      -122.3676565,
      45.3637579
     ],
     [
      -122.3676277,
      45.3637394
     ],
     [
      -122.367599,
      45.363721
     ],
     [
      -122.3675702,
      45.3637025
     ],
     [
      -122.3675415,
      45.363684
     ],
     [
      -122.3675127,
      45.3636656
     ],
     [
      -122.367484,
      45.3636471
     ],
     [
      -122.3674553,
      45.3636286
     ],
     [
      -122.3674265,
      45.3636101
     ],
     [
      -122.3673978,
      45.3635917
     ],
     [
      -122.367369,
      45.3635732
     ],
     [
      -122.3673403,
      45.3635548
     ],
     [
      -122.3673115,
      45.3635363
     ],
     [
      -122.3672827,
      45.3635179
     ],
     [
      -122.367254,
      45.3634994
     ],
     [
      -122.3672252,
      45.363481
     ],
     [
      -122.3671964,
      45.3634626
     ],
     [
      -122.3671676,
      45.3634441
     ],
     [
      -122.3671388,
      45.3634257
     ],
     [
      -122.36711,
      45.3634073
     ],
     [
      -122.3670812,
      45.3633889
     ],
     [
      -122.3670524,
      45.3633704
     ],
     [
      -122.3670236,
      45.363352
     ],
     [
      -122.3669948,
      45.3633336
     ],
     [
      -122.366966,
      45.3633152
     ],
     [
      -122.3669372,
      45.3632968
     ],
     [
      -122.3669084,
      45.3632783
     ],
     [
      -122.3668796,
      45.3632599
     ],
     [
      -122.3668508,
      45.3632415
     ],
     [
      -122.366822,
      45.3632231
     ],
     [
      -122.3667932,
      45.3632046
     ],
     [
      -122.3667644,
      45.3631862
     ],
     [
      -122.3667356,
      45.3631678
     ],
     [
      -122.3667068,
      45.3631494
     ],
     [
      -122.366678,
      45.3631309
     ],
     [
      -122.3666492,
      45.3631125
     ],
     [
      -122.3666204,
      45.3630941
     ],
     [
      -122.3665916,
      45.3630757
     ],
     [
      -122.3665628,
      45.3630573
     ],
     [
      -122.366534,
      45.3630389
     ],
     [
      -122.3665052,
      45.3630205
     ],
     [
      -122.3664764,
      45.3630021
     ],
     [
      -122.3664476,
      45.3629836
     ],
     [
      -122.3664187,
      45.3629652
     ],
     [
      -122.3663899,
      45.3629468
     ],
     [
      -122.3663611,
      45.3629284
     ],
     [
      -122.3663323,
      45.36291
     ],
     [
      -122.3663034,
      45.3628916
     ],
     [
      -122.3662746,
      45.3628732
     ],
     [
      -122.3662458,
      45.3628548
     ],
     [
      -122.366217,
      45.3628364
     ],
     [
      -122.3661881,
      45.362818
     ],
     [
      -122.3661593,
      45.3627996
     ],
     [
      -122.3661305,
      45.3627812
     ],
     [
      -122.3661017,
      45.3627628
     ],
     [
      -122.3660729,
      45.3627444
     ],
     [
      -122.366044,
      45.362726
     ],
     [
      -122.3660152,
      45.3627076
     ],
     [
      -122.3659864,
      45.3626892
     ],
     [
      -122.3659576,
      45.3626708
     ],
     [
      -122.3659287,
      45.3626524
     ],
     [
      -122.3658999,
      45.362634
     ],
     [
      -122.3658711,
      45.3626155
     ],
     [
      -122.3658423,
      45.3625971
     ],
     [
      -122.3658135,
      45.3625787
     ],
     [
      -122.3657847,
      45.3625602
     ],
     [
      -122.3657559,
      45.3625418
     ],
     [
      -122.3657271,
      45.3625233
     ],
     [
      -122.3656983,
      45.3625048
     ],
     [
      -122.3656696,
      45.3624863
     ],
     [
      -122.3656409,
      45.3624678
     ],
     [
      -122.3656122,
      45.3624492
     ],
     [
      -122.3655835,
      45.3624306
     ],
     [
      -122.3655549,
      45.362412
     ],
     [
      -122.3655262,
      45.3623934
     ],
     [
      -122.3654976,
      45.3623748
     ],
     [
      -122.3654691,
      45.3623562
     ],
     [
      -122.3654405,
      45.3623375
     ],
     [
      -122.365412,
      45.3623188
     ],
     [
      -122.3653835,
      45.3623002
     ],
     [
      -122.365355,
      45.3622814
     ],
     [
      -122.3653265,
      45.3622627
     ],
     [
      -122.3652981,
      45.362244
     ],
     [
      -122.3652697,
      45.3622252
     ],
     [
      -122.3652413,
      45.3622064
     ],
     [
      -122.3652129,
      45.3621876
     ],
     [
      -122.3651846,
      45.3621688
     ],
     [
      -122.3651563,
      45.36215
     ],
     [
      -122.365128,
      45.3621311
     ],
     [
      -122.3650997,
      45.3621123
     ],
     [
      -122.3650714,
      45.3620934
     ],
     [
      -122.3650432,
      45.3620745
     ],
     [
      -122.365015,
      45.3620555
     ],
     [
      -122.3649868,
      45.3620366
     ],
     [
      -122.3649587,
      45.3620176
     ],
     [
      -122.3649305,
      45.3619987
     ],
     [
      -122.3649024,
      45.3619797
     ],
     [
      -122.3648744,
      45.3619607
     ],
     [
      -122.3648463,
      45.3619416
     ],
     [
      -122.3648183,
      45.3619226
     ],
     [
      -122.3647902,
      45.3619035
     ],
     [
      -122.3647622,
      45.3618845
     ],
     [
      -122.3647343,
      45.3618654
     ],
     [
      -122.3647063,
      45.3618463
     ],
     [
      -122.3646784,
      45.3618271
     ],
     [
      -122.3646505,
      45.361808
     ],
     [
      -122.3646226,
      45.3617888
     ],
     [
      -122.3645948,
      45.3617696
     ],
     [
      -122.364567,
      45.3617504
     ],
     [
      -122.3645392,
      45.3617312
     ],
     [
      -122.3645114,
      45.361712
     ],
     [
      -122.3644836,
      45.3616927
     ],
     [
      -122.3644559,
      45.3616735
     ],
     [
      -122.3644282,
      45.3616542
     ],
     [
      -122.3644005,
      45.3616349
     ],
     [
      -122.3643729,
      45.3616155
     ],
     [
      -122.3643452,
      45.3615962
     ],
     [
      -122.3643176,
      45.3615768
     ],
     [
      -122.36429,
      45.3615575
     ],
     [
      -122.3642625,
      45.3615381
     ],
     [
      -122.3642349,
      45.3615187
     ],
     [
      -122.3642074,
      45.3614993
     ],
     [
      -122.3641799,
      45.3614798
     ],
     [
      -122.3641525,
      45.3614604
     ],
     [
      -122.364125,
      45.3614409
     ],
     [
      -122.3640976,
      45.3614214
     ],
     [
      -122.3640702,
      45.3614019
     ],
     [
      -122.3640429,
      45.3613824
     ],
     [
      -122.3640155,
      45.3613628
     ],
     [
      -122.3639882,
      45.3613432
     ],
     [
      -122.3639609,
      45.3613237
     ],
     [
      -122.3639336,
      45.3613041
     ],
     [
      -122.3639064,
      45.3612845
     ],
     [
      -122.3638791,
      45.3612648
     ],
     [
      -122.363852,
      45.3612452
     ],
     [
      -122.3638248,
      45.3612255
     ],
     [
      -122.3637977,
      45.3612058
     ],
     [
      -122.3637705,
      45.3611861
     ],
     [
      -122.3637435,
      45.3611664
     ],
     [
      -122.3637164,
      45.3611466
     ],
     [
      -122.3636894,
      45.3611269
     ],
     [
      -122.3636625,
      45.3611071
     ],
     [
      -122.3636355,
      45.3610873
     ],
     [
      -122.3636086,
      45.3610674
     ],
     [
      -122.3635817,
      45.3610476
     ],
     [
      -122.3635548,
      45.3610277
     ],
     [
      -122.363528,
      45.3610078
     ],
     [
      -122.3635012,
      45.3609879
     ],
     [
      -122.3634744,
      45.360968
     ],
     [
      -122.3634476,
      45.3609481
     ],
     [
      -122.3634209,
      45.3609281
     ],
     [
      -122.3633941,
      45.3609081
     ],
     [
      -122.3633674,
      45.3608881
     ],
     [
      -122.3633408,
      45.3608681
     ],
     [
      -122.3633141,
      45.3608481
     ],
     [
      -122.3632875,
      45.3608281
     ],
     [
      -122.3632609,
      45.360808
     ],
     [
      -122.3632343,
      45.360788
     ],
     [
      -122.3632078,
      45.3607679
     ],
     [
      -122.3631813,
      45.3607478
     ],
     [
      -122.3631548,
      45.3607277
     ],
     [
      -122.3631283,
      45.3607075
     ],
     [
      -122.3631018,
      45.3606874
     ],
     [
      -122.3630754,
      45.3606672
     ],
     [
      -122.363049,
      45.3606471
     ],
     [
      -122.3630226,
      45.3606269
     ],
     [
      -122.3629963,
      45.3606067
     ],
     [
      -122.3629699,
      45.3605864
     ],
     [
      -122.3629436,
      45.3605662
     ],
     [
      -122.3629173,
      45.360546
     ],
     [
      -122.3628911,
      45.3605257
     ],
     [
      -122.3628648,
      45.3605054
     ],
     [
      -122.3628386,
      45.3604851
     ],
     [
      -122.3628124,
      45.3604648
     ],
     [
      -122.3627863,
      45.3604444
     ],
     [
      -122.3627601,
      45.3604241
     ],
     [
      -122.362734,
      45.3604037
     ],
     [
      -122.3627079,
      45.3603834
     ],
     [
      -122.3626819,
      45.360363
     ],
     [
      -122.3626558,
      45.3603425
     ],
     [
      -122.3626298,
      45.3603221
     ],
     [
      -122.3626038,
      45.3603017
     ],
     [
      -122.3625779,
      45.3602812
     ],
     [
      -122.3625519,
      45.3602607
     ],
     [
      -122.362526,
      45.3602402
     ],
     [
      -122.3625001,
      45.3602197
     ],
     [
      -122.3624743,
      45.3601992
     ],
     [
      -122.3624484,
      45.3601786
     ],
     [
      -122.3624226,
      45.3601581
     ],
     [
      -122.3623968,
      45.3601375
     ],
     [
      -122.3623711,
      45.3601169
     ],
     [
      -122.3623454,
      45.3600963
     ],
     [
      -122.3623196,
      45.3600757
     ],
     [
      -122.362294,
      45.3600551
     ],
     [
      -122.3622683,
      45.3600344
     ],
     [
      -122.3622427,
      45.3600137
     ],
     [
      -122.3622171,
      45.3599931
     ],
     [
      -122.3621915,
      45.3599724
     ],
     [
      -122.3621659,
      45.3599516
     ],
     [
      -122.3621404,
      45.3599309
     ],
     [
      -122.3621149,
      45.3599102
     ],
     [
      -122.3620894,
      45.3598894
     ],
     [
      -122.362064,
      45.3598686
     ],
     [
      -122.3620386,
      45.3598478
     ],
     [
      -122.3620132,
      45.359827
     ],
     [
      -122.3619878,
      45.3598062
     ],
     [
      -122.3619624,
      45.3597853
     ],
     [
      -122.3619371,
      45.3597645
     ],
     [
      -122.3619118,
      45.3597436
     ],
     [
      -122.3618865,
      45.3597227
     ],
     [
      -122.3618613,
      45.3597018
     ],
     [
      -122.3618361,
      45.3596809
     ],
     [
      -122.3618109,
      45.35966
     ],
     [
      -122.3617857,
      45.359639
     ],
     [
      -122.3617606,
      45.3596181
     ],
     [
      -122.3617354,
      45.3595971
     ],
     [
      -122.3617103,
      45.3595761
     ],
     [
      -122.3616853,
      45.3595551
     ],
     [
      -122.3616602,
      45.3595341
     ],
     [
      -122.3616352,
      45.359513
     ],
     [
      -122.3616102,
      45.359492
     ],
     [
      -122.3615852,
      45.3594709
     ],
     [
      -122.3615603,
      45.3594498
     ],
     [
      -122.3615353,
      45.3594287
     ],
     [
      -122.3615104,
      45.3594076
     ],
     [
      -122.3614856,
      45.3593865
     ],
     [
      -122.3614607,
      45.3593653
     ],
     [
      -122.3614359,
      45.3593442
     ],
     [
      -122.3614111,
      45.359323
     ],
     [
      -122.3613864,
      45.3593018
     ],
     [
      -122.3613616,
      45.3592806
     ],
     [
      -122.3613369,
      45.3592594
     ],
     [
      -122.3613122,
      45.3592382
     ],
     [
      -122.3612876,
      45.3592169
     ],
     [
      -122.3612629,
      45.3591956
     ],
     [
      -122.3612383,
      45.3591743
     ],
     [
      -122.3612138,
      45.359153
     ],
     [
      -122.3611892,
      45.3591317
     ],
     [
      -122.3611647,
      45.3591104
     ],
     [
      -122.3611403,
      45.359089
     ],
     [
      -122.3611158,
      45.3590676
     ],
     [
      -122.3610914,
      45.3590463
     ],
     [
      -122.361067,
      45.3590248
     ],
     [
      -122.3610427,
      45.3590034
     ],
     [
      -122.3610184,
      45.358982
     ],
     [
      -122.3609941,
      45.3589605
     ],
     [
      -122.3609698,
      45.358939
     ],
     [
      -122.3609455,
      45.3589175
     ],
     [
      -122.3609213,
      45.358896
     ],
     [
      -122.3608971,
      45.3588745
     ],
     [
      -122.360873,
      45.358853
     ],
     [
      -122.3608488,
      45.3588314
     ],
     [
      -122.3608247,
      45.3588099
     ],
     [
      -122.3608007,
      45.3587883
     ],
     [
      -122.3607766,
      45.3587667
     ],
     [
      -122.3607526,
      45.3587451
     ],
     [
      -122.3607286,
      45.3587235
     ],
     [
      -122.3607046,
      45.3587018
     ],
     [
      -122.3606807,
      45.3586802
     ],
     [
      -122.3606567,
      45.3586585
     ],
     [
      -122.3606328,
      45.3586368
     ],
     [
      -122.360609,
      45.3586151
     ],
     [
      -122.3605851,
      45.3585934
     ],
     [
      -122.3605613,
      45.3585717
     ],
     [
      -122.3605375,
      45.35855
     ],
     [
      -122.3605138,
      45.3585282
     ],
     [
      -122.36049,
      45.3585064
     ],
     [
      -122.3604663,
      45.3584847
     ],
     [
      -122.3604426,
      45.3584629
     ],
     [
      -122.360419,
      45.358441
     ],
     [
      -122.3603954,
      45.3584192
     ],
     [
      -122.3603718,
      45.3583974
     ],
     [
      -122.3603482,
      45.3583755
     ],
     [
      -122.3603247,
      45.3583536
     ],
     [
      -122.3603011,
      45.3583318
     ],
     [
      -122.3602777,
      45.3583099
     ],
     [
      -122.3602542,
      45.3582879
     ],
     [
      -122.3602308,
      45.358266
     ],
     [
      -122.3602073,
      45.3582441
     ],
     [
      -122.360184,
      45.3582221
     ],
     [
      -122.3601606,
      45.3582001
     ],
     [
      -122.3601373,
      45.3581781
     ],
     [
      -122.360114,
      45.3581561
     ],
     [
      -122.3600907,
      45.3581341
     ],
     [
      -122.3600675,
      45.3581121
     ],
     [
      -122.3600442,
      45.3580901
     ],
     [
      -122.3600211,
      45.358068
     ],
     [
      -122.3599979,
      45.3580459
     ],
     [
      -122.3599748,
      45.3580238
     ],
     [
      -122.3599516,
      45.3580017
     ],
     [
      -122.3599286,
      45.3579796
     ],
     [
      -122.3599055,
      45.3579575
     ],
     [
      -122.3598825,
      45.3579353
     ],
     [
      -122.3598595,
      45.3579132
     ],
     [
      -122.3598365,
      45.357891
     ],
     [
      -122.3598136,
      45.3578688
     ],
     [
      -122.3597907,
      45.3578466
     ],
     [
      -122.3597678,
      45.3578244
     ],
     [
      -122.3597449,
      45.3578022
     ],
     [
      -122.3597221,
      45.3577799
     ],
     [
      -122.3596993,
      45.3577577
     ],
     [
      -122.3596765,
      45.3577354
     ],
     [
      -122.3596537,
      45.3577131
     ],
     [
      -122.359631,
      45.3576908
     ],
     [
      -122.3596083,
      45.3576685
     ],
     [
      -122.3595856,
      45.3576462
     ],
     [
      -122.359563,
      45.3576238
     ],
     [
      -122.3595404,
      45.3576015
     ],
     [
      -122.3595178,
      45.3575791
     ],
     [
      -122.3594952,
      45.3575567
     ],
     [
      -122.3594727,
      45.3575343
     ],
     [
      -122.3594502,
      45.3575119
     ],
     [
      -122.3594277,
      45.3574895
     ],
     [
      -122.3594053,
      45.3574671
     ],
     [
      -122.3593829,
      45.3574446
     ],
     [
      -122.3593605,
      45.3574221
     ],
     [
      -122.3593381,
      45.3573997
     ],
     [
      -122.3593158,
      45.3573772
     ],
     [
      -122.3592935,
      45.3573547
     ],
     [
      -122.3592712,
      45.3573321
     ],
     [
      -122.3592489,
      45.3573096
     ],
     [
      -122.3592267,
      45.357287
     ],
     [
      -122.3592045,
      45.3572645
     ],
     [
      -122.3591824,
      45.3572419
     ],
     [
      -122.3591602,
      45.3572193
     ],
     [
      -122.3591381,
      45.3571967
     ],
     [
      -122.359116,
      45.3571741
     ],
     [
      -122.359094,
      45.3571515
     ],
     [
      -122.3590719,
      45.3571288
     ],
     [
      -122.3590499,
      45.3571062
     ],
     [
      -122.359028,
      45.3570835
     ],
     [
      -122.359006,
      45.3570608
     ],
     [
      -122.3589841,
      45.3570381
     ],
     [
      -122.3589622,
      45.3570154
     ],
     [
      -122.3589403,
      45.3569927
     ],
     [
      -122.3589185,
      45.3569699
     ],
     [
      -122.3588967,
      45.3569472
     ],
     [
      -122.3588748,
      45.3569245
     ],
     [
      -122.358853,
      45.3569017
     ],
     [
      -122.3588312,
      45.356879
     ],
     [
      -122.3588094,
      45.3568562
     ],
     [
      -122.3587877,
      45.3568334
     ],
     [
      -122.3587659,
      45.3568106
     ],
     [
      -122.3587442,
      45.3567879
     ],
     [
      -122.3587225,
      45.3567651
     ],
     [
      -122.3587008,
      45.3567422
     ],
     [
      -122.3586792,
      45.3567194
     ],
     [
      -122.3586575,
      45.3566966
     ],
     [
      -122.3586359,
      45.3566737
     ],
     [
      -122.3586144,
      45.3566509
     ],
     [
      -122.3585928,
      45.356628
     ],
     [
      -122.3585713,
      45.3566051
     ],
     [
      -122.3585499,
      45.3565822
     ],
     [
      -122.3585284,
      45.3565592
     ],
     [
      -122.358507,
      45.3565363
     ],
     [
      -122.3584856,
      45.3565134
     ],
     [
      -122.3584642,
      45.3564904
     ],
     [
      -122.3584429,
      45.3564674
     ],
     [
      -122.3584216,
      45.3564444
     ],
     [
      -122.3584003,
      45.3564214
     ],
     [
      -122.358379,
      45.3563984
     ],
     [
      -122.3583578,
      45.3563754
     ],
     [
      -122.3583366,
      45.3563524
     ],
     [
      -122.3583154,
      45.3563293
     ],
     [
      -122.3582943,
      45.3563063
     ],
     [
      -122.3582731,
      45.3562832
     ],
     [
      -122.358252,
      45.3562601
     ],
     [
      -122.358231,
      45.356237
     ],
     [
      -122.3582099,
      45.3562139
     ],
     [
      -122.3581889,
      45.3561908
     ],
     [
      -122.3581679,
      45.3561677
     ],
     [
      -122.3581469,
      45.3561445
     ],
     [
      -122.358126,
      45.3561213
     ],
     [
      -122.3581051,
      45.3560982
     ],
     [
      -122.3580842,
      45.356075
     ],
     [
      -122.3580634,
      45.3560518
     ],
     [
      -122.3580425,
      45.3560286
     ],
     [
      -122.3580217,
      45.3560054
     ],
     [
      -122.358001,
      45.3559821
     ],
     [
      -122.3579802,
      45.3559589
     ],
     [
      -122.3579595,
      45.3559356
     ],
     [
      -122.3579389,
      45.3559123
     ],
     [
      -122.3579182,
      45.355889
     ],
     [
      -122.3578976,
      45.3558657
     ],
     [
      -122.357877,
      45.3558424
     ],
     [
      -122.3578564,
      45.3558191
     ],
     [
      -122.3578359,
      45.3557958
     ],
     [
      -122.3578153,
      45.3557724
     ],
     [
      -122.3577948,
      45.3557491
     ],
     [
      -122.3577743,
      45.3557257
     ],
     [
      -122.3577539,
      45.3557023
     ],
     [
      -122.3577334,
      45.355679
     ],
     [
      -122.357713,
      45.3556556
     ],
     [
      -122.3576926,
      45.3556322
     ],
     [
      -122.3576722,
      45.3556088
     ],
     [
      -122.3576519,
      45.3555853
     ],
     [
      -122.3576316,
      45.3555619
     ],
     [
      -122.3576113,
      45.3555385
     ],
     [
      -122.357591,
      45.355515
     ],
     [
      -122.3575708,
      45.3554915
     ],
     [
      -122.3575506,
      45.355468
     ],
     [
      -122.3575304,
      45.3554445
     ],
     [
      -122.3575103,
      45.355421
     ],
     [
      -122.3574902,
      45.3553975
     ],
     [
      -122.3574701,
      45.3553739
     ],
     [
      -122.3574501,
      45.3553504
     ],
     [
      -122.35743,
      45.3553268
     ],
     [
      -122.35741,
      45.3553033
     ],
     [
      -122.3573901,
      45.3552797
     ],
     [
      -122.3573701,
      45.3552561
     ],
     [
      -122.3573502,
      45.3552325
     ],
     [
      -122.3573303,
      45.3552088
     ],
     [
      -122.3573105,
      45.3551852
     ],
     [
      -122.3572906,
      45.3551616
     ],
     [
      -122.3572708,
      45.3551379
     ],
     [
      -122.357251,
      45.3551143
     ],
     [
      -122.3572312,
      45.3550906
     ],
     [
      -122.3572114,
      45.3550669
     ],
     [
      -122.3571917,
      45.3550432
     ],
     [
      -122.357172,
      45.3550195
     ],
     [
      -122.3571523,
      45.3549958
     ],
     [
      -122.3571326,
      45.3549721
     ],
     [
      -122.357113,
      45.3549484
     ],
     [
      -122.3570934,
      45.3549246
     ],
     [
      -122.3570739,
      45.3549009
     ],
     [
      -122.3570543,
      45.3548771
     ],
     [
      -122.3570348,
      45.3548533
     ],
     [
      -122.3570153,
      45.3548295
     ],
     [
      -122.3569959,
      45.3548057
     ],
     [
      -122.3569765,
      45.3547819
     ],
     [
      -122.3569571,
      45.354758
     ],
     [
      -122.3569377,
      45.3547342
     ],
     [
      -122.3569184,
      45.3547103
     ],
     [
      -122.3568991,
      45.3546865
     ],
     [
      -122.3568798,
      45.3546626
     ],
     [
      -122.3568606,
      45.3546387
     ],
     [
      -122.3568414,
      45.3546148
     ],
     [
      -122.3568222,
      45.3545909
     ],
     [
      -122.3568031,
      45.3545669
     ],
     [
      -122.356784,
      45.354543
     ],
     [
      -122.3567649,
      45.354519
     ],
     [
      -122.3567459,
      45.354495
     ],
     [
      -122.3567269,
      45.3544711
     ],
     [
      -122.3567079,
      45.3544471
     ],
     [
      -122.3566889,
      45.354423
     ],
     [
      -122.35667,
      45.354399
     ],
     [
      -122.3566511,
      45.354375
     ],
     [
      -122.3566323,
      45.3543509
     ],
     [
      -122.3566134,
      45.3543269
     ],
     [
      -122.3565947,
      45.3543028
     ],
     [
      -122.3565759,
      45.3542787
     ],
     [
      -122.3565571,
      45.3542546
     ],
     [
      -122.3565384,
      45.3542305
     ],
     [
      -122.3565198,
      45.3542064
     ],
     [
      -122.3565011,
      45.3541823
     ],
     [
      -122.3564825,
      45.3541581
     ],
     [
      -122.3564639,
      45.354134
     ],
     [
      -122.3564453,
      45.3541098
     ],
     [
      -122.3564268,
      45.3540856
     ],
     [
      -122.3564083,
      45.3540614
     ],
     [
      -122.3563899,
      45.3540372
     ],
     [
      -122.3563714,
      45.354013
     ],
     [
      -122.356353,
      45.3539888
     ],
     [
      -122.3563346,
      45.3539646
     ],
     [
      -122.3563163,
      45.3539403
     ],
     [
      -122.356298,
      45.3539161
     ],
     [
      -122.3562797,
      45.3538918
     ],
     [
      -122.3562614,
      45.3538675
     ],
     [
      -122.3562432,
      45.3538432
     ],
     [
      -122.356225,
      45.3538189
     ],
     [
      -122.3562069,
      45.3537946
     ],
     [
      -122.3561887,
      45.3537702
     ],
     [
      -122.3561706,
      45.3537459
     ],
     [
      -122.3561526,
      45.3537216
     ],
     [
      -122.3561345,
      45.3536972
     ],
     [
      -122.3561165,
      45.3536728
     ],
     [
      -122.3560985,
      45.3536484
     ],
     [
      -122.3560806,
      45.353624
     ],
     [
      -122.3560627,
      45.3535996
     ],
     [
      -122.3560448,
      45.3535752
     ],
     [
      -122.3560269,
      45.3535508
     ],
     [
      -122.3560091,
      45.3535263
     ],
     [
      -122.3559913,
      45.3535019
     ],
     [
      -122.3559735,
      45.3534774
     ],
     [
      -122.3559558,
      45.3534529
     ],
     [
      -122.355938,
      45.3534285
     ],
     [
      -122.3559202,
      45.353404
     ],
     [
      -122.3559024,
      45.3533796
     ],
     [
      -122.3558846,
      45.3533551
     ],
     [
      -122.3558668,
      45.3533307
     ],
     [
      -122.355849,
      45.3533062
     ],
     [
      -122.3558311,
      45.3532818
     ],
     [
      -122.3558133,
      45.3532573
     ],
     [
      -122.3557954,
      45.3532329
     ],
     [
      -122.3557776,
      45.3532084
     ],
     [
      -122.3557598,
      45.3531839
     ],
     [
      -122.3557421,
      45.3531595
     ],
     [
      -122.3557243,
      45.353135
     ],
     [
      -122.3557066,
      45.3531105
     ],
     [
      -122.355689,
      45.353086
     ],
     [
      -122.3556713,
      45.3530614
     ],
     [
      -122.3556537,
      45.3530369
     ],
     [
      -122.3556362,
      45.3530124
     ],
     [
      -122.3556186,
      45.3529878
     ],
     [
      -122.3556011,
      45.3529632
     ],
     [
      -122.3555836,
      45.3529386
     ],
     [
      -122.3555662,
      45.3529141
     ],
     [
      -122.3555487,
      45.3528895
     ],
     [
      -122.3555313,
      45.3528648
     ],
     [
      -122.355514,
      45.3528402
     ],
     [
      -122.3554967,
      45.3528156
     ],
     [
      -122.3554794,
      45.3527909
     ],
     [
      -122.3554621,
      45.3527663
     ],
     [
      -122.3554449,
      45.3527416
     ],
     [
      -122.3554278,
      45.3527169
     ],
     [
      -122.3554106,
      45.3526922
     ],
     [
      -122.3553936,
      45.3526674
     ],
     [
      -122.3553765,
      45.3526427
     ],
     [
      -122.3553595,
      45.3526179
     ],
     [
      -122.3553425,
      45.3525932
     ],
     [
      -122.3553256,
      45.3525684
     ],
     [
      -122.3553087,
      45.3525436
     ],
     [
      -122.3552918,
      45.3525188
     ],
     [
      -122.3552749,
      45.352494
     ],
     [
      -122.3552581,
      45.3524692
     ],
     [
      -122.3552413,
      45.3524444
     ],
     [
      -122.3552246,
      45.3524195
     ],
     [
      -122.3552078,
      45.3523947
     ],
     [
      -122.3551911,
      45.3523698
     ],
     [
      -122.3551744,
      45.352345
     ],
     [
      -122.3551578,
      45.3523201
     ],
     [
      -122.3551412,
      45.3522952
     ],
     [
      -122.3551246,
      45.3522703
     ],
     [
      -122.3551081,
      45.3522454
     ],
     [
      -122.3550916,
      45.3522205
     ],
     [
      -122.3550751,
      45.3521955
     ],
     [
      -122.3550586,
      45.3521706
     ],
     [
      -122.3550423,
      45.3521456
     ],
     [
      -122.3550259,
      45.3521206
     ],
     [
      -122.3550096,
      45.3520956
     ],
     [
      -122.3549933,
      45.3520706
     ],
     [
      -122.3549771,
      45.3520456
     ],
     [
      -122.3549609,
      45.3520206
     ],
     [
      -122.3549447,
      45.3519955
     ],
     [
      -122.3549286,
      45.3519705
     ],
     [
      -122.3549125,
      45.3519454
     ],
     [
      -122.3548964,
      45.3519203
     ],
     [
      -122.3548804,
      45.3518953
     ],
     [
      -122.3548644,
      45.3518702
     ],
     [
      -122.3548484,
      45.3518451
     ],
     [
      -122.3548325,
      45.3518199
     ],
     [
      -122.3548166,
      45.3517948
     ],
     [
      -122.3548007,
      45.3517697
     ],
     [
      -122.3547849,
      45.3517445
     ],
     [
      -122.3547691,
      45.3517194
     ],
     [
      -122.3547533,
      45.3516942
     ],
     [
      -122.3547375,
      45.351669
     ],
     [
      -122.3547218,
      45.3516439
     ],
     [
      -122.3547061,
      45.3516187
     ],
     [
      -122.3546904,
      45.3515935
     ],
     [
      -122.3546748,
      45.3515682
     ],
     [
      -122.3546593,
      45.351543
     ],
     [
      -122.3546438,
      45.3515178
     ],
     [
      -122.3546283,
      45.3514925
     ],
     [
      -122.3546129,
      45.3514672
     ],
     [
      -122.3545975,
      45.3514419
     ],
     [
      -122.3545822,
      45.3514166
     ],
     [
      -122.3545669,
      45.3513913
     ],
     [
      -122.3545517,
      45.3513659
     ],
     [
      -122.3545365,
      45.3513406
     ],
     [
      -122.3545213,
      45.3513152
     ],
     [
      -122.3545062,
      45.3512899
     ],
     [
      -122.3544911,
      45.3512645
     ],
     [
      -122.354476,
      45.3512391
     ],
     [
      -122.3544609,
      45.3512137
     ],
     [
      -122.3544459,
      45.3511883
     ],
     [
      -122.3544309,
      45.3511629
     ],
     [
      -122.354416,
      45.3511375
     ],
     [
      -122.3544011,
      45.3511121
     ],
     [
      -122.3543862,
      45.3510866
     ],
     [
      -122.3543713,
      45.3510612
     ],
     [
      -122.3543565,
      45.3510357
     ],
     [
      -122.3543417,
      45.3510102
     ],
     [
      -122.3543269,
      45.3509848
     ],
     [
      -122.3543122,
      45.3509593
     ],
     [
      -122.3542975,
      45.3509338
     ],
     [
      -122.3542829,
      45.3509083
     ],
     [
      -122.3542683,
      45.3508827
     ],
     [
      -122.3542538,
      45.3508572
     ],
     [
      -122.3542393,
      45.3508316
     ],
     [
      -122.3542248,
      45.3508061
     ],
     [
      -122.3542105,
      45.3507805
     ],
     [
      -122.3541961,
      45.3507549
     ],
     [
      -122.3541818,
      45.3507293
     ],
     [
      -122.3541675,
      45.3507036
     ],
     [
      -122.3541533,
      45.350678
     ],
     [
      -122.3541391,
      45.3506524
     ],
     [
      -122.3541249,
      45.3506267
     ],
     [
      -122.3541108,
      45.3506011
     ],
     [
      -122.3540967,
      45.3505754
     ],
     [
      -122.3540826,
      45.3505497
     ],
     [
      -122.3540685,
      45.3505241
     ],
     [
      -122.3540545,
      45.3504984
     ],
     [
      -122.3540405,
      45.3504727
     ],
     [
      -122.3540266,
      45.350447
     ],
     [
      -122.3540126,
      45.3504212
     ],
     [
      -122.3539988,
      45.3503955
     ],
     [
      -122.3539849,
      45.3503698
     ],
     [
      -122.3539711,
      45.350344
     ],
     [
      -122.3539573,
      45.3503183
     ],
     [
      -122.3539436,
      45.3502925
     ],
     [
      -122.3539301,
      45.3502667
     ],
     [
      -122.3539166,
      45.3502409
     ],
     [
      -122.3539032,
      45.350215
     ],
     [
      -122.35389,
      45.3501891
     ],
     [
      -122.3538768,
      45.3501632
     ],
     [
      -122.3538637,
      45.3501373
     ],
     [
      -122.3538508,
      45.3501113
     ],
     [
      -122.3538379,
      45.3500853
     ],
     [
      -122.353825,
      45.3500593
     ],
     [
      -122.3538122,
      45.3500333
     ],
     [
      -122.3537994,
      45.3500073
     ],
     [
      -122.3537866,
      45.3499813
     ],
     [
      -122.3537739,
      45.3499553
     ],
     [
      -122.3537612,
      45.3499293
     ],
     [
      -122.3537485,
      45.3499032
     ],
     [
      -122.3537359,
      45.3498772
     ],
     [
      -122.3537233,
      45.3498511
     ],
     [
      -122.3537107,
      45.3498251
     ],
     [
      -122.3536982,
      45.349799
     ],
     [
      -122.3536857,
      45.3497729
     ],
     [
      -122.3536732,
      45.3497469
     ],
     [
      -122.3536608,
      45.3497208
     ],
     [
      -122.3536484,
      45.3496947
     ],
     [
      -122.353636,
      45.3496686
     ],
     [
      -122.3536237,
      45.3496424
     ],
     [
      -122.3536114,
      45.3496163
     ],
     [
      -122.3535992,
      45.3495902
     ],
     [
      -122.353587,
      45.349564
     ],
     [
      -122.3535749,
      45.3495379
     ],
     [
      -122.3535628,
      45.3495117
     ],
     [
      -122.3535508,
      45.3494855
     ],
     [
      -122.3535388,
      45.3494593
     ],
     [
      -122.3535268,
      45.3494331
     ],
     [
      -122.3535149,
      45.3494069
     ],
     [
      -122.353503,
      45.3493807
     ],
     [
      -122.3534912,
      45.3493545
     ],
     [
      -122.3534794,
      45.3493283
     ],
     [
      -122.3534676,
      45.349302
     ],
     [
      -122.3534558,
      45.3492758
     ],
     [
      -122.3534441,
      45.3492495
     ],
     [
      -122.3534324,
      45.3492233
     ],
     [
      -122.3534208,
      45.349197
     ],
     [
      -122.3534092,
      45.3491707
     ],
     [
      -122.3533976,
      45.3491445
     ],
     [
      -122.353386,
      45.3491182
     ],
     [
      -122.3533745,
      45.3490919
     ],
     [
      -122.353363,
      45.3490656
     ],
     [
      -122.3533516,
      45.3490393
     ],
     [
      -122.3533401,
      45.349013
     ],
     [
      -122.3533287,
      45.3489867
     ],
     [
      -122.3533174,
      45.3489603
     ],
     [
      -122.3533061,
      45.348934
     ],
     [
      -122.3532948,
      45.3489077
     ],
     [
      -122.3532835,
      45.3488813
     ],
     [
      -122.3532723,
      45.348855
     ],
     [
      -122.3532611,
      45.3488286
     ],
     [
      -122.35325,
      45.3488023
     ],
     [
      -122.3532389,
      45.3487759
     ],
     [
      -122.3532278,
      45.3487495
     ],
     [
      -122.3532167,
      45.3487231
     ],
     [
      -122.3532057,
      45.3486967
     ],
     [
      -122.3531947,
      45.3486703
     ],
     [
      -122.3531838,
      45.3486439
     ],
     [
      -122.3531728,
      45.3486175
     ],
     [
      -122.3531619,
      45.3485911
     ],
     [
      -122.3531511,
      45.3485647
     ],
     [
      -122.3531403,
      45.3485382
     ],
     [
      -122.3531295,
      45.3485118
     ],
     [
      -122.3531187,
      45.3484854
     ],
     [
      -122.353108,
      45.3484589
     ],
     [
      -122.3530973,
      45.3484325
     ],
     [
      -122.3530866,
      45.348406
     ],
     [
      -122.353076,
      45.3483795
     ],
     [
      -122.3530654,
      45.3483531
     ],
     [
      -122.3530548,
      45.3483266
     ],
     [
      -122.3530443,
      45.3483001
     ],
     [
      -122.3530337,
      45.3482736
     ],
     [
      -122.3530232,
      45.3482471
     ],
     [
      -122.3530127,
      45.3482206
     ],
     [
      -122.3530022,
      45.3481942
     ],
     [
      -122.3529918,
      45.3481677
     ],
     [
      -122.3529813,
      45.3481412
     ],
     [
      -122.3529709,
      45.3481147
     ],
     [
      -122.3529605,
      45.3480881
     ],
     [
      -122.3529501,
      45.3480616
     ],
     [
      -122.3529398,
      45.3480351
     ],
     [
      -122.3529295,
      45.3480086
     ],
     [
      -122.3529193,
      45.347982
     ],
     [
      -122.352909,
      45.3479555
     ],
     [
      -122.3528988,
      45.347929
     ],
     [
      -122.3528887,
      45.3479024
     ],
     [
      -122.3528786,
      45.3478759
     ],
     [
      -122.3528685,
      45.3478493
     ],
     [
      -122.3528584,
      45.3478227
     ],
     [
      -122.3528484,
      45.3477961
     ],
     [
      -122.3528384,
      45.3477696
     ],
     [
      -122.3528284,
      45.347743
     ],
     [
      -122.3528185,
      45.3477164
     ],
     [
      -122.3528086,
      45.3476898
     ],
     [
      -122.3527987,
      45.3476632
     ],
     [
      -122.3527888,
      45.3476366
     ],
     [
      -122.352779,
      45.34761
     ],
     [
      -122.3527692,
      45.3475834
     ],
     [
      -122.3527594,
      45.3475567
     ],
     [
      -122.3527496,
      45.3475301
     ],
     [
      -122.3527398,
      45.3475035
     ],
     [
      -122.35273,
      45.3474769
     ],
     [
      -122.3527203,
      45.3474503
     ],
     [
      -122.3527106,
      45.3474236
     ],
     [
      -122.352701,
      45.347397
     ],
     [
      -122.3526913,
      45.3473703
     ],
     [
      -122.3526817,
      45.3473437
     ],
     [
      -122.3526722,
      45.347317
     ],
     [
      -122.3526626,
      45.3472904
     ],
     [
      -122.3526531,
      45.3472637
     ],
     [
      -122.3526437,
      45.347237
     ],
     [
      -122.3526342,
      45.3472104
     ],
     [
      -122.3526248,
      45.3471837
     ],
     [
      -122.3526155,
      45.347157
     ],
     [
      -122.3526061,
      45.3471303
     ],
     [
      -122.3525968,
      45.3471036
     ],
     [
      -122.3525876,
      45.3470769
     ],
     [
      -122.3525783,
      45.3470502
     ],
     [
      -122.3525691,
      45.3470235
     ],
     [
      -122.3525599,
      45.3469967
     ],
     [
      -122.3525508,
      45.34697
     ],
     [
      -122.3525416,
      45.3469433
     ],
     [
      -122.3525325,
      45.3469166
     ],
     [
      -122.3525234,
      45.3468898
     ],
     [
      -122.3525143,
      45.3468631
     ],
     [
      -122.3525052,
      45.3468364
     ],
     [
      -122.3524961,
      45.3468096
     ],
     [
      -122.3524871,
      45.3467829
     ],
     [
      -122.3524781,
      45.3467561
     ],
     [
      -122.3524691,
      45.3467294
     ],
     [
      -122.3524602,
      45.3467026
     ],
     [
      -122.3524513,
      45.3466759
     ],
     [
      -122.3524424,
      45.3466491
     ],
     [
      -122.3524336,
      45.3466223
     ],
     [
      -122.3524248,
      45.3465955
     ],
     [
      -122.352416,
      45.3465688
     ],
     [
      -122.3524072,
      45.346542
     ],
     [
      -122.3523985,
      45.3465152
     ],
     [
      -122.3523899,
      45.3464884
     ],
     [
      -122.3523812,
      45.3464616
     ],
     [
      -122.3523726,
      45.3464347
     ],
     [
      -122.3523641,
      45.3464079
     ],
     [
      -122.3523555,
      45.3463811
     ],
     [
      -122.352347,
      45.3463543
     ],
     [
      -122.3523385,
      45.3463274
     ],
     [
      -122.35233,
      45.3463006
     ],
     [
      -122.3523216,
      45.3462738
     ],
     [
      -122.3523131,
      45.3462469
     ],
     [
      -122.3523047,
      45.3462201
     ],
     [
      -122.3522963,
      45.3461933
     ],
     [
      -122.3522879,
      45.3461664
     ],
     [
      -122.3522795,
      45.3461396
     ],
     [
      -122.3522712,
      45.3461127
     ],
     [
      -122.3522629,
      45.3460859
     ],
     [
      -122.3522546,
      45.346059
     ],
     [
      -122.3522463,
      45.3460321
     ],
     [
      -122.3522381,
      45.3460053
     ],
     [
      -122.3522299,
      45.3459784
     ],
     [
      -122.3522218,
      45.3459515
     ],
     [
      -122.3522136,
      45.3459246
     ],
     [
      -122.3522056,
      45.3458977
     ],
     [
      -122.3521975,
      45.3458708
     ],
     [
      -122.3521895,
      45.3458439
     ],
     [
      -122.3521815,
      45.345817
     ],
     [
      -122.3521736,
      45.3457901
     ],
     [
      -122.3521656,
      45.3457632
     ],
     [
      -122.3521578,
      45.3457363
     ],
     [
      -122.3521499,
      45.3457093
     ],
     [
      -122.3521421,
      45.3456824
     ],
     [
      -122.3521343,
      45.3456555
     ],
     [
      -122.3521265,
      45.3456285
     ],
     [
      -122.3521188,
      45.3456016
     ],
     [
      -122.3521111,
      45.3455746
     ],
     [
      -122.3521035,
      45.3455477
     ],
     [
      -122.3520958,
      45.3455207
     ],
     [
      -122.3520882,
      45.3454938
     ],
     [
      -122.3520807,
      45.3454668
     ],
     [
      -122.3520731,
      45.3454398
     ],
     [
      -122.3520656,
      45.3454129
     ],
     [
      -122.3520582,
      45.3453859
     ],
     [
      -122.3520507,
      45.3453589
     ],
     [
      -122.3520433,
      45.3453319
     ],
     [
      -122.3520359,
      45.3453049
     ],
     [
      -122.3520286,
      45.3452779
     ],
     [
      -122.3520213,
      45.3452509
     ],
     [
      -122.352014,
      45.3452239
     ],
     [
      -122.3520068,
      45.3451969
     ],
     [
      -122.3519996,
      45.3451699
     ],
     [
      -122.3519924,
      45.3451428
     ],
     [
      -122.3519853,
      45.3451158
     ],
     [
      -122.3519782,
      45.3450888
     ],
     [
      -122.3519711,
      45.3450618
     ],
     [
      -122.3519641,
      45.3450347
     ],
     [
      -122.3519571,
      45.3450077
     ],
     [
      -122.3519501,
      45.3449806
     ],
     [
      -122.3519432,
      45.3449536
     ],
     [
      -122.3519363,
      45.3449265
     ],
     [
      -122.3519294,
      45.3448995
     ],
     [
      -122.3519226,
      45.3448724
     ],
     [
      -122.3519158,
      45.3448454
     ],
     [
      -122.3519091,
      45.3448184
     ],
     [
      -122.3519024,
      45.3447915
     ],
     [
      -122.3518957,
      45.3447647
     ],
     [
      -122.3518891,
      45.3447379
     ],
     [
      -122.3518825,
      45.3447111
     ],
     [
      -122.351876,
      45.3446844
     ],
     [
      -122.3518694,
      45.3446578
     ],
     [
      -122.351863,
      45.3446312
     ],
     [
      -122.3518565,
      45.3446046
     ],
     [
      -122.3518501,
      45.3445781
     ],
     [
      -122.3518436,
      45.3445515
     ],
     [
      -122.3518372,
      45.3445249
     ],
     [
      -122.3518308,
      45.3444983
     ],
     [
      -122.3518244,
      45.3444717
     ],
     [
      -122.3518181,
      45.3444451
     ],
     [
      -122.3518117,
      45.3444185
     ],
     [
      -122.3518054,
      45.3443919
     ],
     [
      -122.3517991,
      45.3443653
     ],
     [
      -122.3517928,
      45.3443387
     ],
     [
      -122.3517866,
      45.3443121
     ],
     [
      -122.3517803,
      45.3442855
     ],
     [
      -122.3517741,
      45.3442589
     ],
     [
      -122.3517678,
      45.3442323
     ],
     [
      -122.3517616,
      45.3442057
     ],
     [
      -122.3517555,
      45.344179
     ],
     [
      -122.3517493,
      45.3441524
     ],
     [
      -122.3517431,
      45.3441258
     ],
     [
      -122.351737,
      45.3440992
     ],
     [
      -122.3517309,
      45.3440727
     ],
     [
      -122.3517249,
      45.3440462
     ],
     [
      -122.3517189,
      45.3440198
     ],
     [
      -122.351713,
      45.3439935
     ],
     [
      -122.3517071,
      45.3439672
     ],
     [
      -122.3517013,
      45.3439409
     ],
     [
      -122.3516955,
      45.3439147
     ],
     [
      -122.3516899,
      45.3438886
     ],
     [
      -122.3516842,
      45.3438624
     ],
     [
      -122.3516787,
      45.3438363
     ],
     [
      -122.3516732,
      45.3438101
     ],
     [
      -122.3516678,
      45.3437839
     ],
     [
      -122.3516624,
      45.3437577
     ],
     [
      -122.3516571,
      45.3437315
     ],
     [
      -122.3516519,
      45.3437053
     ],
     [
      -122.3516467,
      45.3436791
     ],
     [
      -122.3516416,
      45.3436529
     ],
     [
      -122.3516365,
      45.3436267
     ],
     [
      -122.3516315,
      45.3436005
     ],
     [
      -122.3516266,
      45.3435743
     ],
     [
      -122.3516217,
      45.3435479
     ],
     [
      -122.3516168,
      45.3435215
     ],
     [
      -122.351612,
      45.3434949
     ],
     [
      -122.3516072,
      45.3434683
     ],
     [
      -122.3516024,
      45.3434415
     ],
     [
      -122.3515976,
      45.3434146
     ],
     [
      -122.3515928,
      45.3433876
     ],
     [
      -122.351588,
      45.3433605
     ],
     [
      -122.3515832,
      45.3433333
     ],
     [
      -122.3515784,
      45.3433061
     ],
     [
      -122.3515735,
      45.3432789
     ],
     [
      -122.3515687,
      45.3432517
     ],
     [
      -122.3515639,
      45.3432244
     ],
     [
      -122.3515591,
      45.3431972
     ],
     [
      -122.3515543,
      45.34317
     ],
     [
      -122.3515495,
      45.3431428
     ],
     [
      -122.3515446,
      45.3431156
     ],
     [
      -122.3515398,
      45.3430884
     ],
     [
      -122.351535,
      45.3430612
     ],
     [
      -122.3515302,
      45.343034
     ],
     [
      -122.3515254,
      45.3430068
     ],
     [
      -122.3515205,
      45.3429796
     ],
     [
      -122.3515157,
      45.3429524
     ],
     [
      -122.3515109,
      45.3429252
     ],
     [
      -122.3515061,
      45.342898
     ],
     [
      -122.3515013,
      45.3428708
     ],
     [
      -122.3514965,
      45.3428436
     ],
     [
      -122.3514916,
      45.3428163
     ],
     [
      -122.3514868,
      45.3427891
     ],
     [
      -122.351482,
      45.3427619
     ],
     [
      -122.3514772,
      45.3427347
     ],
     [
      -122.3514724,
      45.3427075
     ],
     [
      -122.3514676,
      45.3426803
     ],
     [
      -122.3514628,
      45.3426531
     ],
     [
      -122.3514579,
      45.3426259
     ],
     [
      -122.3514531,
      45.3425987
     ],
     [
      -122.3514483,
      45.3425715
     ],
     [
      -122.3514435,
      45.3425443
     ],
     [
      -122.3514387,
      45.3425171
     ],
     [
      -122.3514339,
      45.3424899
     ],
     [
      -122.3514291,
      45.3424627
     ],
     [
      -122.3514242,
      45.3424355
     ],
     [
      -122.3514194,
      45.3424082
     ],
     [
      -122.3514146,
      45.342381
     ],
     [
      -122.3514098,
      45.3423538
     ],
     [
      -122.351405,
      45.3423266
     ],
     [
      -122.3514002,
      45.3422994
     ],
     [
      -122.3513953,
      45.3422722
     ],
     [
      -122.3513905,
      45.342245
     ],
     [
      -122.3513857,
      45.3422178
     ],
     [
      -122.3513809,
      45.3421906
     ],
     [
      -122.3513761,
      45.3421634
     ],
     [
      -122.3513713,
      45.3421362
     ],
     [
      -122.3513665,
      45.342109
     ],
     [
      -122.3513617,
      45.3420818
     ],
     [
      -122.3513569,
      45.3420546
     ],
     [
      -122.3513521,
      45.3420274
     ],
     [
      -122.3513473,
      45.3420001
     ],
     [
      -122.3513424,
      45.3419729
     ],
     [
      -122.3513376,
      45.3419457
     ],
     [
      -122.3513328,
      45.3419185
     ],
     [
      -122.351328,
      45.3418913
     ],
     [
      -122.3513232,
      45.3418641
     ],
     [
      -122.3513184,
      45.3418369
     ],
     [
      -122.3513136,
      45.3418097
     ],
     [
      -122.3513088,
      45.3417825
     ],
     [
      -122.351304,
      45.3417553
     ],
     [
      -122.3512992,
      45.3417281
     ],
     [
      -122.3512944,
      45.3417009
     ],
     [
      -122.3512896,
      45.3416737
     ],
     [
      -122.3512848,
      45.3416465
     ],
     [
      -122.3512799,
      45.3416192
     ],
     [
      -122.3512751,
      45.341592
     ],
     [
      -122.3512703,
      45.3415648
     ],
     [
      -122.3512655,
      45.3415376
     ],
     [
      -122.3512607,
      45.3415104
     ],
     [
      -122.3512559,
      45.3414832
     ],
     [
      -122.3512511,
      45.341456
     ],
     [
      -122.3512463,
      45.3414288
     ],
     [
      -122.3512415,
      45.3414016
     ],
     [
      -122.3512367,
      45.3413744
     ],
     [
      -122.3512319,
      45.3413472
     ],
     [
      -122.3512271,
      45.34132
     ],
     [
      -122.3512223,
      45.3412928
     ],
     [
      -122.3512174,
      45.3412655
     ],
     [
      -122.3512126,
      45.3412383
     ],
     [
      -122.3512078,
      45.3412111
     ],
     [
      -122.351203,
      45.3411839
     ],
     [
      -122.3511982,
      45.3411567
     ],
     [
      -122.3511934,
      45.3411295
     ],
     [
      -122.3511886,
      45.3411023
     ],
     [
      -122.3511838,
      45.3410751
     ],
     [
      -122.351179,
      45.3410479
     ],
     [
      -122.3511742,
      45.3410207
     ],
     [
      -122.3511694,
      45.3409935
     ],
     [
      -122.3511646,
      45.3409663
     ],
     [
      -122.3511598,
      45.3409391
     ],
     [
      -122.3511549,
      45.3409119
     ],
     [
      -122.3511501,
      45.3408846
     ],
     [
      -122.3511453,
      45.3408574
     ],
     [
      -122.3511405,
      45.3408302
     ],
     [
      -122.3511357,
      45.340803
     ],
     [
      -122.3511309,
      45.3407758
     ],
     [
      -122.3511261,
      45.3407486
     ],
     [
      -122.3511213,
      45.3407214
     ],
     [
      -122.3511165,
      45.3406942
     ],
     [
      -122.3511117,
      45.340667
     ],
     [
      -122.3511068,
      45.3406398
     ],
     [
      -122.351102,
      45.3406126
     ],
     [
      -122.3510972,
      45.3405854
     ],
     [
      -122.3510924,
      45.3405582
     ],
     [
      -122.3510876,
      45.340531
     ],
     [
      -122.3510828,
      45.3405037
     ],
     [
      -122.351078,
      45.3404765
     ],
     [
      -122.3510732,
      45.3404493
     ],
     [
      -122.3510683,
      45.3404221
     ],
     [
      -122.3510635,
      45.3403949
     ],
     [
      -122.3510587,
      45.3403677
     ],
     [
      -122.3510539,
      45.3403405
     ],
     [
      -122.3510491,
      45.3403133
     ],
     [
      -122.3510443,
      45.3402861
     ],
     [
      -122.3510395,
      45.3402589
     ],
     [
      -122.3510347,
      45.3402317
     ],
     [
      -122.3510298,
      45.3402045
     ],
     [
      -122.351025,
      45.3401773
     ],
     [
      -122.3510202,
      45.3401501
     ],
     [
      -122.3510154,
      45.3401229
     ],
     [
      -122.3510106,
      45.3400956
     ],
     [
      -122.3510058,
      45.3400684
     ],
     [
      -122.351001,
      45.3400412
     ],
     [
      -122.3509961,
      45.340014
     ],
     [
      -122.3509913,
      45.3399868
     ],
     [
      -122.3509865,
      45.3399596
     ],
     [
      -122.3509817,
      45.3399324
     ],
     [
      -122.3509769,
      45.3399052
     ],
     [
      -122.3509721,
      45.339878
     ],
     [
      -122.3509672,
      45.3398508
     ],
     [
      -122.3509624,
      45.3398236
     ],
     [
      -122.3509576,
      45.3397964
     ],
     [
      -122.3509528,
      45.3397692
     ],
     [
      -122.350948,
      45.339742
     ],
     [
      -122.3509432,
      45.3397148
     ],
     [
      -122.3509384,
      45.3396875
     ],
     [
      -122.3509335,
      45.3396603
     ],
     [
      -122.3509287,
      45.3396331
     ],
     [
      -122.3509239,
      45.3396059
     ],
     [
      -122.3509191,
      45.3395787
     ],
     [
      -122.3509143,
      45.3395515
     ],
     [
      -122.3509095,
      45.3395243
     ],
     [
      -122.3509046,
      45.3394971
     ],
     [
      -122.3508998,
      45.3394699
     ],
     [
      -122.350895,
      45.3394427
     ],
     [
      -122.3508902,
      45.3394155
     ],
     [
      -122.3508854,
      45.3393883
     ],
     [
      -122.3508806,
      45.3393611
     ],
     [
      -122.3508757,
      45.3393339
     ],
     [
      -122.3508709,
      45.3393067
     ],
     [
      -122.3508661,
      45.3392794
     ],
     [
      -122.3508613,
      45.3392522
     ],
     [
      -122.3508565,
      45.339225
     ],
     [
      -122.3508517,
      45.3391978
     ],
     [
      -122.3508468,
      45.3391706
     ],
     [
      -122.350842,
      45.3391434
     ],
     [
      -122.3508372,
      45.3391162
     ],
     [
      -122.3508324,
      45.339089
     ],
     [
      -122.3508276,
      45.3390618
     ],
     [
      -122.3508227,
      45.3390346
     ],
     [
      -122.3508179,
      45.3390074
     ],
     [
      -122.3508131,
      45.3389802
     ],
     [
      -122.3508083,
      45.338953
     ],
     [
      -122.3508035,
      45.3389258
     ],
     [
      -122.3507987,
      45.3388986
     ],
     [
      -122.3507938,
      45.3388714
     ],
     [
      -122.350789,
      45.3388441
     ],
     [
      -122.3507842,
      45.3388169
     ],
     [
      -122.3507794,
      45.3387897
     ],
     [
      -122.3507746,
      45.3387625
     ],
     [
      -122.3507697,
      45.3387353
     ],
     [
      -122.3507649,
      45.3387081
     ],
     [
      -122.3507601,
      45.3386809
     ],
     [
      -122.3507553,
      45.3386537
     ],
     [
      -122.3507504,
      45.3386265
     ],
     [
      -122.3507456,
      45.3385993
     ],
     [
      -122.3507408,
      45.3385721
     ],
     [
      -122.350736,
      45.3385449
     ],
     [
      -122.3507311,
      45.3385177
     ],
     [
      -122.3507263,
      45.3384905
     ],
     [
      -122.3507215,
      45.3384633
     ],
     [
      -122.3507167,
      45.3384361
     ],
     [
      -122.3507118,
      45.3384089
     ],
     [
      -122.350707,
      45.3383816
     ],
     [
      -122.3507022,
      45.3383544
     ],
     [
      -122.3506974,
      45.3383272
     ],
     [
      -122.3506926,
      45.3383
     ],
     [
      -122.3506877,
      45.3382728
     ],
     [
      -122.3506829,
      45.3382456
     ],
     [
      -122.3506781,
      45.3382184
     ],
     [
      -122.3506733,
      45.3381912
     ],
     [
      -122.3506684,
      45.338164
     ],
     [
      -122.3506636,
      45.3381368
     ],
     [
      -122.3506588,
      45.3381096
     ],
     [
      -122.3506539,
      45.3380824
     ],
     [
      -122.3506491,
      45.3380552
     ],
     [
      -122.3506443,
      45.338028
     ],
     [
      -122.3506395,
      45.3380008
     ],
     [
      -122.3506346,
      45.3379736
     ],
     [
      -122.3506298,
      45.3379464
     ],
     [
      -122.350625,
      45.3379192
     ],
     [
      -122.3506201,
      45.3378919
     ],
     [
      -122.3506153,
      45.3378647
     ],
     [
      -122.3506105,
      45.3378375
     ],
     [
      -122.3506057,
      45.3378103
     ],
     [
      -122.3506008,
      45.3377831
     ],
     [
      -122.350596,
      45.3377559
     ],
     [
      -122.3505912,
      45.3377287
     ],
     [
      -122.3505863,
      45.3377015
     ],
     [
      -122.3505815,
      45.3376743
     ],
     [
      -122.3505767,
      45.3376471
     ],
     [
      -122.3505718,
      45.3376199
     ],
     [
      -122.350567,
      45.3375927
     ],
     [
      -122.3505622,
      45.3375655
     ],
     [
      -122.3505574,
      45.3375383
     ],
     [
      -122.3505525,
      45.3375111
     ],
     [
      -122.3505477,
      45.3374839
     ],
     [
      -122.3505429,
      45.3374567
     ],
     [
      -122.350538,
      45.3374295
     ],
     [
      -122.3505332,
      45.3374022
     ],
     [
      -122.3505284,
      45.337375
     ],
     [
      -122.3505235,
      45.3373478
     ],
     [
      -122.3505187,
      45.3373206
     ],
     [
      -122.3505139,
      45.3372934
     ],
     [
      -122.350509,
      45.3372662
     ],
     [
      -122.3505042,
      45.337239
     ],
     [
      -122.3504994,
      45.3372118
     ],
     [
      -122.3504945,
      45.3371846
     ],
     [
      -122.3504897,
      45.3371574
     ],
     [
      -122.3504849,
      45.3371302
     ],
     [
      -122.35048,
      45.337103
     ],
     [
      -122.3504752,
      45.3370758
     ],
     [
      -122.3504704,
      45.3370486
     ],
     [
      -122.3504655,
      45.3370214
     ],
     [
      -122.3504607,
      45.3369942
     ],
     [
      -122.3504559,
      45.336967
     ],
     [
      -122.350451,
      45.3369398
     ],
     [
      -122.3504462,
      45.3369126
     ],
     [
      -122.3504414,
      45.3368854
     ],
     [
      -122.3504365,
      45.3368581
     ],
     [
      -122.3504317,
      45.3368309
     ],
     [
      -122.3504269,
      45.3368037
     ],
     [
      -122.350422,
      45.3367765
     ],
     [
      -122.3504172,
      45.3367493
     ],
     [
      -122.3504124,
      45.3367221
     ],
     [
      -122.3504075,
      45.3366949
     ],
     [
      -122.3504027,
      45.3366677
     ],
     [
      -122.3503979,
      45.3366405
     ],
     [
      -122.350393,
      45.3366133
     ],
     [
      -122.3503882,
      45.3365861
     ],
     [
      -122.3503834,
      45.3365589
     ],
     [
      -122.3503785,
      45.3365317
     ],
     [
      -122.3503737,
      45.3365045
     ],
     [
      -122.3503689,
      45.3364773
     ],
     [
      -122.350364,
      45.3364501
     ],
     [
      -122.3503592,
      45.3364229
     ],
     [
      -122.3503543,
      45.3363957
     ],
     [
      -122.3503495,
      45.3363685
     ],
     [
      -122.3503447,
      45.3363413
     ],
     [
      -122.3503398,
      45.3363141
     ],
     [
      -122.350335,
      45.3362868
     ],
     [
      -122.3503302,
      45.3362596
     ],
     [
      -122.3503253,
      45.3362324
     ],
     [
      -122.3503205,
      45.3362052
     ],
     [
      -122.3503157,
      45.336178
     ],
     [
      -122.3503108,
      45.3361508
     ],
     [
      -122.350306,
      45.3361236
     ],
     [
      -122.3503012,
      45.3360964
     ],
     [
      -122.3502963,
      45.3360692
     ],
     [
      -122.3502915,
      45.336042
     ],
     [
      -122.3502866,
      45.3360148
     ],
     [
      -122.3502818,
      45.3359876
     ],
     [
      -122.350277,
      45.3359604
     ],
     [
      -122.3502721,
      45.3359332
     ],
     [
      -122.3502673,
      45.335906
     ],
     [
      -122.3502625,
      45.3358788
     ],
     [
      -122.3502576,
      45.3358516
     ],
     [
      -122.3502528,
      45.3358244
     ],
     [
      -122.3502479,
      45.3357972
     ],
     [
      -122.3502431,
      45.33577
     ],
     [
      -122.3502383,
      45.3357428
     ],
     [
      -122.3502334,
      45.3357155
     ],
     [
      -122.3502286,
      45.3356883
     ],
     [
      -122.3502238,
      45.3356611
     ],
     [
      -122.3502189,
      45.3356339
     ],
     [
      -122.3502141,
      45.3356067
     ],
     [
      -122.3502092,
      45.3355795
     ],
     [
      -122.3502044,
      45.3355523
     ],
     [
      -122.3501996,
      45.3355251
     ],
     [
      -122.3501947,
      45.3354979
     ],
     [
      -122.3501899,
      45.3354707
     ],
     [
      -122.3501851,
      45.3354435
     ],
     [
      -122.3501802,
      45.3354163
     ],
     [
      -122.3501754,
      45.3353891
     ],
     [
      -122.3501705,
      45.3353619
     ],
     [
      -122.3501657,
      45.3353347
     ],
     [
      -122.3501609,
      45.3353075
     ],
     [
      -122.350156,
      45.3352803
     ],
     [
      -122.3501512,
      45.3352531
     ],
     [
      -122.3501464,
      45.3352259
     ],
     [
      -122.3501415,
      45.3351987
     ],
     [
      -122.3501367,
      45.3351715
     ],
     [
      -122.3501318,
      45.3351442
     ],
     [
      -122.350127,
      45.335117
     ],
     [
      -122.3501222,
      45.3350898
     ],
     [
      -122.3501173,
      45.3350626
     ],
     [
      -122.3501125,
      45.3350354
     ],
     [
      -122.3501077,
      45.3350082
     ],
     [
      -122.3501028,
      45.334981
     ],
     [
      -122.350098,
      45.3349538
     ],
     [
      -122.3500931,
      45.3349266
     ],
     [
      -122.3500883,
      45.3348994
     ],
     [
      -122.3500835,
      45.3348722
     ],
     [
      -122.3500786,
      45.334845
     ],
     [
      -122.3500738,
      45.3348178
     ],
     [
      -122.350069,
      45.3347906
     ],
     [
      -122.3500641,
      45.3347634
     ],
     [
      -122.3500593,
      45.3347362
     ],
     [
      -122.3500545,
      45.334709
     ],
     [
      -122.3500496,
      45.3346818
     ],
     [
      -122.3500448,
      45.3346546
     ],
     [
      -122.3500399,
      45.3346274
     ],
     [
      -122.3500351,
      45.3346002
     ],
     [
      -122.3500303,
      45.3345729
     ],
     [
      -122.3500254,
      45.3345457
     ],
     [
      -122.3500206,
      45.3345185
     ],
     [
      -122.3500158,
      45.3344913
     ],
     [
      -122.3500109,
      45.3344641
     ],
     [
      -122.3500061,
      45.3344369
     ],
     [
      -122.3500012,
      45.3344097
     ],
     [
      -122.3499964,
      45.3343825
     ],
     [
      -122.3499916,
      45.3343553
     ],
     [
      -122.3499867,
      45.3343281
     ],
     [
      -122.3499819,
      45.3343009
     ],
     [
      -122.3499771,
      45.3342737
     ],
     [
      -122.3499722,
      45.3342465
     ],
     [
      -122.3499674,
      45.3342193
     ],
     [
      -122.3499625,
      45.3341921
     ],
     [
      -122.3499577,
      45.3341649
     ],
     [
      -122.3499529,
      45.3341377
     ],
     [
      -122.349948,
      45.3341105
     ],
     [
      -122.3499432,
      45.3340833
     ],
     [
      -122.3499383,
      45.3340561
     ],
     [
      -122.3499335,
      45.3340289
     ],
     [
      -122.3499286,
      45.3340017
     ],
     [
      -122.3499237,
      45.3339745
     ],
     [
      -122.3499189,
      45.3339473
     ],
     [
      -122.349914,
      45.3339201
     ],
     [
      -122.3499091,
      45.3338929
     ],
     [
      -122.3499042,
      45.3338657
     ],
     [
      -122.3498993,
      45.3338385
     ],
     [
      -122.3498944,
      45.3338113
     ],
     [
      -122.3498895,
      45.3337841
     ],
     [
      -122.3498846,
      45.3337569
     ],
     [
      -122.3498797,
      45.3337297
     ],
     [
      -122.3498749,
      45.3337025
     ],
     [
      -122.34987,
      45.3336753
     ],
     [
      -122.3498651,
      45.3336481
     ],
     [
      -122.3498602,
      45.3336209
     ],
     [
      -122.3498553,
      45.3335937
     ],
     [
      -122.3498504,
      45.3335665
     ],
     [
      -122.3498455,
      45.3335393
     ],
     [
      -122.3498406,
      45.3335121
     ],
     [
      -122.3498357,
      45.3334849
     ],
     [
      -122.3498309,
      45.3334577
     ],
     [
      -122.349826,
      45.3334305
     ],
     [
      -122.3498211,
      45.3334033
     ],
     [
      -122.3498162,
      45.3333761
     ],
     [
      -122.3498113,
      45.3333489
     ],
     [
      -122.3498064,
      45.3333217
     ],
     [
      -122.3498015,
      45.3332945
     ],
     [
      -122.3497966,
      45.3332673
     ],
     [
      -122.3497917,
      45.3332401
     ],
     [
      -122.3497868,
      45.3332129
     ],
     [
      -122.349782,
      45.3331857
     ],
     [
      -122.3497771,
      45.3331585
     ],
     [
      -122.3497722,
      45.3331313
     ],
     [
      -122.3497673,
      45.3331041
     ],
     [
      -122.3497624,
      45.3330769
     ],
     [
      -122.3497575,
      45.3330497
     ],
     [
      -122.3497526,
      45.3330225
     ],
     [
      -122.3497477,
      45.3329953
     ],
     [
      -122.3497429,
      45.3329681
     ],
     [
      -122.349738,
      45.3329409
     ],
     [
      -122.3497331,
      45.3329137
     ],
     [
      -122.3497282,
      45.3328865
     ],
     [
      -122.3497233,
      45.3328593
     ],
     [
      -122.3497184,
      45.3328321
     ],
     [
      -122.3497135,
      45.3328048
     ],
     [
      -122.3497086,
      45.3327776
     ],
     [
      -122.3497037,
      45.3327504
     ],
     [
      -122.3496989,
      45.3327232
     ],
     [
      -122.349694,
      45.332696
     ],
     [
      -122.3496891,
      45.3326688
     ],
     [
      -122.3496843,
      45.3326416
     ],
     [
      -122.3496794,
      45.3326144
     ],
     [
      -122.3496745,
      45.3325872
     ],
     [
      -122.3496697,
      45.33256
     ],
     [
      -122.3496648,
      45.3325328
     ],
     [
      -122.34966,
      45.3325056
     ],
     [
      -122.3496551,
      45.3324784
     ],
     [
      -122.3496503,
      45.3324512
     ],
     [
      -122.3496454,
      45.332424
     ],
     [
      -122.3496406,
      45.3323968
     ],
     [
      -122.3496358,
      45.3323696
     ],
     [
      -122.3496309,
      45.3323424
     ],
     [
      -122.3496261,
      45.3323152
     ],
     [
      -122.3496212,
      45.332288
     ],
     [
      -122.3496164,
      45.3322608
     ],
     [
      -122.3496115,
      45.3322336
     ],
     [
      -122.3496067,
      45.3322064
     ],
     [
      -122.3496018,
      45.3321792
     ],
     [
      -122.349597,
      45.332152
     ],
     [
      -122.3495921,
      45.3321248
     ],
     [
      -122.3495873,
      45.3320976
     ],
     [
      -122.3495824,
      45.3320704
     ],
     [
      -122.3495776,
      45.3320432
     ],
     [
      -122.3495727,
      45.332016
     ],
     [
      -122.3495679,
      45.3319888
     ],
     [
      -122.349563,
      45.3319616
     ],
     [
      -122.3495582,
      45.3319343
     ],
     [
      -122.3495533,
      45.3319071
     ],
     [
      -122.3495485,
      45.3318799
     ],
     [
      -122.3495437,
      45.3318527
     ],
     [
      -122.3495388,
      45.3318255
     ],
     [
      -122.349534,
      45.3317983
     ],
     [
      -122.3495291,
      45.3317711
     ],
     [
      -122.3495243,
      45.3317439
     ],
     [
      -122.3495194,
      45.3317167
     ],
     [
      -122.3495146,
      45.3316895
     ],
     [
      -122.3495097,
      45.3316623
     ],
     [
      -122.3495049,
      45.3316351
     ],
     [
      -122.3495,
      45.3316079
     ],
     [
      -122.3494952,
      45.3315807
     ],
     [
      -122.3494903,
      45.3315535
     ],
     [
      -122.3494855,
      45.3315263
     ],
     [
      -122.3494806,
      45.3314991
     ],
     [
      -122.3494758,
      45.3314719
     ],
     [
      -122.3494709,
      45.3314447
     ],
     [
      -122.3494661,
      45.3314175
     ],
     [
      -122.3494612,
      45.3313903
     ],
     [
      -122.3494564,
      45.3313631
     ],
     [
      -122.3494515,
      45.3313359
     ],
     [
      -122.3494467,
      45.3313087
     ],
     [
      -122.3494418,
      45.3312815
     ],
     [
      -122.3494369,
      45.3312543
     ],
     [
      -122.349432,
      45.3312271
     ],
     [
      -122.3494272,
      45.3311999
     ],
     [
      -122.3494223,
      45.3311727
     ],
     [
      -122.3494174,
      45.3311455
     ],
     [
      -122.3494125,
      45.3311183
     ],
     [
      -122.3494076,
      45.3310911
     ],
     [
      -122.3494027,
      45.3310639
     ],
     [
      -122.3493978,
      45.3310367
     ],
     [
      -122.349393,
      45.3310095
     ],
     [
      -122.3493881,
      45.3309823
     ],
     [
      -122.3493832,
      45.3309551
     ],
     [
      -122.3493783,
      45.3309279
     ],
     [
      -122.3493734,
      45.3309007
     ],
     [
      -122.3493685,
      45.3308735
     ],
     [
      -122.3493636,
      45.3308463
     ],
     [
      -122.3493587,
      45.3308191
     ],
     [
      -122.3493539,
      45.3307919
     ],
     [
      -122.349349,
      45.3307647
     ],
     [
      -122.3493441,
      45.3307375
     ],
     [
      -122.3493392,
      45.3307103
     ],
     [
      -122.3493343,
      45.3306831
     ],
     [
      -122.3493294,
      45.3306559
     ],
     [
      -122.3493245,
      45.3306287
     ],
     [
      -122.3493196,
      45.3306015
     ],
     [
      -122.3493148,
      45.3305743
     ],
     [
      -122.3493099,
      45.3305471
     ],
     [
      -122.349305,
      45.3305199
     ],
     [
      -122.3493001,
      45.3304926
     ],
     [
      -122.3492952,
      45.3304654
     ],
     [
      -122.3492903,
      45.3304382
     ],
     [
      -122.3492854,
      45.330411
     ],
     [
      -122.3492806,
      45.3303838
     ],
     [
      -122.3492757,
      45.3303566
     ],
     [
      -122.3492708,
      45.3303294
     ],
     [
      -122.3492659,
      45.3303022
     ],
     [
      -122.349261,
      45.330275
     ],
     [
      -122.3492561,
      45.3302478
     ],
     [
      -122.3492512,
      45.3302206
     ],
     [
      -122.3492463,
      45.3301934
     ],
     [
      -122.3492415,
      45.3301662
     ],
     [
      -122.3492366,
      45.330139
     ],
     [
      -122.3492317,
      45.3301118
     ],
     [
      -122.3492268,
      45.3300846
     ],
     [
      -122.3492219,
      45.3300574
     ],
     [
      -122.349217,
      45.3300302
     ],
     [
      -122.3492122,
      45.330003
     ],
     [
      -122.3492073,
      45.3299758
     ],
     [
      -122.3492024,
      45.3299486
     ],
     [
      -122.3491976,
      45.3299214
     ],
     [
      -122.3491927,
      45.3298942
     ],
     [
      -122.3491879,
      45.329867
     ],
     [
      -122.349183,
      45.3298398
     ],
     [
      -122.3491782,
      45.3298126
     ],
     [
      -122.3491733,
      45.3297854
     ],
     [
      -122.3491685,
      45.3297582
     ],
     [
      -122.3491636,
      45.329731
     ],
     [
      -122.3491588,
      45.3297038
     ],
     [
      -122.349154,
      45.3296766
     ],
     [
      -122.3491491,
      45.3296494
     ],
     [
      -122.3491443,
      45.3296222
     ],
     [
      -122.3491395,
      45.329595
     ],
     [
      -122.3491346,
      45.3295678
     ],
     [
      -122.3491298,
      45.3295406
     ],
     [
      -122.3491249,
      45.3295134
     ],
     [
      -122.3491201,
      45.3294862
     ],
     [
      -122.3491153,
      45.329459
     ],
     [
      -122.3491104,
      45.3294318
     ],
     [
      -122.3491056,
      45.3294046
     ],
     [
      -122.3491007,
      45.3293773
     ],
     [
      -122.3490959,
      45.3293501
     ],
     [
      -122.3490911,
      45.3293229
     ],
     [
      -122.3490862,
      45.3292957
     ],
     [
      -122.3490814,
      45.3292685
     ],
     [
      -122.3490765,
      45.3292413
     ],
     [
      -122.3490717,
      45.3292141
     ],
     [
      -122.3490668,
      45.3291869
     ],
     [
      -122.349062,
      45.3291597
     ],
     [
      -122.3490572,
      45.3291325
     ],
     [
      -122.3490523,
      45.3291053
     ],
     [
      -122.3490475,
      45.3290781
     ],
     [
      -122.3490426,
      45.3290509
     ],
     [
      -122.3490378,
      45.3290237
     ],
     [
      -122.3490329,
      45.3289965
     ],
     [
      -122.3490281,
      45.3289693
     ],
     [
      -122.3490232,
      45.3289421
     ],
     [
      -122.3490184,
      45.3289149
     ],
     [
      -122.3490136,
      45.3288877
     ],
     [
      -122.3490087,
      45.3288605
     ],
     [
      -122.3490039,
      45.3288333
     ],
     [
      -122.348999,
      45.3288061
     ],
     [
      -122.3489942,
      45.3287789
     ],
     [
      -122.3489893,
      45.3287517
     ],
     [
      -122.3489845,
      45.3287245
     ],
     [
      -122.3489796,
      45.3286972
     ],
     [
      -122.3489748,
      45.32867
     ],
     [
      -122.34897,
      45.3286428
     ],
     [
      -122.3489651,
      45.3286156
     ],
     [
      -122.3489603,
      45.3285884
     ],
     [
      -122.3489554,
      45.3285612
     ],
     [
      -122.3489506,
      45.328534
     ],
     [
      -122.3489457,
      45.3285068
     ],
     [
      -122.3489409,
      45.3284796
     ],
     [
      -122.348936,
      45.3284524
     ],
     [
      -122.3489312,
      45.3284252
     ],
     [
      -122.3489263,
      45.328398
     ],
     [
      -122.3489215,
      45.3283708
     ],
     [
      -122.3489167,
      45.3283436
     ],
     [
      -122.3489118,
      45.3283164
     ],
     [
      -122.348907,
      45.3282892
     ],
     [
      -122.3489021,
      45.328262
     ],
     [
      -122.3488973,
      45.3282348
     ],
     [
      -122.3488924,
      45.3282076
     ],
     [
      -122.3488876,
      45.3281804
     ],
     [
      -122.3488827,
      45.3281532
     ],
     [
      -122.3488779,
      45.328126
     ],
     [
      -122.348873,
      45.3280988
     ],
     [
      -122.3488682,
      45.3280716
     ],
     [
      -122.3488634,
      45.3280444
     ],
     [
      -122.3488585,
      45.3280171
     ],
     [
      -122.3488537,
      45.3279899
     ],
     [
      -122.3488488,
      45.3279627
     ],
     [
      -122.348844,
      45.3279355
     ],
     [
      -122.3488391,
      45.3279083
     ],
     [
      -122.3488343,
      45.3278811
     ],
     [
      -122.3488295,
      45.3278539
     ],
     [
      -122.3488246,
      45.3278267
     ],
     [
      -122.3488198,
      45.3277995
     ],
     [
      -122.3488149,
      45.3277723
     ],
     [
      -122.3488101,
      45.3277451
     ],
     [
      -122.3488053,
      45.3277179
     ],
     [
      -122.3488004,
      45.3276907
     ],
     [
      -122.3487956,
      45.3276635
     ],
     [
      -122.3487907,
      45.3276363
     ],
     [
      -122.3487859,
      45.3276091
     ],
     [
      -122.3487811,
      45.3275819
     ],
     [
      -122.3487762,
      45.3275547
     ],
     [
      -122.3487714,
      45.3275275
     ],
     [
      -122.3487665,
      45.3275003
     ],
     [
      -122.3487617,
      45.3274731
     ],
     [
      -122.3487569,
      45.3274459
     ],
     [
      -122.348752,
      45.3274187
     ],
     [
      -122.3487472,
      45.3273914
     ],
     [
      -122.3487423,
      45.3273642
     ],
     [
      -122.3487375,
      45.327337
     ],
     [
      -122.3487327,
      45.3273098
     ],
     [
      -122.3487278,
      45.3272826
     ],
     [
      -122.348723,
      45.3272554
     ],
     [
      -122.3487181,
      45.3272282
     ],
     [
      -122.3487133,
      45.327201
     ],
     [
      -122.3487085,
      45.3271738
     ],
     [
      -122.3487036,
      45.3271466
     ],
     [
      -122.3486988,
      45.3271194
     ],
     [
      -122.348694,
      45.3270922
     ],
     [
      -122.3486891,
      45.327065
     ],
     [
      -122.3486843,
      45.3270378
     ],
     [
      -122.3486795,
      45.3270106
     ],
     [
      -122.3486746,
      45.3269834
     ],
     [
      -122.3486698,
      45.3269562
     ],
     [
      -122.348665,
      45.326929
     ],
     [
      -122.3486601,
      45.3269018
     ],
     [
      -122.3486553,
      45.3268746
     ],
     [
      -122.3486505,
      45.3268473
     ],
     [
      -122.3486456,
      45.3268201
     ],
     [
      -122.3486408,
      45.3267929
     ],
     [
      -122.348636,
      45.3267657
     ],
     [
      -122.3486311,
      45.3267385
     ],
     [
      -122.3486263,
      45.3267113
     ],
     [
      -122.3486215,
      45.3266841
     ],
     [
      -122.3486166,
      45.3266569
     ],
     [
      -122.3486118,
      45.3266297
     ],
     [
      -122.348607,
      45.3266025
     ],
     [
      -122.3486021,
      45.3265753
     ],
     [
      -122.3485973,
      45.3265481
     ],
     [
      -122.3485925,
      45.3265209
     ],
     [
      -122.3485877,
      45.3264937
     ],
     [
      -122.3485828,
      45.3264665
     ],
     [
      -122.348578,
      45.3264393
     ],
     [
      -122.3485732,
      45.3264121
     ],
     [
      -122.3485684,
      45.3263849
     ],
     [
      -122.3485635,
      45.3263577
     ],
     [
      -122.3485587,
      45.3263304
     ],
     [
      -122.3485539,
      45.3263032
     ],
     [
      -122.3485491,
      45.326276
     ],
     [
      -122.3485443,
      45.3262488
     ],
     [
      -122.3485394,
      45.3262216
     ],
     [
      -122.3485346,
      45.3261944
     ],
     [
      -122.3485298,
      45.3261672
     ],
     [
      -122.348525,
      45.32614
     ],
     [
      -122.3485202,
      45.3261128
     ],
     [
      -122.3485153,
      45.3260856
     ],
     [
      -122.3485105,
      45.3260584
     ],
     [
      -122.3485057,
      45.3260312
     ],
     [
      -122.3485009,
      45.326004
     ],
     [
      -122.348496,
      45.3259768
     ],
     [
      -122.3484912,
      45.3259496
     ],
     [
      -122.3484864,
      45.3259224
     ],
     [
      -122.3484816,
      45.3258951
     ],
     [
      -122.3484768,
      45.3258679
     ],
     [
      -122.348472,
      45.3258407
     ],
     [
      -122.3484672,
      45.3258135
     ],
     [
      -122.3484623,
      45.3257863
     ],
     [
      -122.3484575,
      45.3257591
     ],
     [
      -122.3484527,
      45.3257319
     ],
     [
      -122.3484479,
      45.3257047
     ],
     [
      -122.3484431,
      45.3256775
     ],
     [
      -122.3484383,
      45.3256503
     ],
     [
      -122.3484335,
      45.3256231
     ],
     [
      -122.3484287,
      45.3255959
     ],
     [
      -122.3484239,
      45.3255687
     ],
     [
      -122.3484191,
      45.3255415
     ],
     [
      -122.3484143,
      45.3255142
     ],
     [
      -122.3484095,
      45.325487
     ],
     [
      -122.3484047,
      45.3254598
     ],
     [
      -122.3483999,
      45.3254326
     ],
     [
      -122.3483951,
      45.3254054
     ],
     [
      -122.3483902,
      45.3253782
     ],
     [
      -122.3483854,
      45.325351
     ],
     [
      -122.3483806,
      45.3253238
     ],
     [
      -122.3483758,
      45.3252966
     ],
     [
      -122.348371,
      45.3252694
     ],
     [
      -122.3483662,
      45.3252422
     ],
     [
      -122.3483614,
      45.325215
     ],
     [
      -122.3483566,
      45.3251878
     ],
     [
      -122.3483518,
      45.3251605
     ],
     [
      -122.348347,
      45.3251333
     ],
     [
      -122.3483422,
      45.3251061
     ],
     [
      -122.3483374,
      45.3250789
     ],
     [
      -122.3483326,
      45.3250517
     ],
     [
      -122.3483278,
      45.3250245
     ],
     [
      -122.348323,
      45.3249973
     ],
     [
      -122.3483182,
      45.3249701
     ],
     [
      -122.3483134,
      45.3249429
     ],
     [
      -122.3483086,
      45.3249157
     ],
     [
      -122.3483038,
      45.3248885
     ],
     [
      -122.348299,
      45.3248613
     ],
     [
      -122.3482942,
      45.3248341
     ],
     [
      -122.3482894,
      45.3248068
     ],
     [
      -122.3482846,
      45.3247796
     ],
     [
      -122.3482798,
      45.3247524
     ],
     [
      -122.348275,
      45.3247252
     ],
     [
      -122.3482702,
      45.324698
     ],
     [
      -122.3482654,
      45.3246708
     ],
     [
      -122.3482606,
      45.3246436
     ],
     [
      -122.3482558,
      45.3246164
     ],
     [
      -122.348251,
      45.3245892
     ],
     [
      -122.3482462,
      45.324562
     ],
     [
      -122.3482414,
      45.3245348
     ],
     [
      -122.3482366,
      45.3245076
     ],
     [
      -122.3482318,
      45.3244803
     ],
     [
      -122.348227,
      45.3244531
     ],
     [
      -122.3482222,
      45.3244259
     ],
     [
      -122.3482174,
      45.3243987
     ],
     [
      -122.3482126,
      45.3243715
     ],
     [
      -122.3482078,
      45.3243443
     ],
     [
      -122.348203,
      45.3243171
     ],
     [
      -122.3481982,
      45.3242899
     ],
     [
      -122.3481934,
      45.3242627
     ],
     [
      -122.3481886,
      45.3242355
     ],
     [
      -122.3481838,
      45.3242083
     ],
     [
      -122.348179,
      45.3241811
     ],
     [
      -122.3481742,
      45.3241539
     ],
     [
      -122.3481694,
      45.3241266
     ],
     [
      -122.3481646,
      45.3240994
     ],
     [
      -122.3481598,
      45.3240722
     ],
     [
      -122.348155,
      45.324045
     ],
     [
      -122.3481502,
      45.3240178
     ],
     [
      -122.3481454,
      45.3239906
     ],
     [
      -122.3481406,
      45.3239634
     ],
     [
      -122.3481358,
      45.3239362
     ],
     [
      -122.348131,
      45.323909
     ],
     [
      -122.3481262,
      45.3238818
     ],
     [
      -122.3481214,
      45.3238546
     ],
     [
      -122.3481166,
      45.3238274
     ],
     [
      -122.3481118,
      45.3238002
     ],
     [
      -122.348107,
      45.3237729
     ],
     [
      -122.3481022,
      45.3237457
     ],
     [
      -122.3480974,
      45.3237185
     ],
     [
      -122.3480926,
      45.3236913
     ],
     [
      -122.3480878,
      45.3236641
     ],
     [
      -122.348083,
      45.3236369
     ],
     [
      -122.3480782,
      45.3236097
     ],
     [
      -122.3480734,
      45.3235825
     ],
     [
      -122.3480686,
      45.3235553
     ],
     [
      -122.3480638,
      45.3235281
     ],
     [
      -122.348059,
      45.3235009
     ],
     [
      -122.3480542,
      45.3234737
     ],
     [
      -122.3480494,
      45.3234464
     ],
     [
      -122.3480446,
      45.3234192
     ],
     [
      -122.3480398,
      45.323392
     ],
     [
      -122.348035,
      45.3233648
     ],
     [
      -122.3480302,
      45.3233376
     ],
     [
      -122.3480254,
      45.3233104
     ],
     [
      -122.3480206,
      45.3232832
     ],
     [
      -122.3480158,
      45.323256
     ],
     [
      -122.348011,
      45.3232288
     ],
     [
      -122.3480062,
      45.3232016
     ],
     [
      -122.3480014,
      45.3231744
     ],
     [
      -122.3479966,
      45.3231472
     ],
     [
      -122.3479918,
      45.32312
     ],
     [
      -122.347987,
      45.3230927
     ],
     [
      -122.3479822,
      45.3230655
     ],
     [
      -122.3479774,
      45.3230383
     ],
     [
      -122.3479726,
      45.3230111
     ],
     [
      -122.3479678,
      45.3229839
     ],
     [
      -122.347963,
      45.3229567
     ],
     [
      -122.3479582,
      45.3229295
     ],
     [
      -122.3479535,
      45.3229023
     ],
     [
      -122.3479487,
      45.3228751
     ],
     [
      -122.3479439,
      45.3228479
     ],
     [
      -122.3479391,
      45.3228207
     ],
     [
      -122.3479343,
      45.3227935
     ],
     [
      -122.3479295,
      45.3227662
     ],
     [
      -122.3479247,
      45.322739
     ],
     [
      -122.3479199,
      45.3227118
     ],
     [
      -122.3479151,
      45.3226846
     ],
     [
      -122.3479103,
      45.3226574
     ],
     [
      -122.3479055,
      45.3226302
     ],
     [
      -122.3479007,
      45.322603
     ],
     [
      -122.3478959,
      45.3225758
     ],
     [
      -122.3478911,
      45.3225486
     ],
     [
      -122.3478863,
      45.3225214
     ],
     [
      -122.3478815,
      45.3224942
     ],
     [
      -122.3478767,
      45.322467
     ],
     [
      -122.3478719,
      45.3224397
     ],
     [
      -122.3478672,
      45.3224125
     ],
     [
      -122.3478624,
      45.3223853
     ],
     [
      -122.3478576,
      45.3223581
     ],
     [
      -122.3478528,
      45.3223309
     ],
     [
      -122.347848,
      45.3223037
     ],
     [
      -122.3478432,
      45.3222765
     ],
     [
      -122.3478384,
      45.3222493
     ],
     [
      -122.3478336,
      45.3222221
     ],
     [
      -122.3478288,
      45.3221949
     ],
     [
      -122.347824,
      45.3221677
     ],
     [
      -122.3478192,
      45.3221405
     ],
     [
      -122.3478144,
      45.3221132
     ],
     [
      -122.3478096,
      45.322086
     ],
     [
      -122.3478048,
      45.3220588
     ],
     [
      -122.3478,
      45.3220316
     ],
     [
      -122.3477952,
      45.3220044
     ],
     [
      -122.3477904,
      45.3219772
     ],
     [
      -122.3477857,
      45.32195
     ],
     [
      -122.3477809,
      45.3219228
     ],
     [
      -122.3477761,
      45.3218956
     ],
     [
      -122.3477713,
      45.3218684
     ],
     [
      -122.3477665,
      45.3218412
     ],
     [
      -122.3477617,
      45.3218139
     ],
     [
      -122.3477569,
      45.3217867
     ],
     [
      -122.3477521,
      45.3217595
     ],
     [
      -122.3477473,
      45.3217323
     ],
     [
      -122.3477425,
      45.3217051
     ],
     [
      -122.3477377,
      45.3216779
     ],
     [
      -122.3477329,
      45.3216507
     ],
     [
      -122.3477281,
      45.3216235
     ],
     [
      -122.3477233,
      45.3215963
     ],
     [
      -122.3477185,
      45.3215691
     ],
     [
      -122.3477137,
      45.3215419
     ],
     [
      -122.3477089,
      45.3215147
     ],
     [
      -122.3477041,
      45.3214874
     ],
     [
      -122.3476993,
      45.3214602
     ],
     [
      -122.3476945,
      45.321433
     ],
     [
      -122.3476897,
      45.3214058
     ],
     [
      -122.347685,
      45.3213786
     ],
     [
      -122.3476802,
      45.3213514
     ],
     [
      -122.3476754,
      45.3213242
     ],
     [
      -122.3476706,
      45.321297
     ],
     [
      -122.3476658,
      45.3212698
     ],
     [
      -122.347661,
      45.3212426
     ],
     [
      -122.3476562,
      45.3212154
     ],
     [
      -122.3476514,
      45.3211882
     ],
     [
      -122.3476466,
      45.3211609
     ],
     [
      -122.3476418,
      45.3211337
     ],
     [
      -122.347637,
      45.3211065
     ],
     [
      -122.3476322,
      45.3210793
     ],
     [
      -122.3476274,
      45.3210521
     ],
     [
      -122.3476226,
      45.3210249
     ],
     [
      -122.3476178,
      45.3209977
     ],
     [
      -122.347613,
      45.3209705
     ],
     [
      -122.3476082,
      45.3209433
     ],
     [
      -122.3476034,
      45.3209161
     ],
     [
      -122.3475986,
      45.3208889
     ],
     [
      -122.3475938,
      45.3208617
     ],
     [
      -122.347589,
      45.3208344
     ],
     [
      -122.3475842,
      45.3208072
     ],
     [
      -122.3475795,
      45.32078
     ],
     [
      -122.3475747,
      45.3207528
     ],
     [
      -122.3475699,
      45.3207256
     ],
     [
      -122.3475651,
      45.3206984
     ],
     [
      -122.3475603,
      45.3206712
     ],
     [
      -122.3475555,
      45.320644
     ],
     [
      -122.3475507,
      45.3206168
     ],
     [
      -122.3475459,
      45.3205896
     ],
     [
      -122.3475411,
      45.3205624
     ],
     [
      -122.3475363,
      45.3205352
     ],
     [
      -122.3475315,
      45.3205079
     ],
     [
      -122.3475267,
      45.3204807
     ],
     [
      -122.3475219,
      45.3204535
     ],
     [
      -122.3475171,
      45.3204263
     ],
     [
      -122.3475123,
      45.3203991
     ],
     [
      -122.3475075,
      45.3203719
     ],
     [
      -122.3475027,
      45.3203447
     ],
     [
      -122.3474979,
      45.3203175
     ],
     [
      -122.3474931,
      45.3202903
     ],
     [
      -122.3474883,
      45.3202631
     ],
     [
      -122.3474835,
      45.3202359
     ],
     [
      -122.3474787,
      45.3202087
     ],
     [
      -122.3474739,
      45.3201814
     ],
     [
      -122.3474691,
      45.3201542
     ],
     [
      -122.3474643,
      45.320127
     ],
     [
      -122.3474595,
      45.3200998
     ],
     [
      -122.3474548,
      45.3200726
     ],
     [
      -122.34745,
      45.3200454
     ],
     [
      -122.3474452,
      45.3200182
     ],
     [
      -122.3474404,
      45.319991
     ],
     [
      -122.3474356,
      45.3199638
     ],
     [
      -122.3474308,
      45.3199366
     ],
     [
      -122.347426,
      45.3199094
     ],
     [
      -122.3474212,
      45.3198822
     ],
     [
      -122.3474164,
      45.319855
     ],
     [
      -122.3474116,
      45.3198277
     ],
     [
      -122.3474068,
      45.3198005
     ],
     [
      -122.347402,
      45.3197733
     ],
     [
      -122.3473972,
      45.3197461
     ],
     [
      -122.3473924,
      45.3197189
     ],
     [
      -122.3473876,
      45.3196917
     ],
     [
      -122.3473828,
      45.3196645
     ],
     [
      -122.347378,
      45.3196373
     ],
     [
      -122.3473732,
      45.3196101
     ],
     [
      -122.3473684,
      45.3195829
     ],
     [
      -122.3473636,
      45.3195557
     ],
     [
      -122.3473588,
      45.3195285
     ],
     [
      -122.347354,
      45.3195012
     ],
     [
      -122.3473492,
      45.319474
     ],
     [
      -122.3473444,
      45.3194468
     ],
     [
      -122.3473396,
      45.3194196
     ],
     [
      -122.3473348,
      45.3193924
     ],
     [
      -122.34733,
      45.3193652
     ],
     [
      -122.3473252,
      45.319338
     ],
     [
      -122.3473204,
      45.3193108
     ],
     [
      -122.3473156,
      45.3192836
     ],
     [
      -122.3473108,
      45.3192564
     ],
     [
      -122.347306,
      45.3192292
     ],
     [
      -122.3473012,
      45.319202
     ],
     [
      -122.3472964,
      45.3191747
     ],
     [
      -122.3472916,
      45.3191475
     ],
     [
      -122.3472868,
      45.3191203
     ],
     [
      -122.347282,
      45.3190931
     ],
     [
      -122.3472772,
      45.3190659
     ],
     [
      -122.3472724,
      45.3190387
     ],
     [
      -122.3472676,
      45.3190115
     ],
     [
      -122.3472628,
      45.3189843
     ],
     [
      -122.347258,
      45.3189571
     ],
     [
      -122.3472532,
      45.3189299
     ],
     [
      -122.3472484,
      45.3189027
     ],
     [
      -122.3472436,
      45.3188755
     ],
     [
      -122.3472388,
      45.3188483
     ],
     [
      -122.347234,
      45.3188211
     ],
     [
      -122.3472292,
      45.3187938
     ],
     [
      -122.3472244,
      45.3187666
     ],
     [
      -122.3472195,
      45.3187394
     ],
     [
      -122.3472147,
      45.3187122
     ],
     [
      -122.3472099,
      45.318685
     ],
     [
      -122.3472051,
      45.3186578
     ],
     [
      -122.3472003,
      45.3186306
     ],
     [
      -122.3471955,
      45.3186034
     ],
     [
      -122.3471907,
      45.3185762
     ],
     [
      -122.3471859,
      45.318549
     ],
     [
      -122.3471811,
      45.3185218
     ],
     [
      -122.3471763,
      45.3184946
     ],
     [
      -122.3471715,
      45.3184674
     ],
     [
      -122.3471667,
      45.3184401
     ],
     [
      -122.3471618,
      45.3184129
     ],
     [
      -122.347157,
      45.3183857
     ],
     [
      -122.3471522,
      45.3183585
     ],
     [
      -122.3471474,
      45.3183313
     ],
     [
      -122.3471425,
      45.3183041
     ],
     [
      -122.3471377,
      45.3182769
     ],
     [
      -122.3471328,
      45.3182497
     ],
     [
      -122.347128,
      45.3182225
     ],
     [
      -122.3471231,
      45.3181953
     ],
     [
      -122.3471182,
      45.3181681
     ],
     [
      -122.3471134,
      45.3181409
     ],
     [
      -122.3471085,
      45.3181137
     ],
     [
      -122.3471037,
      45.3180865
     ],
     [
      -122.3470988,
      45.3180593
     ],
     [
      -122.347094,
      45.3180321
     ],
     [
      -122.3470891,
      45.3180049
     ],
     [
      -122.3470843,
      45.3179777
     ],
     [
      -122.3470794,
      45.3179505
     ],
     [
      -122.3470746,
      45.3179233
     ],
     [
      -122.3470697,
      45.3178961
     ],
     [
      -122.3470649,
      45.3178689
     ],
     [
      -122.34706,
      45.3178417
     ],
     [
      -122.3470551,
      45.3178145
     ],
     [
      -122.3470503,
      45.3177873
     ],
     [
      -122.3470454,
      45.3177601
     ],
     [
      -122.3470406,
      45.3177329
     ],
     [
      -122.3470357,
      45.3177057
     ],
     [
      -122.3470309,
      45.3176784
     ],
     [
      -122.347026,
      45.3176512
     ],
     [
      -122.3470212,
      45.317624
     ],
     [
      -122.3470164,
      45.3175968
     ],
     [
      -122.3470115,
      45.3175696
     ],
     [
      -122.3470067,
      45.3175424
     ],
     [
      -122.3470018,
      45.3175152
     ],
     [
      -122.346997,
      45.317488
     ],
     [
      -122.3469922,
      45.3174608
     ],
     [
      -122.3469873,
      45.3174336
     ],
     [
      -122.3469825,
      45.3174064
     ],
     [
      -122.3469776,
      45.3173792
     ],
     [
      -122.3469728,
      45.317352
     ],
     [
      -122.3469679,
      45.3173248
     ],
     [
      -122.3469631,
      45.3172976
     ],
     [
      -122.3469583,
      45.3172704
     ],
     [
      -122.3469534,
      45.3172432
     ],
     [
      -122.3469486,
      45.317216
     ],
     [
      -122.3469437,
      45.3171888
     ],
     [
      -122.3469389,
      45.3171616
     ],
     [
      -122.3469341,
      45.3171344
     ],
     [
      -122.3469292,
      45.3171072
     ],
     [
      -122.3469244,
      45.31708
     ],
     [
      -122.3469195,
      45.3170527
     ],
     [
      -122.3469147,
      45.3170255
     ],
     [
      -122.3469099,
      45.3169983
     ],
     [
      -122.346905,
      45.3169711
     ],
     [
      -122.3469002,
      45.3169439
     ],
     [
      -122.3468953,
      45.3169167
     ],
     [
      -122.3468905,
      45.3168895
     ],
     [
      -122.3468856,
      45.3168623
     ],
     [
      -122.3468808,
      45.3168351
     ],
     [
      -122.346876,
      45.3168079
     ],
     [
      -122.3468711,
      45.3167807
     ],
     [
      -122.3468663,
      45.3167535
     ],
     [
      -122.3468614,
      45.3167263
     ],
     [
      -122.3468566,
      45.3166991
     ],
     [
      -122.3468518,
      45.3166719
     ],
     [
      -122.3468469,
      45.3166447
     ],
     [
      -122.3468421,
      45.3166175
     ],
     [
      -122.3468372,
      45.3165903
     ],
     [
      -122.3468324,
      45.3165631
     ],
     [
      -122.3468276,
      45.3165359
     ],
     [
      -122.3468227,
      45.3165087
     ],
     [
      -122.3468179,
      45.3164815
     ],
     [
      -122.346813,
      45.3164543
     ],
     [
      -122.3468082,
      45.316427
     ],
     [
      -122.3468033,
      45.3163998
     ],
     [
      -122.3467985,
      45.3163726
     ],
     [
      -122.3467937,
      45.3163454
     ],
     [
      -122.3467888,
      45.3163182
     ],
     [
      -122.346784,
      45.316291
     ],
     [
      -122.3467791,
      45.3162638
     ],
     [
      -122.3467743,
      45.3162366
     ],
     [
      -122.3467695,
      45.3162094
     ],
     [
      -122.3467646,
      45.3161822
     ],
     [
      -122.3467598,
      45.316155
     ],
     [
      -122.3467549,
      45.3161278
     ],
     [
      -122.3467501,
      45.3161006
     ],
     [
      -122.3467453,
      45.3160734
     ],
     [
      -122.3467404,
      45.3160462
     ],
     [
      -122.3467356,
      45.316019
     ],
     [
      -122.3467307,
      45.3159918
     ],
     [
      -122.3467259,
      45.3159646
     ],
     [
      -122.346721,
      45.3159374
     ],
     [
      -122.3467162,
      45.3159102
     ],
     [
      -122.3467114,
      45.315883
     ],
     [
      -122.3467065,
      45.3158558
     ],
     [
      -122.3467017,
      45.3158286
     ],
     [
      -122.3466968,
      45.3158013
     ],
     [
      -122.346692,
      45.3157741
     ],
     [
      -122.3466872,
      45.3157469
     ],
     [
      -122.3466823,
      45.3157197
     ],
     [
      -122.3466774,
      45.3156925
     ],
     [
      -122.3466725,
      45.3156653
     ],
     [
      -122.3466676,
      45.3156381
     ],
     [
      -122.3466627,
      45.3156109
     ],
     [
      -122.3466578,
      45.3155837
     ],
     [
      -122.3466528,
      45.3155566
     ],
     [
      -122.3466478,
      45.3155294
     ],
     [
      -122.3466429,
      45.3155022
     ],
     [
      -122.3466379,
      45.315475
     ],
     [
      -122.3466329,
      45.3154478
     ],
     [
      -122.346628,
      45.3154206
     ],
     [
      -122.346623,
      45.3153934
     ],
     [
      -122.346618,
      45.3153662
     ],
     [
      -122.3466131,
      45.315339
     ],
     [
      -122.3466081,
      45.3153118
     ],
     [
      -122.3466031,
      45.3152846
     ],
     [
      -122.3465982,
      45.3152574
     ],
     [
      -122.3465932,
      45.3152302
     ],
     [
      -122.3465882,
      45.315203
     ],
     [
      -122.3465833,
      45.3151758
     ],
     [
      -122.3465783,
      45.3151487
     ],
     [
      -122.3465733,
      45.3151215
     ],
     [
      -122.3465684,
      45.3150943
     ],
     [
      -122.3465634,
      45.3150671
     ],
     [
      -122.3465584,
      45.3150399
     ],
     [
      -122.3465535,
      45.3150127
     ],
     [
      -122.3465485,
      45.3149855
     ],
     [
      -122.3465435,
      45.3149583
     ],
     [
      -122.3465385,
      45.3149311
     ],
     [
      -122.3465335,
      45.3149039
     ],
     [
      -122.3465285,
      45.3148767
     ],
     [
      -122.3465235,
      45.3148495
     ],
     [
      -122.3465185,
      45.3148223
     ],
     [
      -122.3465135,
      45.3147952
     ],
     [
      -122.3465086,
      45.314768
     ],
     [
      -122.3465036,
      45.3147408
     ],
     [
      -122.3464986,
      45.3147136
     ],
     [
      -122.3464936,
      45.3146864
     ],
     [
      -122.3464886,
      45.3146592
     ],
     [
      -122.3464836,
      45.314632
     ],
     [
      -122.3464786,
      45.3146048
     ],
     [
      -122.3464736,
      45.3145776
     ],
     [
      -122.3464686,
      45.3145504
     ],
     [
      -122.3464636,
      45.3145232
     ],
     [
      -122.3464586,
      45.3144961
     ],
     [
      -122.3464536,
      45.3144689
     ],
     [
      -122.3464486,
      45.3144417
     ],
     [
      -122.3464436,
      45.3144145
     ],
     [
      -122.3464386,
      45.3143873
     ],
     [
      -122.3464336,
      45.3143601
     ],
     [
      -122.3464286,
      45.3143329
     ],
     [
      -122.3464236,
      45.3143057
     ],
     [
      -122.3464186,
      45.3142785
     ],
     [
      -122.3464136,
      45.3142513
     ],
     [
      -122.3464086,
      45.3142242
     ],
     [
      -122.3464036,
      45.314197
     ],
     [
      -122.3463986,
      45.3141698
     ],
     [
      -122.3463936,
      45.3141426
     ],
     [
      -122.3463885,
      45.3141154
     ],
     [
      -122.3463835,
      45.3140882
     ],
     [
      -122.3463785,
      45.314061
     ],
     [
      -122.3463735,
      45.3140338
     ],
     [
      -122.3463685,
      45.3140066
     ],
     [
      -122.3463635,
      45.3139795
     ],
     [
      -122.3463584,
      45.3139523
     ],
     [
      -122.3463534,
      45.3139251
     ],
     [
      -122.3463484,
      45.3138979
     ],
     [
      -122.3463434,
      45.3138707
     ],
     [
      -122.3463384,
      45.3138435
     ],
     [
      -122.3463334,
      45.3138163
     ],
     [
      -122.3463284,
      45.3137891
     ],
     [
      -122.3463233,
      45.3137619
     ],
     [
      -122.3463183,
      45.3137348
     ],
     [
      -122.3463133,
      45.3137076
     ],
     [
      -122.3463083,
      45.3136804
     ],
     [
      -122.3463033,
      45.3136532
     ],
     [
      -122.3462983,
      45.313626
     ],
     [
      -122.3462933,
      45.3135988
     ],
     [
      -122.3462883,
      45.3135716
     ],
     [
      -122.3462833,
      45.3135444
     ],
     [
      -122.3462783,
      45.3135172
     ],
     [
      -122.3462733,
      45.31349
     ],
     [
      -122.3462683,
      45.3134629
     ],
     [
      -122.3462633,
      45.3134357
     ],
     [
      -122.3462583,
      45.3134085
     ],
     [
      -122.3462533,
      45.3133813
     ],
     [
      -122.3462483,
      45.3133541
     ],
     [
      -122.3462433,
      45.3133269
     ],
     [
      -122.3462383,
      45.3132997
     ],
     [
      -122.3462333,
      45.3132725
     ],
     [
      -122.3462283,
      45.3132453
     ],
     [
      -122.3462233,
      45.3132181
     ],
     [
      -122.3462183,
      45.3131909
     ],
     [
      -122.3462133,
      45.3131638
     ],
     [
      -122.3462083,
      45.3131366
     ],
     [
      -122.3462033,
      45.3131094
     ],
     [
      -122.3461983,
      45.3130822
     ],
     [
      -122.3461934,
      45.313055
     ],
     [
      -122.3461884,
      45.3130278
     ],
     [
      -122.3461834,
      45.3130006
     ],
     [
      -122.3461784,
      45.3129734
     ],
     [
      -122.3461734,
      45.3129462
     ],
     [
      -122.3461685,
      45.312919
     ],
     [
      -122.3461635,
      45.3128918
     ],
     [
      -122.3461586,
      45.3128646
     ],
     [
      -122.3461536,
      45.3128374
     ],
     [
      -122.3461487,
      45.3128102
     ],
     [
      -122.3461437,
      45.3127831
     ],
     [
      -122.3461388,
      45.3127559
     ],
     [
      -122.3461339,
      45.3127287
     ],
     [
      -122.3461289,
      45.3127015
     ],
     [
      -122.346124,
      45.3126743
     ],
     [
      -122.3461191,
      45.3126471
     ],
     [
      -122.3461141,
      45.3126199
     ],
     [
      -122.3461092,
      45.3125927
     ],
     [
      -122.3461043,
      45.3125655
     ],
     [
      -122.3460993,
      45.3125383
     ],
     [
      -122.3460944,
      45.3125111
     ],
     [
      -122.3460895,
      45.3124839
     ],
     [
      -122.3460845,
      45.3124567
     ],
     [
      -122.3460796,
      45.3124295
     ],
     [
      -122.3460746,
      45.3124023
     ],
     [
      -122.3460697,
      45.3123751
     ],
     [
      -122.3460648,
      45.3123479
     ],
     [
      -122.3460599,
      45.3123207
     ],
     [
      -122.3460549,
      45.3122935
     ],
     [
      -122.34605,
      45.3122663
     ],
     [
      -122.3460451,
      45.3122391
     ],
     [
      -122.3460402,
      45.3122119
     ],
     [
      -122.3460353,
      45.3121847
     ],
     [
      -122.3460304,
      45.3121575
     ],
     [
      -122.3460255,
      45.3121303
     ],
     [
      -122.3460207,
      45.3121031
     ],
     [
      -122.3460158,
      45.3120759
     ],
     [
      -122.3460109,
      45.3120487
     ],
     [
      -122.346006,
      45.3120215
     ],
     [
      -122.3460011,
      45.3119943
     ],
     [
      -122.3459962,
      45.3119671
     ],
     [
      -122.3459914,
      45.3119399
     ],
     [
      -122.3459865,
      45.3119127
     ],
     [
      -122.3459816,
      45.3118855
     ],
     [
      -122.3459767,
      45.3118583
     ],
     [
      -122.3459718,
      45.3118311
     ],
     [
      -122.3459669,
      45.3118039
     ],
     [
      -122.3459621,
      45.3117767
     ],
     [
      -122.3459572,
      45.3117495
     ],
     [
      -122.3459523,
      45.3117223
     ],
     [
      -122.3459474,
      45.3116951
     ],
     [
      -122.3459425,
      45.3116679
     ],
     [
      -122.3459377,
      45.3116407
     ],
     [
      -122.3459328,
      45.3116135
     ],
     [
      -122.3459279,
      45.3115863
     ],
     [
      -122.3459231,
      45.3115591
     ],
     [
      -122.3459182,
      45.3115319
     ],
     [
      -122.3459134,
      45.3115047
     ],
     [
      -122.3459085,
      45.3114775
     ],
     [
      -122.3459037,
      45.3114503
     ],
     [
      -122.3458989,
      45.3114231
     ],
     [
      -122.345894,
      45.3113959
     ],
     [
      -122.3458892,
      45.3113687
     ],
     [
      -122.3458843,
      45.3113415
     ],
     [
      -122.3458795,
      45.3113143
     ],
     [
      -122.3458747,
      45.3112871
     ],
     [
      -122.3458698,
      45.3112599
     ],
     [
      -122.345865,
      45.3112327
     ],
     [
      -122.3458602,
      45.3112054
     ],
     [
      -122.3458553,
      45.3111782
     ],
     [
      -122.3458505,
      45.311151
     ],
     [
      -122.3458457,
      45.3111238
     ],
     [
      -122.3458408,
      45.3110966
     ],
     [
      -122.345836,
      45.3110694
     ],
     [
      -122.3458312,
      45.3110422
     ],
     [
      -122.3458263,
      45.311015
     ],
     [
      -122.3458215,
      45.3109878
     ],
     [
      -122.3458167,
      45.3109606
     ],
     [
      -122.3458119,
      45.3109334
     ],
     [
      -122.3458071,
      45.3109062
     ],
     [
      -122.3458023,
      45.310879
     ],
     [
      -122.3457975,
      45.3108518
     ],
     [
      -122.3457927,
      45.3108246
     ],
     [
      -122.3457879,
      45.3107973
     ],
     [
      -122.3457832,
      45.3107701
     ],
     [
      -122.3457784,
      45.3107429
     ],
     [
      -122.3457736,
      45.3107157
     ],
     [
      -122.3457689,
      45.3106885
     ],
     [
      -122.3457641,
      45.3106613
     ],
     [
      -122.3457594,
      45.3106341
     ],
     [
      -122.3457546,
      45.3106069
     ],
     [
      -122.3457498,
      45.3105797
     ],
     [
      -122.3457451,
      45.3105524
     ],
     [
      -122.3457403,
      45.3105252
     ],
     [
      -122.3457355,
      45.310498
     ],
     [
      -122.3457308,
      45.3104708
     ],
     [
      -122.345726,
      45.3104436
     ],
     [
      -122.3457213,
      45.3104164
     ],
     [
      -122.3457165,
      45.3103892
     ],
     [
      -122.3457117,
      45.310362
     ],
     [
      -122.345707,
      45.3103348
     ],
     [
      -122.3457022,
      45.3103075
     ],
     [
      -122.3456975,
      45.3102803
     ],
     [
      -122.3456927,
      45.3102531
     ],
     [
      -122.3456879,
      45.3102259
     ],
     [
      -122.3456832,
      45.3101987
     ],
     [
      -122.3456784,
      45.3101715
     ],
     [
      -122.3456737,
      45.3101443
     ],
     [
      -122.345669,
      45.3101171
     ],
     [
      -122.3456642,
      45.3100898
     ],
     [
      -122.3456595,
      45.3100626
     ],
     [
      -122.3456548,
      45.3100354
     ],
     [
      -122.34565,
      45.3100082
     ],
     [
      -122.3456453,
      45.309981
     ],
     [
      -122.3456405,
      45.3099538
     ],
     [
      -122.3456358,
      45.3099266
     ],
     [
      -122.3456311,
      45.3098994
     ],
     [
      -122.3456263,
      45.3098721
     ],
     [
      -122.3456216,
      45.3098449
     ],
     [
      -122.3456169,
      45.3098177
     ],
     [
      -122.3456121,
      45.3097905
     ],
     [
      -122.3456074,
      45.3097633
     ],
     [
      -122.3456027,
      45.3097361
     ],
     [
      -122.3455979,
      45.3097089
     ],
     [
      -122.3455932,
      45.3096816
     ],
     [
      -122.3455885,
      45.3096544
     ],
     [
      -122.3455837,
      45.3096272
     ],
     [
      -122.345579,
      45.3096
     ],
     [
      -122.3455742,
      45.3095728
     ],
     [
      -122.3455695,
      45.3095456
     ],
     [
      -122.3455648,
      45.3095184
     ],
     [
      -122.34556,
      45.3094911
     ],
     [
      -122.3455553,
      45.3094639
     ],
     [
      -122.3455506,
      45.3094367
     ],
     [
      -122.3455458,
      45.3094095
     ],
     [
      -122.3455411,
      45.3093823
     ],
     [
      -122.3455364,
      45.3093551
     ],
     [
      -122.3455316,
      45.3093279
     ],
     [
      -122.3455269,
      45.3093007
     ],
     [
      -122.3455222,
      45.3092734
     ],
     [
      -122.3455174,
      45.3092462
     ],
     [
      -122.3455127,
      45.309219
     ],
     [
      -122.3455079,
      45.3091918
     ],
     [
      -122.3455032,
      45.3091646
     ],
     [
      -122.3454985,
      45.3091374
     ],
     [
      -122.3454937,
      45.3091102
     ],
     [
      -122.345489,
      45.3090829
     ],
     [
      -122.3454843,
      45.3090557
     ],
     [
      -122.3454795,
      45.3090285
     ],
     [
      -122.3454748,
      45.3090013
     ],
     [
      -122.3454701,
      45.3089741
     ],
     [
      -122.3454653,
      45.3089469
     ],
     [
      -122.3454606,
      45.3089197
     ],
     [
      -122.3454559,
      45.3088924
     ],
     [
      -122.3454513,
      45.3088652
     ],
     [
      -122.3454466,
      45.308838
     ],
     [
      -122.345442,
      45.3088108
     ],
     [
      -122.3454374,
      45.3087836
     ],
     [
      -122.3454328,
      45.3087563
     ],
     [
      -122.3454283,
      45.3087291
     ],
     [
      -122.3454237,
      45.3087019
     ],
     [
      -122.3454192,
      45.3086746
     ],
     [
      -122.3454146,
      45.3086474
     ],
     [
      -122.34541,
      45.3086202
     ],
     [
      -122.3454055,
      45.3085929
     ],
     [
      -122.3454009,
      45.3085657
     ],
     [
      -122.3453964,
      45.3085385
     ],
     [
      -122.3453918,
      45.3085113
     ],
     [
      -122.3453873,
      45.308484
     ],
     [
      -122.3453827,
      45.3084568
     ],
     [
      -122.3453782,
      45.3084296
     ],
     [
      -122.3453736,
      45.3084023
     ],
     [
      -122.3453691,
      45.3083751
     ],
     [
      -122.3453645,
      45.3083479
     ],
     [
      -122.3453599,
      45.3083207
     ],
     [
      -122.3453554,
      45.3082934
     ],
     [
      -122.3453508,
      45.3082662
     ],
     [
      -122.3453463,
      45.308239
     ],
     [
      -122.3453417,
      45.3082117
     ],
     [
      -122.3453372,
      45.3081845
     ],
     [
      -122.3453326,
      45.3081573
     ],
     [
      -122.3453281,
      45.30813
     ],
     [
      -122.3453235,
      45.3081028
     ],
     [
      -122.345319,
      45.3080756
     ],
     [
      -122.3453144,
      45.3080484
     ],
     [
      -122.3453098,
      45.3080211
     ],
     [
      -122.3453053,
      45.3079939
     ],
     [
      -122.3453007,
      45.3079667
     ],
     [
      -122.3452962,
      45.3079394
     ],
     [
      -122.3452916,
      45.3079122
     ],
     [
      -122.3452871,
      45.307885
     ],
     [
      -122.3452825,
      45.3078578
     ],
     [
      -122.345278,
      45.3078305
     ],
     [
      -122.3452734,
      45.3078033
     ],
     [
      -122.3452689,
      45.3077761
     ],
     [
      -122.3452643,
      45.3077488
     ],
     [
      -122.3452598,
      45.3077216
     ],
     [
      -122.3452552,
      45.3076944
     ],
     [
      -122.3452506,
      45.3076671
     ],
     [
      -122.3452461,
      45.3076399
     ],
     [
      -122.3452415,
      45.3076127
     ],
     [
      -122.345237,
      45.3075855
     ],
     [
      -122.3452324,
      45.3075582
     ],
     [
      -122.3452279,
      45.307531
     ],
     [
      -122.3452233,
      45.3075038
     ],
     [
      -122.3452188,
      45.3074765
     ],
     [
      -122.3452142,
      45.3074493
     ],
     [
      -122.3452097,
      45.3074221
     ],
     [
      -122.3452051,
      45.3073949
     ],
     [
      -122.3452005,
      45.3073676
     ],
     [
      -122.345196,
      45.3073404
     ],
     [
      -122.3451914,
      45.3073132
     ],
     [
      -122.3451869,
      45.3072859
     ],
     [
      -122.3451823,
      45.3072587
     ],
     [
      -122.3451778,
      45.3072315
     ],
     [
      -122.3451732,
      45.3072042
     ],
     [
      -122.3451687,
      45.307177
     ],
     [
      -122.3451641,
      45.3071498
     ],
     [
      -122.3451596,
      45.3071226
     ],
     [
      -122.345155,
      45.3070953
     ],
     [
      -122.3451504,
      45.3070681
     ],
     [
      -122.3451459,
      45.3070409
     ],
     [
      -122.3451413,
      45.3070136
     ],
     [
      -122.3451368,
      45.3069864
     ],
     [
      -122.3451322,
      45.3069592
     ],
     [
      -122.3451277,
      45.3069319
     ],
     [
      -122.3451231,
      45.3069047
     ],
     [
      -122.3451186,
      45.3068775
     ],
     [
      -122.345114,
      45.3068503
     ],
     [
      -122.3451095,
      45.306823
     ],
     [
      -122.3451049,
      45.3067958
     ],
     [
      -122.3451004,
      45.3067686
     ],
     [
      -122.3450958,
      45.3067413
     ],
     [
      -122.3450912,
      45.3067141
     ],
     [
      -122.3450867,
      45.3066869
     ],
     [
      -122.3450821,
      45.3066597
     ],
     [
      -122.3450776,
      45.3066324
     ],
     [
      -122.345073,
      45.3066052
     ],
     [
      -122.3450685,
      45.306578
     ],
     [
      -122.3450639,
      45.3065507
     ],
     [
      -122.3450594,
      45.3065235
     ],
     [
      -122.3450548,
      45.3064963
     ],
     [
      -122.3450503,
      45.306469
     ],
     [
      -122.3450457,
      45.3064418
     ],
     [
      -122.3450411,
      45.3064146
     ],
     [
      -122.3450366,
      45.3063874
     ],
     [
      -122.345032,
      45.3063601
     ],
     [
      -122.3450275,
      45.3063329
     ],
     [
      -122.3450229,
      45.3063057
     ],
     [
      -122.3450184,
      45.3062784
     ],
     [
      -122.3450138,
      45.3062512
     ],
     [
      -122.3450093,
      45.306224
     ],
     [
      -122.3450047,
      45.3061968
     ],
     [
      -122.3450002,
      45.3061695
     ],
     [
      -122.3449956,
      45.3061423
     ],
     [
      -122.3449911,
      45.3061151
     ],
     [
      -122.3449865,
      45.3060878
     ],
     [
      -122.3449819,
      45.3060606
     ],
     [
      -122.3449774,
      45.3060334
     ],
     [
      -122.3449728,
      45.3060061
     ],
     [
      -122.3449683,
      45.3059789
     ],
     [
      -122.3449637,
      45.3059517
     ],
     [
      -122.3449592,
      45.3059245
     ],
     [
      -122.3449546,
      45.3058972
     ],
     [
      -122.3449501,
      45.30587
     ],
     [
      -122.3449455,
      45.3058428
     ],
     [
      -122.344941,
      45.3058155
     ],
     [
      -122.3449364,
      45.3057883
     ],
     [
      -122.3449319,
      45.3057611
     ],
     [
      -122.3449273,
      45.3057338
     ],
     [
      -122.3449227,
      45.3057066
     ],
     [
      -122.3449182,
      45.3056794
     ],
     [
      -122.3449136,
      45.3056522
     ],
     [
      -122.3449091,
      45.3056249
     ],
     [
      -122.3449045,
      45.3055977
     ],
     [
      -122.3449,
      45.3055705
     ],
     [
      -122.3448954,
      45.3055432
     ],
     [
      -122.3448909,
      45.305516
     ],
     [
      -122.3448863,
      45.3054888
     ],
     [
      -122.3448818,
      45.3054616
     ],
     [
      -122.3448772,
      45.3054343
     ],
     [
      -122.3448726,
      45.3054071
     ],
     [
      -122.3448681,
      45.3053799
     ],
     [
      -122.3448635,
      45.3053526
     ],
     [
      -122.344859,
      45.3053254
     ],
     [
      -122.3448544,
      45.3052982
     ],
     [
      -122.3448499,
      45.3052709
     ],
     [
      -122.3448453,
      45.3052437
     ],
     [
      -122.3448408,
      45.3052165
     ],
     [
      -122.3448362,
      45.3051893
     ],
     [
      -122.3448317,
      45.305162
     ],
     [
      -122.3448271,
      45.3051348
     ],
     [
      -122.3448226,
      45.3051076
     ],
     [
      -122.344818,
      45.3050803
     ],
     [
      -122.3448134,
      45.3050531
     ],
     [
      -122.3448089,
      45.3050259
     ],
     [
      -122.3448043,
      45.3049987
     ],
     [
      -122.3447998,
      45.3049714
     ],
     [
      -122.3447952,
      45.3049442
     ],
     [
      -122.3447907,
      45.304917
     ],
     [
      -122.3447861,
      45.3048897
     ],
     [
      -122.3447816,
      45.3048625
     ],
     [
      -122.344777,
      45.3048353
     ],
     [
      -122.3447725,
      45.304808
     ],
     [
      -122.3447679,
      45.3047808
     ],
     [
      -122.3447634,
      45.3047536
     ],
     [
      -122.3447588,
      45.3047264
     ],
     [
      -122.3447542,
      45.3046991
     ],
     [
      -122.3447497,
      45.3046719
     ],
     [
      -122.3447451,
      45.3046447
     ],
     [
      -122.3447406,
      45.3046174
     ],
     [
      -122.344736,
      45.3045902
     ],
     [
      -122.3447315,
      45.304563
     ],
     [
      -122.3447269,
      45.3045357
     ],
     [
      -122.3447224,
      45.3045085
     ],
     [
      -122.3447178,
      45.3044813
     ],
     [
      -122.3447133,
      45.3044541
     ],
     [
      -122.3447087,
      45.3044268
     ],
     [
      -122.3447042,
      45.3043996
     ],
     [
      -122.3446996,
      45.3043724
     ],
     [
      -122.344695,
      45.3043451
     ],
     [
      -122.3446905,
      45.3043179
     ],
     [
      -122.3446859,
      45.3042907
     ],
     [
      -122.3446814,
      45.3042635
     ],
     [
      -122.3446768,
      45.3042362
     ],
     [
      -122.3446723,
      45.304209
     ],
     [
      -122.3446677,
      45.3041818
     ],
     [
      -122.3446632,
      45.3041545
     ],
     [
      -122.3446586,
      45.3041273
     ],
     [
      -122.3446541,
      45.3041001
     ],
     [
      -122.3446495,
      45.3040728
     ],
     [
      -122.344645,
      45.3040456
     ],
     [
      -122.3446404,
      45.3040184
     ],
     [
      -122.3446358,
      45.3039912
     ],
     [
      -122.3446313,
      45.3039639
     ],
     [
      -122.3446267,
      45.3039367
     ],
     [
      -122.3446222,
      45.3039095
     ],
     [
      -122.3446176,
      45.3038822
     ],
     [
      -122.3446131,
      45.303855
     ],
     [
      -122.3446085,
      45.3038278
     ],
     [
      -122.344604,
      45.3038006
     ],
     [
      -122.3445994,
      45.3037733
     ],
     [
      -122.3445949,
      45.3037461
     ],
     [
      -122.3445903,
      45.3037189
     ],
     [
      -122.3445858,
      45.3036916
     ],
     [
      -122.3445812,
      45.3036644
     ],
     [
      -122.3445767,
      45.3036372
     ],
     [
      -122.3445721,
      45.3036099
     ],
     [
      -122.3445675,
      45.3035827
     ],
     [
      -122.344563,
      45.3035555
     ],
     [
      -122.3445584,
      45.3035283
     ],
     [
      -122.3445539,
      45.303501
     ],
     [
      -122.3445493,
      45.3034738
     ],
     [
      -122.3445448,
      45.3034466
     ],
     [
      -122.3445402,
      45.3034193
     ],
     [
      -122.3445357,
      45.3033921
     ],
     [
      -122.3445311,
      45.3033649
     ],
     [
      -122.3445266,
      45.3033376
     ],
     [
      -122.344522,
      45.3033104
     ],
     [
      -122.3445175,
      45.3032832
     ],
     [
      -122.3445129,
      45.303256
     ],
     [
      -122.3445083,
      45.3032287
     ],
     [
      -122.3445038,
      45.3032015
     ],
     [
      -122.3444992,
      45.3031743
     ],
     [
      -122.3444947,
      45.303147
     ],
     [
      -122.3444901,
      45.3031198
     ],
     [
      -122.3444856,
      45.3030926
     ],
     [
      -122.344481,
      45.3030654
     ],
     [
      -122.3444765,
      45.3030381
     ],
     [
      -122.3444719,
      45.3030109
     ],
     [
      -122.3444674,
      45.3029837
     ],
     [
      -122.3444628,
      45.3029564
     ],
     [
      -122.3444583,
      45.3029292
     ],
     [
      -122.3444537,
      45.302902
     ],
     [
      -122.3444492,
      45.3028747
     ],
     [
      -122.3444446,
      45.3028475
     ],
     [
      -122.34444,
      45.3028203
     ],
     [
      -122.3444355,
      45.3027931
     ],
     [
      -122.3444309,
      45.3027658
     ],
     [
      -122.3444264,
      45.3027386
     ],
     [
      -122.3444218,
      45.3027114
     ],
     [
      -122.3444173,
      45.3026841
     ],
     [
      -122.3444127,
      45.3026569
     ],
     [
      -122.3444082,
      45.3026297
     ],
     [
      -122.3444036,
      45.3026024
     ],
     [
      -122.3443991,
      45.3025752
     ],
     [
      -122.3443945,
      45.302548
     ],
     [
      -122.34439,
      45.3025208
     ],
     [
      -122.3443854,
      45.3024935
     ],
     [
      -122.3443808,
      45.3024663
     ],
     [
      -122.3443763,
      45.3024391
     ],
     [
      -122.3443717,
      45.3024118
     ],
     [
      -122.3443672,
      45.3023846
     ],
     [
      -122.3443626,
      45.3023574
     ],
     [
      -122.3443581,
      45.3023302
     ],
     [
      -122.3443535,
      45.3023029
     ],
     [
      -122.344349,
      45.3022757
     ],
     [
      -122.3443444,
      45.3022485
     ],
     [
      -122.3443399,
      45.3022212
     ],
     [
      -122.3443353,
      45.302194
     ],
     [
      -122.3443308,
      45.3021668
     ],
     [
      -122.3443262,
      45.3021395
     ],
     [
      -122.3443217,
      45.3021123
     ],
     [
      -122.3443171,
      45.3020851
     ],
     [
      -122.3443125,
      45.3020579
     ],
     [
      -122.344308,
      45.3020306
     ],
     [
      -122.3443034,
      45.3020034
     ],
     [
      -122.3442989,
      45.3019762
     ],
     [
      -122.3442943,
      45.3019489
     ],
     [
      -122.3442898,
      45.3019217
     ],
     [
      -122.3442852,
      45.3018945
     ],
     [
      -122.3442807,
      45.3018673
     ],
     [
      -122.3442761,
      45.30184
     ],
     [
      -122.3442716,
      45.3018128
     ],
     [
      -122.344267,
      45.3017856
     ],
     [
      -122.3442625,
      45.3017583
     ],
     [
      -122.3442579,
      45.3017311
     ],
     [
      -122.3442534,
      45.3017039
     ],
     [
      -122.3442488,
      45.3016766
     ],
     [
      -122.3442442,
      45.3016494
     ],
     [
      -122.3442397,
      45.3016222
     ],
     [
      -122.3442351,
      45.301595
     ],
     [
      -122.3442306,
      45.3015677
     ],
     [
      -122.344226,
      45.3015405
     ],
     [
      -122.3442215,
      45.3015133
     ],
     [
      -122.3442169,
      45.301486
     ],
     [
      -122.3442124,
      45.3014588
     ],
     [
      -122.3442078,
      45.3014316
     ],
     [
      -122.3442033,
      45.3014043
     ],
     [
      -122.3441987,
      45.3013771
     ],
     [
      -122.3441942,
      45.3013499
     ],
     [
      -122.3441896,
      45.3013227
     ],
     [
      -122.3441851,
      45.3012954
     ],
     [
      -122.3441805,
      45.3012682
     ],
     [
      -122.3441759,
      45.301241
     ],
     [
      -122.3441714,
      45.3012137
     ],
     [
      -122.3441668,
      45.3011865
     ],
     [
      -122.3441623,
      45.3011593
     ],
     [
      -122.3441577,
      45.3011321
     ],
     [
      -122.3441532,
      45.3011048
     ],
     [
      -122.3441486,
      45.3010776
     ],
     [
      -122.3441441,
      45.3010504
     ],
     [
      -122.3441395,
      45.3010231
     ],
     [
      -122.344135,
      45.3009959
     ],
     [
      -122.3441304,
      45.3009687
     ],
     [
      -122.3441259,
      45.3009414
     ],
     [
      -122.3441213,
      45.3009142
     ],
     [
      -122.3441168,
      45.300887
     ],
     [
      -122.3441122,
      45.3008598
     ],
     [
      -122.3441076,
      45.3008325
     ],
     [
      -122.3441031,
      45.3008053
     ],
     [
      -122.3440985,
      45.3007781
     ],
     [
      -122.344094,
      45.3007508
     ],
     [
      -122.3440894,
      45.3007236
     ],
     [
      -122.3440849,
      45.3006964
     ],
     [
      -122.3440803,
      45.3006691
     ],
     [
      -122.3440758,
      45.3006419
     ],
     [
      -122.3440712,
      45.3006147
     ],
     [
      -122.3440667,
      45.3005875
     ],
     [
      -122.3440621,
      45.3005602
     ],
     [
      -122.3440576,
      45.300533
     ],
     [
      -122.344053,
      45.3005058
     ],
     [
      -122.3440485,
      45.3004785
     ],
     [
      -122.3440439,
      45.3004513
     ],
     [
      -122.3440393,
      45.3004241
     ],
     [
      -122.3440348,
      45.3003969
     ],
     [
      -122.3440302,
      45.3003696
     ],
     [
      -122.3440257,
      45.3003424
     ],
     [
      -122.3440211,
      45.3003152
     ],
     [
      -122.3440166,
      45.3002879
     ],
     [
      -122.344012,
      45.3002607
     ],
     [
      -122.3440075,
      45.3002335
     ],
     [
      -122.3440029,
      45.3002062
     ],
     [
      -122.3439984,
      45.300179
     ],
     [
      -122.3439938,
      45.3001518
     ],
     [
      -122.3439893,
      45.3001246
     ],
     [
      -122.3439847,
      45.3000973
     ],
     [
      -122.3439802,
      45.3000701
     ],
     [
      -122.3439756,
      45.3000429
     ],
     [
      -122.3439711,
      45.3000156
     ],
     [
      -122.3439665,
      45.2999884
     ],
     [
      -122.3439619,
      45.2999612
     ],
     [
      -122.3439574,
      45.2999339
     ],
     [
      -122.3439528,
      45.2999067
     ],
     [
      -122.3439483,
      45.2998795
     ],
     [
      -122.3439437,
      45.2998523
     ],
     [
      -122.3439392,
      45.299825
     ],
     [
      -122.3439346,
      45.2997978
     ],
     [
      -122.3439301,
      45.2997706
     ],
     [
      -122.3439255,
      45.2997433
     ],
     [
      -122.343921,
      45.2997161
     ],
     [
      -122.3439164,
      45.2996889
     ],
     [
      -122.3439119,
      45.2996617
     ],
     [
      -122.3439073,
      45.2996344
     ],
     [
      -122.3439028,
      45.2996072
     ],
     [
      -122.3438982,
      45.29958
     ],
     [
      -122.3438936,
      45.2995527
     ],
     [
      -122.3438891,
      45.2995255
     ],
     [
      -122.3438845,
      45.2994983
     ],
     [
      -122.34388,
      45.299471
     ],
     [
      -122.3438754,
      45.2994438
     ],
     [
      -122.3438709,
      45.2994166
     ],
     [
      -122.3438663,
      45.2993894
     ],
     [
      -122.3438618,
      45.2993621
     ],
     [
      -122.3438572,
      45.2993349
     ],
     [
      -122.3438527,
      45.2993077
     ],
     [
      -122.3438481,
      45.2992804
     ],
     [
      -122.3438436,
      45.2992532
     ],
     [
      -122.343839,
      45.299226
     ],
     [
      -122.3438345,
      45.2991987
     ],
     [
      -122.3438299,
      45.2991715
     ],
     [
      -122.3438254,
      45.2991443
     ],
     [
      -122.3438208,
      45.2991171
     ],
     [
      -122.3438162,
      45.2990898
     ],
     [
      -122.3438117,
      45.2990626
     ],
     [
      -122.3438071,
      45.2990354
     ],
     [
      -122.3438026,
      45.2990081
     ],
     [
      -122.343798,
      45.2989809
     ],
     [
      -122.3437935,
      45.2989537
     ],
     [
      -122.3437889,
      45.2989265
     ],
     [
      -122.3437844,
      45.2988992
     ],
     [
      -122.3437798,
      45.298872
     ],
     [
      -122.3437753,
      45.2988448
     ],
     [
      -122.3437707,
      45.2988175
     ],
     [
      -122.3437662,
      45.2987903
     ],
     [
      -122.3437616,
      45.2987631
     ],
     [
      -122.3437571,
      45.2987358
     ],
     [
      -122.3437525,
      45.2987086
     ],
     [
      -122.343748,
      45.2986814
     ],
     [
      -122.3437434,
      45.2986542
     ],
     [
      -122.3437388,
      45.2986269
     ],
     [
      -122.3437343,
      45.2985997
     ],
     [
      -122.3437297,
      45.2985725
     ],
     [
      -122.3437252,
      45.2985452
     ],
     [
      -122.3437206,
      45.298518
     ],
     [
      -122.3437161,
      45.2984908
     ],
     [
      -122.3437115,
      45.2984635
     ],
     [
      -122.343707,
      45.2984363
     ],
     [
      -122.3437024,
      45.2984091
     ],
     [
      -122.3436979,
      45.2983819
     ],
     [
      -122.3436933,
      45.2983546
     ],
     [
      -122.3436888,
      45.2983274
     ],
     [
      -122.3436842,
      45.2983002
     ],
     [
      -122.3436797,
      45.2982729
     ],
     [
      -122.3436751,
      45.2982457
     ],
     [
      -122.3436706,
      45.2982185
     ],
     [
      -122.343666,
      45.2981913
     ],
     [
      -122.3436615,
      45.298164
     ],
     [
      -122.3436569,
      45.2981368
     ],
     [
      -122.3436523,
      45.2981096
     ],
     [
      -122.3436478,
      45.2980823
     ],
     [
      -122.3436432,
      45.2980551
     ],
     [
      -122.3436387,
      45.2980279
     ],
     [
      -122.3436341,
      45.2980006
     ],
     [
      -122.3436296,
      45.2979734
     ],
     [
      -122.343625,
      45.2979462
     ],
     [
      -122.3436205,
      45.297919
     ],
     [
      -122.3436159,
      45.2978917
     ],
     [
      -122.3436114,
      45.2978645
     ],
     [
      -122.3436068,
      45.2978373
     ],
     [
      -122.3436023,
      45.29781
     ],
     [
      -122.3435977,
      45.2977828
     ],
     [
      -122.3435932,
      45.2977556
     ],
     [
      -122.3435886,
      45.2977283
     ],
     [
      -122.3435841,
      45.2977011
     ],
     [
      -122.3435795,
      45.2976739
     ],
     [
      -122.3435749,
      45.2976467
     ],
     [
      -122.3435704,
      45.2976194
     ],
     [
      -122.3435658,
      45.2975922
     ],
     [
      -122.3435613,
      45.297565
     ],
     [
      -122.3435567,
      45.2975377
     ],
     [
      -122.3435522,
      45.2975105
     ],
     [
      -122.3435476,
      45.2974833
     ],
     [
      -122.3435431,
      45.2974561
     ],
     [
      -122.3435385,
      45.2974288
     ],
     [
      -122.343534,
      45.2974016
     ],
     [
      -122.3435294,
      45.2973744
     ],
     [
      -122.3435249,
      45.2973471
     ],
     [
      -122.3435203,
      45.2973199
     ],
     [
      -122.3435158,
      45.2972927
     ],
     [
      -122.3435112,
      45.2972654
     ],
     [
      -122.3435067,
      45.2972382
     ],
     [
      -122.3435021,
      45.297211
     ],
     [
      -122.3434976,
      45.2971838
     ],
     [
      -122.343493,
      45.2971565
     ],
     [
      -122.3434884,
      45.2971293
     ],
     [
      -122.3434839,
      45.2971021
     ],
     [
      -122.3434793,
      45.2970748
     ],
     [
      -122.3434748,
      45.2970476
     ],
     [
      -122.3434702,
      45.2970204
     ],
     [
      -122.3434657,
      45.2969931
     ],
     [
      -122.3434611,
      45.2969659
     ],
     [
      -122.3434566,
      45.2969387
     ],
     [
      -122.343452,
      45.2969115
     ],
     [
      -122.3434475,
      45.2968842
     ],
     [
      -122.3434429,
      45.296857
     ],
     [
      -122.3434384,
      45.2968298
     ],
     [
      -122.3434338,
      45.2968025
     ],
     [
      -122.3434293,
      45.2967753
     ],
     [
      -122.3434247,
      45.2967481
     ],
     [
      -122.3434202,
      45.2967209
     ],
     [
      -122.3434156,
      45.2966936
     ],
     [
      -122.3434111,
      45.2966664
     ],
     [
      -122.3434065,
      45.2966392
     ],
     [
      -122.3434019,
      45.2966119
     ],
     [
      -122.3433974,
      45.2965847
     ],
     [
      -122.3433928,
      45.2965575
     ],
     [
      -122.3433883,
      45.2965302
     ],
     [
      -122.3433837,
      45.296503
     ],
     [
      -122.3433792,
      45.2964758
     ],
     [
      -122.3433746,
      45.2964486
     ],
     [
      -122.3433701,
      45.2964213
     ],
     [
      -122.3433655,
      45.2963941
     ],
     [
      -122.343361,
      45.2963669
     ],
     [
      -122.3433564,
      45.2963396
     ],
     [
      -122.3433519,
      45.2963124
     ],
     [
      -122.3433473,
      45.2962852
     ],
     [
      -122.3433428,
      45.2962579
     ],
     [
      -122.3433382,
      45.2962307
     ],
     [
      -122.3433337,
      45.2962035
     ],
     [
      -122.3433291,
      45.2961763
     ],
     [
      -122.3433246,
      45.296149
     ],
     [
      -122.34332,
      45.2961218
     ],
     [
      -122.3433155,
      45.2960946
     ],
     [
      -122.3433109,
      45.2960673
     ],
     [
      -122.3433063,
      45.2960401
     ],
     [
      -122.3433018,
      45.2960129
     ],
     [
      -122.3432972,
      45.2959857
     ],
     [
      -122.3432927,
      45.2959584
     ],
     [
      -122.3432881,
      45.2959312
     ],
     [
      -122.3432836,
      45.295904
     ],
     [
      -122.343279,
      45.2958767
     ],
     [
      -122.3432745,
      45.2958495
     ],
     [
      -122.3432699,
      45.2958223
     ],
     [
      -122.3432654,
      45.295795
     ],
     [
      -122.3432608,
      45.2957678
     ],
     [
      -122.3432563,
      45.2957406
     ],
     [
      -122.3432517,
      45.2957134
     ],
     [
      -122.3432472,
      45.2956861
     ],
     [
      -122.3432426,
      45.2956589
     ],
     [
      -122.3432381,
      45.2956317
     ],
     [
      -122.3432335,
      45.2956044
     ],
     [
      -122.343229,
      45.2955772
     ],
     [
      -122.3432244,
      45.29555
     ],
     [
      -122.3432199,
      45.2955227
     ],
     [
      -122.3432153,
      45.2954955
     ],
     [
      -122.3432107,
      45.2954683
     ],
     [
      -122.3432062,
      45.2954411
     ],
     [
      -122.3432016,
      45.2954138
     ],
     [
      -122.3431971,
      45.2953866
     ],
     [
      -122.3431925,
      45.2953594
     ],
     [
      -122.343188,
      45.2953321
     ],
     [
      -122.3431834,
      45.2953049
     ],
     [
      -122.3431789,
      45.2952777
     ],
     [
      -122.3431743,
      45.2952505
     ],
     [
      -122.3431698,
      45.2952232
     ],
     [
      -122.3431652,
      45.295196
     ],
     [
      -122.3431607,
      45.2951688
     ],
     [
      -122.3431561,
      45.2951415
     ],
     [
      -122.3431516,
      45.2951143
     ],
     [
      -122.343147,
      45.2950871
     ],
     [
      -122.3431425,
      45.2950598
     ],
     [
      -122.3431379,
      45.2950326
     ],
     [
      -122.3431334,
      45.2950054
     ],
     [
      -122.3431288,
      45.2949782
     ],
     [
      -122.3431243,
      45.2949509
     ],
     [
      -122.3431197,
      45.2949237
     ],
     [
      -122.3431151,
      45.2948965
     ],
     [
      -122.3431106,
      45.2948692
     ],
     [
      -122.343106,
      45.294842
     ],
     [
      -122.3431015,
      45.2948148
     ],
     [
      -122.3430969,
      45.2947875
     ],
     [
      -122.3430924,
      45.2947603
     ],
     [
      -122.3430878,
      45.2947331
     ],
     [
      -122.3430833,
      45.2947059
     ],
     [
      -122.3430787,
      45.2946786
     ],
     [
      -122.3430742,
      45.2946514
     ],
     [
      -122.3430696,
      45.2946242
     ],
     [
      -122.3430651,
      45.2945969
     ],
     [
      -122.3430605,
      45.2945697
     ],
     [
      -122.343056,
      45.2945425
     ],
     [
      -122.3430514,
      45.2945152
     ],
     [
      -122.3430469,
      45.294488
     ],
     [
      -122.3430423,
      45.2944608
     ],
     [
      -122.3430378,
      45.2944336
     ],
     [
      -122.3430332,
      45.2944063
     ],
     [
      -122.3430287,
      45.2943791
     ],
     [
      -122.3430241,
      45.2943519
     ],
     [
      -122.3430195,
      45.2943246
     ],
     [
      -122.343015,
      45.2942974
     ],
     [
      -122.3430104,
      45.2942702
     ],
     [
      -122.3430059,
      45.294243
     ],
     [
      -122.3430013,
      45.2942157
     ],
     [
      -122.3429968,
      45.2941885
     ],
     [
      -122.3429922,
      45.2941613
     ],
     [
      -122.3429877,
      45.294134
     ],
     [
      -122.3429831,
      45.2941068
     ],
     [
      -122.3429786,
      45.2940796
     ],
     [
      -122.342974,
      45.2940523
     ],
     [
      -122.3429695,
      45.2940251
     ],
     [
      -122.3429649,
      45.2939979
     ],
     [
      -122.3429604,
      45.2939707
     ],
     [
      -122.3429558,
      45.2939434
     ],
     [
      -122.3429513,
      45.2939162
     ],
     [
      -122.3429467,
      45.293889
     ],
     [
      -122.3429422,
      45.2938617
     ],
     [
      -122.3429376,
      45.2938345
     ],
     [
      -122.3429331,
      45.2938073
     ],
     [
      -122.3429285,
      45.29378
     ],
     [
      -122.342924,
      45.2937528
     ],
     [
      -122.3429194,
      45.2937256
     ],
     [
      -122.3429149,
      45.2936984
     ],
     [
      -122.3429103,
      45.2936711
     ],
     [
      -122.3429057,
      45.2936439
     ],
     [
      -122.3429012,
      45.2936167
     ],
     [
      -122.3428966,
      45.2935894
     ],
     [
      -122.3428921,
      45.2935622
     ],
     [
      -122.3428875,
      45.293535
     ],
     [
      -122.342883,
      45.2935078
     ],
     [
      -122.3428784,
      45.2934805
     ],
     [
      -122.3428739,
      45.2934533
     ],
     [
      -122.3428693,
      45.2934261
     ],
     [
      -122.3428648,
      45.2933988
     ],
     [
      -122.3428602,
      45.2933716
     ],
     [
      -122.3428557,
      45.2933444
     ],
     [
      -122.3428511,
      45.2933171
     ],
     [
      -122.3428466,
      45.2932899
     ],
     [
      -122.342842,
      45.2932627
     ],
     [
      -122.3428375,
      45.2932355
     ],
     [
      -122.3428329,
      45.2932082
     ],
     [
      -122.3428284,
      45.293181
     ],
     [
      -122.3428238,
      45.2931538
     ],
     [
      -122.3428192,
      45.2931265
     ],
     [
      -122.3428146,
      45.2930993
     ],
     [
      -122.3428099,
      45.2930721
     ],
     [
      -122.3428053,
      45.2930449
     ],
     [
      -122.3428006,
      45.2930177
     ],
     [
      -122.3427958,
      45.2929906
     ],
     [
      -122.342791,
      45.2929635
     ],
     [
      -122.3427861,
      45.2929364
     ],
     [
      -122.3427811,
      45.2929093
     ],
     [
      -122.3427761,
      45.2928823
     ],
     [
      -122.342771,
      45.2928553
     ],
     [
      -122.3427658,
      45.2928283
     ],
     [
      -122.3427606,
      45.2928014
     ],
     [
      -122.3427552,
      45.2927744
     ],
     [
      -122.3427497,
      45.2927475
     ],
     [
      -122.3427442,
      45.2927205
     ],
     [
      -122.3427385,
      45.2926936
     ],
     [
      -122.3427328,
      45.2926667
     ],
     [
      -122.342727,
      45.2926398
     ],
     [
      -122.342721,
      45.2926129
     ],
     [
      -122.342715,
      45.292586
     ],
     [
      -122.3427089,
      45.2925592
     ],
     [
      -122.3427027,
      45.2925323
     ],
     [
      -122.3426964,
      45.2925055
     ],
     [
      -122.3426901,
      45.2924786
     ],
     [
      -122.3426836,
      45.2924518
     ],
     [
      -122.342677,
      45.292425
     ],
     [
      -122.3426704,
      45.2923982
     ],
     [
      -122.3426636,
      45.2923714
     ],
     [
      -122.3426568,
      45.2923446
     ],
     [
      -122.3426498,
      45.2923178
     ],
     [
      -122.3426428,
      45.2922911
     ],
     [
      -122.3426357,
      45.2922643
     ],
     [
      -122.3426285,
      45.2922376
     ],
     [
      -122.3426212,
      45.2922109
     ],
     [
      -122.3426138,
      45.2921841
     ],
     [
      -122.3426063,
      45.2921574
     ],
     [
      -122.3425987,
      45.2921308
     ],
     [
      -122.342591,
      45.2921041
     ],
     [
      -122.3425833,
      45.2920774
     ],
     [
      -122.3425754,
      45.2920508
     ],
     [
      -122.3425675,
      45.2920242
     ],
     [
      -122.3425594,
      45.2919975
     ],
     [
      -122.3425513,
      45.2919709
     ],
     [
      -122.3425431,
      45.2919443
     ],
     [
      -122.3425348,
      45.2919178
     ],
     [
      -122.3425264,
      45.2918912
     ],
     [
      -122.3425179,
      45.2918647
     ],
     [
      -122.3425093,
      45.2918381
     ],
     [
      -122.3425006,
      45.2918116
     ],
     [
      -122.3424919,
      45.2917851
     ],
     [
      -122.342483,
      45.2917586
     ],
     [
      -122.3424741,
      45.2917322
     ],
     [
      -122.342465,
      45.2917057
     ],
     [
      -122.3424559,
      45.2916793
     ],
     [
      -122.3424467,
      45.2916528
     ],
     [
      -122.3424374,
      45.2916264
     ],
     [
      -122.342428,
      45.2916
     ],
     [
      -122.3424185,
      45.2915736
     ],
     [
      -122.3424089,
      45.2915473
     ],
     [
      -122.3423992,
      45.2915209
     ],
     [
      -122.3423895,
      45.2914946
     ],
     [
      -122.3423796,
      45.2914683
     ],
     [
      -122.3423697,
      45.291442
     ],
     [
      -122.3423596,
      45.2914157
     ],
     [
      -122.3423495,
      45.2913895
     ],
     [
      -122.3423393,
      45.2913632
     ],
     [
      -122.342329,
      45.291337
     ],
     [
      -122.3423186,
      45.2913108
     ],
     [
      -122.3423081,
      45.2912846
     ],
     [
      -122.3422975,
      45.2912584
     ],
     [
      -122.3422869,
      45.2912323
     ],
     [
      -122.3422761,
      45.2912061
     ],
     [
      -122.3422653,
      45.29118
     ],
     [
      -122.3422543,
      45.2911539
     ],
     [
      -122.3422433,
      45.2911279
     ],
     [
      -122.3422322,
      45.2911018
     ],
     [
      -122.342221,
      45.2910758
     ],
     [
      -122.3422097,
      45.2910497
     ],
     [
      -122.3421983,
      45.2910237
     ],
     [
      -122.3421868,
      45.2909977
     ],
     [
      -122.3421753,
      45.2909718
     ],
     [
      -122.3421636,
      45.2909458
     ],
     [
      -122.3421519,
      45.2909199
     ],
     [
      -122.3421401,
      45.290894
     ],
     [
      -122.3421282,
      45.2908681
     ],
     [
      -122.3421162,
      45.2908423
     ],
     [
      -122.3421041,
      45.2908164
     ],
     [
      -122.3420919,
      45.2907906
     ],
     [
      -122.3420796,
      45.2907648
     ],
     [
      -122.3420672,
      45.290739
     ],
     [
      -122.3420548,
      45.2907133
     ],
     [
      -122.3420423,
      45.2906875
     ],
     [
      -122.3420296,
      45.2906618
     ],
     [
      -122.3420169,
      45.2906361
     ],
     [
      -122.3420041,
      45.2906105
     ],
     [
      -122.3419912,
      45.2905848
     ],
     [
      -122.3419783,
      45.2905592
     ],
     [
      -122.3419652,
      45.2905336
     ],
     [
      -122.341952,
      45.290508
     ],
     [
      -122.3419388,
      45.2904824
     ],
     [
      -122.3419255,
      45.2904569
     ],
     [
      -122.3419121,
      45.2904314
     ],
     [
      -122.3418986,
      45.2904059
     ],
     [
      -122.341885,
      45.2903804
     ],
     [
      -122.3418713,
      45.290355
     ],
     [
      -122.3418575,
      45.2903296
     ],
     [
      -122.3418437,
      45.2903042
     ],
     [
      -122.3418297,
      45.2902788
     ],
     [
      -122.3418157,
      45.2902534
     ],
     [
      -122.3418016,
      45.2902281
     ],
     [
      -122.3417874,
      45.2902028
     ],
     [
      -122.3417731,
      45.2901775
     ],
     [
      -122.3417587,
      45.2901523
     ],
     [
      -122.3417443,
      45.2901271
     ],
     [
      -122.3417297,
      45.2901018
     ],
     [
      -122.3417151,
      45.2900767
     ],
     [
      -122.3417003,
      45.2900515
     ],
     [
      -122.3416855,
      45.2900264
     ],
     [
      -122.3416706,
      45.2900013
     ],
     [
      -122.3416556,
      45.2899762
     ],
     [
      -122.3416405,
      45.2899511
     ],
     [
      -122.3416252,
      45.2899261
     ],
     [
      -122.3416098,
      45.289901
     ],
     [
      -122.3415942,
      45.2898761
     ],
     [
      -122.3415785,
      45.2898511
     ],
     [
      -122.3415626,
      45.2898262
     ],
     [
      -122.3415465,
      45.2898014
     ],
     [
      -122.3415302,
      45.2897766
     ],
     [
      -122.3415138,
      45.2897518
     ],
     [
      -122.3414971,
      45.2897271
     ],
     [
      -122.3414803,
      45.2897025
     ],
     [
      -122.3414633,
      45.289678
     ],
     [
      -122.3414461,
      45.2896535
     ],
     [
      -122.3414288,
      45.2896291
     ],
     [
      -122.3414112,
      45.2896047
     ],
     [
      -122.3413935,
      45.2895804
     ],
     [
      -122.3413756,
      45.2895562
     ],
     [
      -122.3413575,
      45.289532
     ],
     [
      -122.3413392,
      45.2895079
     ],
     [
      -122.3413208,
      45.2894839
     ],
     [
      -122.3413022,
      45.2894599
     ],
     [
      -122.3412834,
      45.289436
     ],
     [
      -122.3412644,
      45.2894122
     ],
     [
      -122.3412453,
      45.2893884
     ],
     [
      -122.3412259,
      45.2893647
     ],
     [
      -122.3412064,
      45.2893411
     ],
     [
      -122.3411868,
      45.2893176
     ],
     [
      -122.3411669,
      45.2892941
     ],
     [
      -122.3411469,
      45.2892707
     ],
     [
      -122.3411267,
      45.2892474
     ],
     [
      -122.3411064,
      45.2892242
     ],
     [
      -122.3410858,
      45.289201
     ],
     [
      -122.3410651,
      45.2891779
     ],
     [
      -122.3410442,
      45.2891549
     ],
     [
      -122.3410232,
      45.2891319
     ],
     [
      -122.341002,
      45.2891091
     ],
     [
      -122.3409806,
      45.2890863
     ],
     [
      -122.340959,
      45.2890636
     ],
     [
      -122.3409373,
      45.289041
     ],
     [
      -122.3409154,
      45.2890184
     ],
     [
      -122.3408934,
      45.288996
     ],
     [
      -122.3408712,
      45.2889736
     ],
     [
      -122.3408488,
      45.2889513
     ],
     [
      -122.3408262,
      45.288929
     ],
     [
      -122.3408035,
      45.2889069
     ],
     [
      -122.3407807,
      45.2888849
     ],
     [
      -122.3407576,
      45.2888629
     ],
     [
      -122.3407344,
      45.288841
     ],
     [
      -122.3407111,
      45.2888192
     ],
     [
      -122.3406875,
      45.2887975
     ],
     [
      -122.3406639,
      45.2887759
     ],
     [
      -122.34064,
      45.2887544
     ],
     [
      -122.340616,
      45.2887329
     ],
     [
      -122.3405919,
      45.2887116
     ],
     [
      -122.3405675,
      45.2886903
     ],
     [
      -122.3405431,
      45.2886691
     ],
     [
      -122.3405184,
      45.288648
     ],
     [
      -122.3404937,
      45.288627
     ],
     [
      -122.3404687,
      45.2886061
     ],
     [
      -122.3404436,
      45.2885853
     ],
     [
      -122.3404184,
      45.2885646
     ],
     [
      -122.340393,
      45.2885439
     ],
     [
      -122.3403674,
      45.2885234
     ],
     [
      -122.3403417,
      45.288503
     ],
     [
      -122.3403159,
      45.2884826
     ],
     [
      -122.3402899,
      45.2884624
     ],
     [
      -122.3402637,
      45.2884422
     ],
     [
      -122.3402374,
      45.2884222
     ],
     [
      -122.340211,
      45.2884022
     ],
     [
      -122.3401844,
      45.2883824
     ],
     [
      -122.3401576,
      45.2883626
     ],
     [
      -122.3401307,
      45.2883429
     ],
     [
      -122.3401037,
      45.2883234
     ],
     [
      -122.3400765,
      45.2883039
     ],
     [
      -122.3400492,
      45.2882845
     ],
     [
      -122.3400217,
      45.2882653
     ],
     [
      -122.3399941,
      45.2882461
     ],
     [
      -122.3399664,
      45.288227
     ],
     [
      -122.3399385,
      45.2882081
     ],
     [
      -122.3399105,
      45.2881892
     ],
     [
      -122.3398823,
      45.2881705
     ],
     [
      -122.339854,
      45.2881518
     ],
     [
      -122.3398256,
      45.2881333
     ],
     [
      -122.339797,
      45.2881148
     ],
     [
      -122.3397683,
      45.2880965
     ],
     [
      -122.3397394,
      45.2880783
     ],
     [
      -122.3397104,
      45.2880602
     ],
     [
      -122.3396813,
      45.2880421
     ],
     [
      -122.3396521,
      45.2880242
     ],
     [
      -122.3396227,
      45.2880064
     ],
     [
      -122.3395932,
      45.2879887
     ],
     [
      -122.3395635,
      45.2879712
     ],
     [
      -122.3395338,
      45.2879537
     ],
     [
      -122.3395039,
      45.2879363
     ],
     [
      -122.3394738,
      45.2879191
     ],
     [
      -122.3394437,
      45.2879019
     ],
     [
      -122.3394134,
      45.2878849
     ],
     [
      -122.339383,
      45.287868
     ],
     [
      -122.3393524,
      45.2878512
     ],
     [
      -122.3393218,
      45.2878345
     ],
     [
      -122.339291,
      45.2878179
     ],
     [
      -122.3392601,
      45.2878014
     ],
     [
      -122.3392291,
      45.2877851
     ],
     [
      -122.3391979,
      45.2877689
     ],
     [
      -122.3391667,
      45.2877527
     ],
     [
      -122.3391353,
      45.2877367
     ],
     [
      -122.3391038,
      45.2877208
     ],
     [
      -122.3390722,
      45.2877051
     ],
     [
      -122.3390404,
      45.2876894
     ],
     [
      -122.3390086,
      45.2876739
     ],
     [
      -122.3389766,
      45.2876584
     ],
     [
      -122.3389446,
      45.2876431
     ],
     [
      -122.3389124,
      45.2876279
     ],
     [
      -122.3388801,
      45.2876129
     ],
     [
      -122.3388477,
      45.2875979
     ],
     [
      -122.3388152,
      45.287583
     ],
     [
      -122.3387826,
      45.2875681
     ],
     [
      -122.33875,
      45.2875534
     ],
     [
      -122.3387173,
      45.2875386
     ],
     [
      -122.3386846,
      45.2875239
     ],
     [
      -122.3386518,
      45.2875092
     ],
     [
      -122.3386191,
      45.2874946
     ],
     [
      -122.3385863,
      45.2874799
     ],
     [
      -122.3385536,
      45.2874652
     ],
     [
      -122.3385208,
      45.2874505
     ],
     [
      -122.3384881,
      45.2874358
     ],
     [
      -122.3384553,
      45.2874211
     ],
     [
      -122.3384225,
      45.2874065
     ],
     [
      -122.3383898,
      45.2873918
     ],
     [
      -122.338357,
      45.2873771
     ],
     [
      -122.3383243,
      45.2873624
     ],
     [
      -122.3382915,
      45.2873477
     ],
     [
      -122.3382588,
      45.287333
     ],
     [
      -122.338226,
      45.2873184
     ],
     [
      -122.3381932,
      45.2873037
     ],
     [
      -122.3381605,
      45.287289
     ],
     [
      -122.3381277,
      45.2872743
     ],
     [
      -122.338095,
      45.2872596
     ],
     [
      -122.3380622,
      45.2872449
     ],
     [
      -122.3380295,
      45.2872303
     ],
     [
      -122.3379967,
      45.2872156
     ],
     [
      -122.3379639,
      45.2872009
     ],
     [
      -122.3379312,
      45.2871862
     ],
     [
      -122.3378984,
      45.2871715
     ],
     [
      -122.3378657,
      45.2871568
     ],
     [
      -122.3378329,
      45.2871422
     ],
     [
      -122.3378002,
      45.2871275
     ],
     [
      -122.3377674,
      45.2871128
     ],
     [
      -122.3377346,
      45.2870981
     ],
     [
      -122.3377019,
      45.2870834
     ],
     [
      -122.3376691,
      45.2870687
     ],
     [
      -122.3376364,
      45.2870541
     ],
     [
      -122.3376036,
      45.2870394
     ],
     [
      -122.3375709,
      45.2870247
     ],
     [
      -122.3375381,
      45.28701
     ],
     [
      -122.3375053,
      45.2869953
     ],
     [
      -122.3374726,
      45.2869806
     ],
     [
      -122.3374398,
      45.286966
     ],
     [
      -122.3374071,
      45.2869513
     ],
     [
      -122.3373743,
      45.2869366
     ],
     [
      -122.3373416,
      45.2869219
     ],
     [
      -122.3373088,
      45.2869072
     ],
     [
      -122.337276,
      45.2868925
     ],
     [
      -122.3372433,
      45.2868779
     ],
     [
      -122.3372105,
      45.2868632
     ],
     [
      -122.3371778,
      45.2868485
     ],
     [
      -122.337145,
      45.2868338
     ],
     [
      -122.3371123,
      45.2868191
     ],
     [
      -122.3370795,
      45.2868044
     ],
     [
      -122.3370467,
      45.2867898
     ],
     [
      -122.337014,
      45.2867751
     ],
     [
      -122.3369812,
      45.2867604
     ],
     [
      -122.3369485,
      45.2867457
     ],
     [
      -122.3369157,
      45.286731
     ],
     [
      -122.336883,
      45.2867163
     ],
     [
      -122.3368502,
      45.2867017
     ],
     [
      -122.3368174,
      45.286687
     ],
     [
      -122.3367847,
      45.2866723
     ],
     [
      -122.3367519,
      45.2866576
     ],
     [
      -122.3367192,
      45.2866429
     ],
     [
      -122.3366864,
      45.2866282
     ],
     [
      -122.3366537,
      45.2866136
     ],
     [
      -122.3366209,
      45.2865989
     ],
     [
      -122.3365881,
      45.2865842
     ],
     [
      -122.3365554,
      45.2865695
     ],
     [
      -122.3365226,
      45.2865548
     ],
     [
      -122.3364899,
      45.2865401
     ],
     [
      -122.3364571,
      45.2865254
     ],
     [
      -122.3364244,
      45.2865108
     ],
     [
      -122.3363916,
      45.2864961
     ],
     [
      -122.3363589,
      45.2864814
     ],
     [
      -122.3363261,
      45.2864667
     ],
     [
      -122.3362933,
      45.286452
     ],
     [
      -122.3362606,
      45.2864373
     ],
     [
      -122.3362278,
      45.2864227
     ],
     [
      -122.3361951,
      45.286408
     ],
     [
      -122.3361623,
      45.2863933
     ],
     [
      -122.3361296,
      45.2863786
     ],
     [
      -122.3360968,
      45.2863639
     ],
     [
      -122.336064,
      45.2863492
     ],
     [
      -122.3360313,
      45.2863346
     ],
     [
      -122.3359985,
      45.2863199
     ],
     [
      -122.3359658,
      45.2863052
     ],
     [
      -122.335933,
      45.2862905
     ],
     [
      -122.3359003,
      45.2862758
     ],
     [
      -122.3358675,
      45.2862611
     ],
     [
      -122.3358348,
      45.2862465
     ],
     [
      -122.335802,
      45.2862318
     ],
     [
      -122.3357692,
      45.2862171
     ],
     [
      -122.3357365,
      45.2862024
     ],
     [
      -122.3357037,
      45.2861877
     ],
     [
      -122.335671,
      45.286173
     ],
     [
      -122.3356382,
      45.2861583
     ],
     [
      -122.3356055,
      45.2861437
     ],
     [
      -122.3355727,
      45.286129
     ],
     [
      -122.3355399,
      45.2861143
     ],
     [
      -122.3355072,
      45.2860996
     ],
     [
      -122.3354744,
      45.2860849
     ],
     [
      -122.3354417,
      45.2860702
     ],
     [
      -122.3354089,
      45.2860556
     ],
     [
      -122.3353762,
      45.2860409
     ],
     [
      -122.3353434,
      45.2860262
     ],
     [
      -122.3353107,
      45.2860115
     ],
     [
      -122.3352779,
      45.2859968
     ],
     [
      -122.3352451,
      45.2859821
     ],
     [
      -122.3352124,
      45.2859675
     ],
     [
      -122.3351796,
      45.2859528
     ],
     [
      -122.3351469,
      45.2859381
     ],
     [
      -122.3351141,
      45.2859234
     ],
     [
      -122.3350814,
      45.2859087
     ],
     [
      -122.3350486,
      45.285894
     ],
     [
      -122.3350159,
      45.2858794
     ],
     [
      -122.3349831,
      45.2858647
     ],
     [
      -122.3349503,
      45.28585
     ],
     [
      -122.3349176,
      45.2858353
     ],
     [
      -122.3348848,
      45.2858206
     ],
     [
      -122.3348521,
      45.2858059
     ],
     [
      -122.3348193,
      45.2857912
     ],
     [
      -122.3347866,
      45.2857766
     ],
     [
      -122.3347538,
      45.2857619
     ],
     [
      -122.3347211,
      45.2857472
     ],
     [
      -122.3346883,
      45.2857325
     ],
     [
      -122.3346555,
      45.2857178
     ],
     [
      -122.3346228,
      45.2857031
     ],
     [
      -122.33459,
      45.2856885
     ],
     [
      -122.3345573,
      45.2856738
     ],
     [
      -122.3345245,
      45.2856591
     ],
     [
      -122.3344918,
      45.2856444
     ],
     [
      -122.334459,
      45.2856297
     ],
     [
      -122.3344263,
      45.285615
     ],
     [
      -122.3343935,
      45.2856003
     ],
     [
      -122.3343607,
      45.2855857
     ],
     [
      -122.334328,
      45.285571
     ],
     [
      -122.3342952,
      45.2855563
     ],
     [
      -122.3342625,
      45.2855416
     ],
     [
      -122.3342297,
      45.2855269
     ],
     [
      -122.334197,
      45.2855122
     ],
     [
      -122.3341642,
      45.2854976
     ],
     [
      -122.3341315,
      45.2854829
     ],
     [
      -122.3340987,
      45.2854682
     ],
     [
      -122.3340659,
      45.2854535
     ],
     [
      -122.3340332,
      45.2854388
     ],
     [
      -122.3340004,
      45.2854241
     ],
     [
      -122.3339677,
      45.2854094
     ],
     [
      -122.3339349,
      45.2853948
     ],
     [
      -122.3339022,
      45.2853801
     ],
     [
      -122.3338694,
      45.2853654
     ],
     [
      -122.3338367,
      45.2853507
     ],
     [
      -122.3338039,
      45.285336
     ],
     [
      -122.3337711,
      45.2853213
     ],
     [
      -122.3337384,
      45.2853067
     ],
     [
      -122.3337056,
      45.285292
     ],
     [
      -122.3336729,
      45.2852773
     ],
     [
      -122.3336401,
      45.2852626
     ],
     [
      -122.3336074,
      45.2852479
     ],
     [
      -122.3335746,
      45.2852332
     ],
     [
      -122.3335419,
      45.2852185
     ],
     [
      -122.3335091,
      45.2852039
     ],
     [
      -122.3334763,
      45.2851892
     ],
     [
      -122.3334436,
      45.2851745
     ],
     [
      -122.3334108,
      45.2851598
     ],
     [
      -122.3333781,
      45.2851451
     ],
     [
      -122.3333453,
      45.2851304
     ],
     [
      -122.3333126,
      45.2851158
     ],
     [
      -122.3332798,
      45.2851011
     ],
     [
      -122.3332471,
      45.2850864
     ],
     [
      -122.3332143,
      45.2850717
     ],
     [
      -122.3331816,
      45.285057
     ],
     [
      -122.3331488,
      45.2850423
     ],
     [
      -122.333116,
      45.2850276
     ],
     [
      -122.3330833,
      45.285013
     ],
     [
      -122.3330505,
      45.2849983
     ],
     [
      -122.3330178,
      45.2849836
     ],
     [
      -122.332985,
      45.2849689
     ],
     [
      -122.3329523,
      45.2849542
     ],
     [
      -122.3329195,
      45.2849395
     ],
     [
      -122.3328868,
      45.2849249
     ],
     [
      -122.332854,
      45.2849102
     ],
     [
      -122.3328213,
      45.2848955
     ],
     [
      -122.3327886,
      45.2848808
     ],
     [
      -122.3327561,
      45.2848661
     ],
     [
      -122.3327238,
      45.2848514
     ],
     [
      -122.3326917,
      45.2848365
     ],
     [
      -122.3326599,
      45.2848215
     ],
     [
      -122.3326284,
      45.2848063
     ],
     [
      -122.3325972,
      45.2847909
     ],
     [
      -122.3325665,
      45.2847752
     ],
     [
      -122.3325362,
      45.2847592
     ],
     [
      -122.3325063,
      45.2847428
     ],
     [
      -122.3324768,
      45.2847261
     ],
     [
      -122.3324477,
      45.284709
     ],
     [
      -122.332419,
      45.2846916
     ],
     [
      -122.3323908,
      45.2846739
     ],
     [
      -122.3323629,
      45.2846558
     ],
     [
      -122.3323355,
      45.2846374
     ],
     [
      -122.3323086,
      45.2846186
     ],
     [
      -122.3322821,
      45.2845996
     ],
     [
      -122.3322561,
      45.2845802
     ],
     [
      -122.3322305,
      45.2845605
     ],
     [
      -122.3322055,
      45.2845405
     ],
     [
      -122.3321809,
      45.2845202
     ],
     [
      -122.3321568,
      45.2844996
     ],
     [
      -122.3321332,
      45.2844787
     ],
     [
      -122.3321101,
      45.2844576
     ],
     [
      -122.3320875,
      45.2844362
     ],
     [
      -122.3320654,
      45.2844145
     ],
     [
      -122.3320439,
      45.2843925
     ],
     [
      -122.3320229,
      45.2843703
     ],
     [
      -122.3320024,
      45.2843479
     ],
     [
      -122.3319825,
      45.2843252
     ],
     [
      -122.3319631,
      45.2843022
     ],
     [
      -122.3319443,
      45.2842791
     ],
     [
      -122.331926,
      45.2842557
     ],
     [
      -122.3319083,
      45.2842321
     ],
     [
      -122.3318911,
      45.2842082
     ],
     [
      -122.3318744,
      45.2841841
     ],
     [
      -122.331858,
      45.2841598
     ],
     [
      -122.3318419,
      45.2841352
     ],
     [
      -122.331826,
      45.2841106
     ],
     [
      -122.3318104,
      45.2840857
     ],
     [
      -122.3317949,
      45.2840608
     ],
     [
      -122.3317794,
      45.2840357
     ],
     [
      -122.3317639,
      45.2840106
     ],
     [
      -122.3317484,
      45.2839855
     ],
     [
      -122.3317329,
      45.2839604
     ],
     [
      -122.3317172,
      45.2839354
     ],
     [
      -122.3317013,
      45.2839106
     ],
     [
      -122.3316851,
      45.2838859
     ],
     [
      -122.3316684,
      45.2838614
     ],
     [
      -122.3316512,
      45.2838371
     ],
     [
      -122.3316333,
      45.2838132
     ],
     [
      -122.3316147,
      45.2837896
     ],
     [
      -122.3315952,
      45.2837663
     ],
     [
      -122.3315748,
      45.2837435
     ],
     [
      -122.3315536,
      45.2837211
     ],
     [
      -122.3315315,
      45.2836991
     ],
     [
      -122.3315085,
      45.2836775
     ],
     [
      -122.3314847,
      45.2836564
     ],
     [
      -122.3314601,
      45.2836357
     ],
     [
      -122.3314347,
      45.2836156
     ],
     [
      -122.3314085,
      45.2835959
     ],
     [
      -122.3313816,
      45.2835767
     ],
     [
      -122.3313539,
      45.2835581
     ],
     [
      -122.3313255,
      45.2835401
     ],
     [
      -122.3312964,
      45.2835226
     ],
     [
      -122.3312667,
      45.2835056
     ],
     [
      -122.3312363,
      45.2834892
     ],
     [
      -122.3312053,
      45.2834733
     ],
     [
      -122.3311738,
      45.2834578
     ],
     [
      -122.3311419,
      45.2834426
     ],
     [
      -122.3311097,
      45.2834277
     ],
     [
      -122.3310772,
      45.2834131
     ],
     [
      -122.3310445,
      45.2833986
     ],
     [
      -122.3310117,
      45.2833842
     ],
     [
      -122.3309788,
      45.2833698
     ],
     [
      -122.3309459,
      45.2833554
     ],
     [
      -122.330913,
      45.283341
     ],
     [
      -122.3308801,
      45.2833266
     ],
     [
      -122.3308472,
      45.2833122
     ],
     [
      -122.3308143,
      45.2832978
     ],
     [
      -122.3307814,
      45.2832835
     ],
     [
      -122.3307485,
      45.2832691
     ],
     [
      -122.3307157,
      45.2832547
     ],
     [
      -122.3306828,
      45.2832403
     ],
     [
      -122.3306499,
      45.2832259
     ],
     [
      -122.330617,
      45.2832115
     ],
     [
      -122.3305841,
      45.2831971
     ],
     [
      -122.3305512,
      45.2831827
     ],
     [
      -122.3305183,
      45.2831684
     ],
     [
      -122.3304854,
      45.283154
     ],
     [
      -122.3304525,
      45.2831396
     ],
     [
      -122.3304196,
      45.2831252
     ],
     [
      -122.3303868,
      45.2831108
     ],
     [
      -122.3303539,
      45.2830964
     ],
     [
      -122.330321,
      45.283082
     ],
     [
      -122.3302881,
      45.2830677
     ],
     [
      -122.3302552,
      45.2830533
     ],
     [
      -122.3302223,
      45.2830389
     ],
     [
      -122.3301894,
      45.2830245
     ],
     [
      -122.3301565,
      45.2830101
     ],
     [
      -122.3301236,
      45.2829957
     ],
     [
      -122.3300908,
      45.2829813
     ],
     [
      -122.3300579,
      45.2829669
     ],
     [
      -122.330025,
      45.2829526
     ],
     [
      -122.3299921,
      45.2829382
     ],
     [
      -122.3299592,
      45.2829238
     ],
     [
      -122.3299263,
      45.2829094
     ],
     [
      -122.3298934,
      45.282895
     ],
     [
      -122.3298605,
      45.2828806
     ],
     [
      -122.3298276,
      45.2828662
     ],
     [
      -122.3297947,
      45.2828518
     ],
     [
      -122.3297619,
      45.2828375
     ],
     [
      -122.329729,
      45.2828231
     ],
     [
      -122.3296961,
      45.2828087
     ],
     [
      -122.3296632,
      45.2827943
     ],
     [
      -122.3296303,
      45.2827799
     ],
     [
      -122.3295974,
      45.2827655
     ],
     [
      -122.3295645,
      45.2827511
     ],
     [
      -122.3295316,
      45.2827367
     ],
     [
      -122.3294987,
      45.2827224
     ],
     [
      -122.3294659,
      45.282708
     ],
     [
      -122.329433,
      45.2826936
     ],
     [
      -122.3294001,
      45.2826792
     ],
     [
      -122.3293672,
      45.2826648
     ],
     [
      -122.3293343,
      45.2826504
     ],
     [
      -122.3293014,
      45.282636
     ],
     [
      -122.3292685,
      45.2826216
     ],
     [
      -122.3292356,
      45.2826073
     ],
     [
      -122.3292027,
      45.2825929
     ],
     [
      -122.3291698,
      45.2825785
     ],
     [
      -122.329137,
      45.2825641
     ],
     [
      -122.3291041,
      45.2825497
     ],
     [
      -122.3290712,
      45.2825353
     ],
     [
      -122.3290383,
      45.2825209
     ],
     [
      -122.3290054,
      45.2825065
     ],
     [
      -122.3289725,
      45.2824922
     ],
     [
      -122.3289396,
      45.2824778
     ],
     [
      -122.3289067,
      45.2824634
     ],
     [
      -122.3288738,
      45.282449
     ],
     [
      -122.328841,
      45.2824346
     ],
     [
      -122.3288081,
      45.2824202
     ],
     [
      -122.3287752,
      45.2824058
     ],
     [
      -122.3287423,
      45.2823914
     ],
     [
      -122.3287094,
      45.2823771
     ],
     [
      -122.3286765,
      45.2823627
     ],
     [
      -122.3286436,
      45.2823483
     ],
     [
      -122.3286107,
      45.2823339
     ],
     [
      -122.3285778,
      45.2823195
     ],
     [
      -122.328545,
      45.2823051
     ],
     [
      -122.3285121,
      45.2822907
     ],
     [
      -122.3284792,
      45.2822763
     ],
     [
      -122.3284463,
      45.2822619
     ],
     [
      -122.3284134,
      45.2822476
     ],
     [
      -122.3283805,
      45.2822332
     ],
     [
      -122.3283476,
      45.2822188
     ],
     [
      -122.3283147,
      45.2822044
     ],
     [
      -122.3282818,
      45.28219
     ],
     [
      -122.328249,
      45.2821756
     ],
     [
      -122.3282161,
      45.2821612
     ],
     [
      -122.3281832,
      45.2821468
     ],
     [
      -122.3281503,
      45.2821325
     ],
     [
      -122.3281174,
      45.2821181
     ],
     [
      -122.3280845,
      45.2821037
     ],
     [
      -122.3280516,
      45.2820893
     ],
     [
      -122.3280187,
      45.2820749
     ],
     [
      -122.3279859,
      45.2820605
     ],
     [
      -122.327953,
      45.2820461
     ],
     [
      -122.3279201,
      45.2820317
     ],
     [
      -122.3278872,
      45.2820174
     ],
     [
      -122.3278543,
      45.282003
     ],
     [
      -122.3278214,
      45.2819886
     ],
     [
      -122.3277885,
      45.2819742
     ],
     [
      -122.3277556,
      45.2819598
     ],
     [
      -122.3277227,
      45.2819454
     ],
     [
      -122.3276899,
      45.281931
     ],
     [
      -122.327657,
      45.2819166
     ],
     [
      -122.3276241,
      45.2819023
     ],
     [
      -122.3275912,
      45.2818879
     ],
     [
      -122.3275583,
      45.2818735
     ],
     [
      -122.3275254,
      45.2818591
     ],
     [
      -122.3274925,
      45.2818447
     ],
     [
      -122.3274596,
      45.2818303
     ],
     [
      -122.3274267,
      45.2818159
     ],
     [
      -122.3273939,
      45.2818015
     ],
     [
      -122.327361,
      45.2817871
     ],
     [
      -122.3273281,
      45.2817728
     ],
     [
      -122.3272952,
      45.2817584
     ],
     [
      -122.3272623,
      45.281744
     ],
     [
      -122.3272294,
      45.2817296
     ],
     [
      -122.3271965,
      45.2817152
     ],
     [
      -122.3271636,
      45.2817008
     ],
     [
      -122.3271308,
      45.2816864
     ],
     [
      -122.3270979,
      45.281672
     ],
     [
      -122.327065,
      45.2816577
     ],
     [
      -122.3270321,
      45.2816433
     ],
     [
      -122.3269992,
      45.2816289
     ],
     [
      -122.3269663,
      45.2816145
     ],
     [
      -122.3269334,
      45.2816001
     ],
     [
      -122.3269005,
      45.2815857
     ],
     [
      -122.3268677,
      45.2815713
     ],
     [
      -122.3268348,
      45.2815569
     ],
     [
      -122.3268019,
      45.2815425
     ],
     [
      -122.326769,
      45.2815282
     ],
     [
      -122.3267361,
      45.2815138
     ],
     [
      -122.3267032,
      45.2814994
     ],
     [
      -122.3266703,
      45.281485
     ],
     [
      -122.3266376,
      45.2814706
     ],
     [
      -122.3266051,
      45.2814562
     ],
     [
      -122.326573,
      45.2814416
     ],
     [
      -122.3265413,
      45.2814268
     ],
     [
      -122.32651,
      45.2814117
     ],
     [
      -122.3264794,
      45.2813962
     ],
     [
      -122.3264495,
      45.2813803
     ],
     [
      -122.3264203,
      45.2813639
     ],
     [
      -122.326392,
      45.2813469
     ],
     [
      -122.3263646,
      45.2813293
     ],
     [
      -122.326338,
      45.281311
     ],
     [
      -122.3263123,
      45.2812921
     ],
     [
      -122.3262875,
      45.2812725
     ],
     [
      -122.3262636,
      45.2812525
     ],
     [
      -122.3262407,
      45.2812318
     ],
     [
      -122.3262188,
      45.2812106
     ],
     [
      -122.3261978,
      45.2811889
     ],
     [
      -122.3261777,
      45.2811668
     ],
     [
      -122.3261582,
      45.2811442
     ],
     [
      -122.3261393,
      45.2811212
     ],
     [
      -122.326121,
      45.281098
     ],
     [
      -122.3261029,
      45.2810746
     ],
     [
      -122.3260852,
      45.281051
     ],
     [
      -122.3260676,
      45.2810272
     ],
     [
      -122.32605,
      45.2810034
     ],
     [
      -122.3260324,
      45.2809795
     ],
     [
      -122.3260149,
      45.2809557
     ],
     [
      -122.3259973,
      45.2809319
     ],
     [
      -122.3259797,
      45.2809081
     ],
     [
      -122.3259621,
      45.2808842
     ],
     [
      -122.3259445,
      45.2808604
     ],
     [
      -122.325927,
      45.2808366
     ],
     [
      -122.3259094,
      45.2808128
     ],
     [
      -122.3258918,
      45.2807889
     ],
     [
      -122.3258742,
      45.2807651
     ],
     [
      -122.3258567,
      45.2807413
     ],
     [
      -122.3258391,
      45.2807176
     ],
     [
      -122.3258214,
      45.280694
     ],
     [
      -122.3258035,
      45.2806707
     ],
     [
      -122.3257853,
      45.2806476
     ],
     [
      -122.3257666,
      45.2806249
     ],
     [
      -122.3257474,
      45.2806025
     ],
     [
      -122.3257276,
      45.2805806
     ],
     [
      -122.3257069,
      45.2805592
     ],
     [
      -122.3256855,
      45.2805383
     ],
     [
      -122.325663,
      45.280518
     ],
     [
      -122.3256397,
      45.2804982
     ],
     [
      -122.3256154,
      45.2804789
     ],
     [
      -122.3255902,
      45.2804602
     ],
     [
      -122.3255642,
      45.2804421
     ],
     [
      -122.3255377,
      45.2804247
     ],
     [
      -122.3255107,
      45.280408
     ],
     [
      -122.3254834,
      45.2803919
     ],
     [
      -122.3254559,
      45.2803763
     ],
     [
      -122.3254283,
      45.2803611
     ],
     [
      -122.3254006,
      45.2803464
     ],
     [
      -122.3253761,
      45.2803335
     ],
     [
      -122.3253547,
      45.2803225
     ],
     [
      -122.3253365,
      45.2803131
     ],
     [
      -122.3253214,
      45.2803054
     ],
     [
      -122.3249613,
      45.2801061
     ],
     [
      -122.3246261,
      45.2798927
     ],
     [
      -122.3243143,
      45.2796658
     ],
     [
      -122.3240244,
      45.2794263
     ],
     [
      -122.3237549,
      45.2791752
     ],
     [
      -122.3235042,
      45.2789132
     ],
     [
      -122.3232708,
      45.2786411
     ],
     [
      -122.3230532,
      45.2783599
     ],
     [
      -122.3228499,
      45.2780703
     ],
     [
      -122.3226593,
      45.2777731
     ],
     [
      -122.3224799,
      45.2774694
     ],
     [
      -122.3223102,
      45.2771597
     ],
     [
      -122.3221487,
      45.2768451
     ],
     [
      -122.3219939,
      45.2765264
     ],
     [
      -122.3218442,
      45.2762043
     ],
     [
      -122.3216981,
      45.2758798
     ],
     [
      -122.3215541,
      45.2755536
     ],
     [
      -122.3214106,
      45.2752267
     ],
     [
      -122.3212662,
      45.2748998
     ],
     [
      -122.3211194,
      45.2745738
     ],
     [
      -122.3209685,
      45.2742496
     ],
     [
      -122.3208121,
      45.2739279
     ],
     [
      -122.3206487,
      45.2736097
     ],
     [
      -122.3204767,
      45.2732957
     ],
     [
      -122.3202946,
      45.2729868
     ],
     [
      -122.3201009,
      45.2726838
     ],
     [
      -122.319894,
      45.2723877
     ],
     [
      -122.3196725,
      45.2720991
     ],
     [
      -122.3194349,
      45.271819
     ],
     [
      -122.3193473,
      45.271721
     ],
     [
      -122.3192618,
      45.2716232
     ],
     [
      -122.3191777,
      45.2715254
     ],
     [
      -122.3190943,
      45.2714276
     ],
     [
      -122.3190109,
      45.2713299
     ],
     [
      -122.3189268,
      45.2712321
     ],
     [
      -122.3188414,
      45.2711342
     ],
     [
      -122.3187538,
      45.2710362
     ],
     [
      -122.3186634,
      45.270938
     ],
     [
      -122.3185695,
      45.2708396
     ],
     [
      -122.3184714,
      45.2707409
     ],
     [
      -122.3183684,
      45.2706419
     ],
     [
      -122.3182609,
      45.2705418
     ],
     [
      -122.31815,
      45.2704402
     ],
     [
      -122.3180357,
      45.2703375
     ],
     [
      -122.3179185,
      45.2702342
     ],
     [
      -122.3177984,
      45.2701307
     ],
     [
      -122.3176758,
      45.2700274
     ],
     [
      -122.3175508,
      45.2699249
     ],
     [
      -122.3174237,
      45.2698235
     ],
     [
      -122.3172948,
      45.2697238
     ],
     [
      -122.3171641,
      45.2696261
     ],
     [
      -122.317032,
      45.2695309
     ],
     [
      -122.3168987,
      45.2694386
     ],
     [
      -122.3167628,
      45.2693482
     ],
     [
      -122.316623,
      45.2692583
     ],
     [
      -122.3164801,
      45.2691694
     ],
     [
      -122.3163346,
      45.2690817
     ],
     [
      -122.3161872,
      45.2689957
     ],
     [
      -122.3160386,
      45.2689116
     ],
     [
      -122.3158894,
      45.2688298
     ],
     [
      -122.3157402,
      45.2687506
     ],
     [
      -122.3155917,
      45.2686745
     ],
     [
      -122.3154445,
      45.2686016
     ],
     [
      -122.3152993,
      45.2685325
     ],
     [
      -122.3151567,
      45.2684674
     ],
     [
      -122.3150164,
      45.2684063
     ],
     [
      -122.3148775,
      45.2683491
     ],
     [
      -122.3147397,
      45.2682954
     ],
     [
      -122.3146029,
      45.268245
     ],
     [
      -122.3144667,
      45.2681975
     ],
     [
      -122.314331,
      45.2681528
     ],
     [
      -122.3141955,
      45.2681105
     ],
     [
      -122.3140599,
      45.2680704
     ],
     [
      -122.3139241,
      45.2680322
     ],
     [
      -122.3137878,
      45.2679957
     ],
     [
      -122.3136508,
      45.2679606
     ],
     [
      -122.3135127,
      45.2679266
     ],
     [
      -122.3133736,
      45.267895
     ],
     [
      -122.3132337,
      45.2678668
     ],
     [
      -122.313093,
      45.2678416
     ],
     [
      -122.3129519,
      45.2678189
     ],
     [
      -122.3128105,
      45.267798
     ],
     [
      -122.3126691,
      45.2677786
     ],
     [
      -122.3125278,
      45.26776
     ],
     [
      -122.3123868,
      45.2677419
     ],
     [
      -122.3122464,
      45.2677236
     ],
     [
      -122.3121067,
      45.2677046
     ],
     [
      -122.311968,
      45.2676845
     ],
     [
      -122.3118304,
      45.2676627
     ],
     [
      -122.3116963,
      45.2676409
     ],
     [
      -122.3115669,
      45.2676206
     ],
     [
      -122.3114409,
      45.2676014
     ],
     [
      -122.3113168,
      45.2675826
     ],
     [
      -122.3111932,
      45.2675636
     ],
     [
      -122.3110688,
      45.267544
     ],
     [
      -122.3109421,
      45.267523
     ],
     [
      -122.3108118,
      45.2675003
     ],
     [
      -122.3106765,
      45.2674751
     ],
     [
      -122.3105348,
      45.267447
     ],
     [
      -122.3103853,
      45.2674153
     ],
     [
      -122.3102266,
      45.2673796
     ],
     [
      -122.3100538,
      45.2673387
     ],
     [
      -122.3098654,
      45.2672927
     ],
     [
      -122.309665,
      45.2672425
     ],
     [
      -122.309456,
      45.267189
     ],
     [
      -122.309242,
      45.267133
     ],
     [
      -122.3090265,
      45.2670756
     ],
     [
      -122.308813,
      45.2670176
     ],
     [
      -122.3086051,
      45.2669599
     ],
     [
      -122.3084062,
      45.2669035
     ],
     [
      -122.30822,
      45.2668492
     ],
     [
      -122.3080499,
      45.266798
     ],
     [
      -122.3078995,
      45.2667507
     ],
     [
      -122.3077698,
      45.2667079
     ],
     [
      -122.3076577,
      45.266669
     ],
     [
      -122.3075605,
      45.266633
     ],
     [
      -122.3074751,
      45.2665992
     ],
     [
      -122.3073989,
      45.2665666
     ],
     [
      -122.3073288,
      45.2665344
     ],
     [
      -122.3072622,
      45.2665017
     ],
     [
      -122.3071961,
      45.2664675
     ],
     [
      -122.3071277,
      45.2664311
     ],
     [
      -122.3070541,
      45.2663916
     ],
     [
      -122.3069725,
      45.266348
     ],
     [
      -122.3068801,
      45.2662995
     ],
     [
      -122.3067779,
      45.2662458
     ],
     [
      -122.3066698,
      45.2661874
     ],
     [
      -122.306557,
      45.2661253
     ],
     [
      -122.3064406,
      45.26606
     ],
     [
      -122.306322,
      45.2659926
     ],
     [
      -122.3062022,
      45.2659236
     ],
     [
      -122.3060826,
      45.2658539
     ],
     [
      -122.3059642,
      45.2657843
     ],
     [
      -122.3058484,
      45.2657155
     ],
     [
      -122.3057364,
      45.2656483
     ],
     [
      -122.3056293,
      45.2655835
     ],
     [
      -122.3055283,
      45.2655219
     ],
     [
      -122.3054329,
      45.2654625
     ]
    ]
   }
  }
 ]
}